,time,price,change,volume,amount,type
0,09:25:05,41.99,-0.47,62,260338,卖盘
1,09:30:04,41.0,-0.99,102,419782,卖盘
2,09:30:07,41.7,0.7,363,1517326,买盘
3,09:30:10,41.68,-0.02,6,25008,卖盘
4,09:30:13,41.7,0.02,10,41690,买盘
5,09:30:16,41.68,-0.02,2,8336,卖盘
6,09:30:19,41.68,0.0,5,20840,卖盘
7,09:30:25,41.45,-0.23,212,874933,卖盘
8,09:30:28,41.76,0.31,30,125240,买盘
9,09:30:31,41.76,0.0,51,212976,卖盘
10,09:30:34,41.76,0.0,2,8352,卖盘
11,09:30:37,41.76,0.0,25,104420,卖盘
12,09:30:40,41.85,0.09,212,887004,买盘
13,09:30:43,41.76,-0.09,118,493505,卖盘
14,09:30:46,41.98,0.22,6,25180,买盘
15,09:30:52,41.85,-0.13,25,104628,卖盘
16,09:30:55,41.77,-0.08,31,129536,卖盘
17,09:30:58,41.9,0.13,28,117193,买盘
18,09:31:01,41.9,0.0,1,4190,卖盘
19,09:31:10,41.9,0.0,21,87992,卖盘
20,09:31:13,41.97,0.07,19,79743,买盘
21,09:31:16,41.9,-0.07,3,12572,卖盘
22,09:31:19,41.8,-0.1,30,125673,卖盘
23,09:31:22,41.9,0.1,1,4190,买盘
24,09:31:25,41.9,0.0,2,8380,买盘
25,09:31:28,41.8,-0.1,6,25094,卖盘
26,09:31:34,41.81,0.01,2,8362,买盘
27,09:31:37,41.82,0.01,1,4182,中性盘
28,09:31:40,41.81,-0.01,19,79467,卖盘
29,09:31:43,41.81,0.0,73,307447,卖盘
30,09:31:46,41.81,0.0,31,129615,卖盘
31,09:31:49,41.81,0.0,20,85512,卖盘
32,09:31:52,41.81,0.0,31,129611,卖盘
33,09:31:55,41.82,0.01,5,20910,中性盘
34,09:31:58,41.81,-0.01,6,25087,卖盘
35,09:32:01,41.85,0.04,4,16736,买盘
36,09:32:05,41.81,-0.04,1,4181,卖盘
37,09:32:07,41.82,0.01,1,4182,卖盘
38,09:32:13,41.81,-0.01,13,54362,卖盘
39,09:32:16,41.81,0.0,12,50179,卖盘
40,09:32:19,41.85,0.04,94,393382,买盘
41,09:32:22,41.9,0.05,37,155020,买盘
42,09:32:25,41.9,0.0,28,117210,买盘
43,09:32:28,41.9,0.0,2,8380,买盘
44,09:32:31,41.89,-0.01,4,16756,中性盘
45,09:32:34,41.89,0.0,4,16752,买盘
46,09:32:37,41.89,0.0,38,159197,买盘
47,09:32:40,41.92,0.03,1,4192,中性盘
48,09:32:43,41.93,0.01,1,4193,中性盘
49,09:32:46,41.98,0.05,1,4198,买盘
50,09:32:49,42.0,0.02,40,167873,买盘
51,09:32:58,42.0,0.0,1,4200,卖盘
52,09:33:07,42.22,0.22,19,80191,买盘
53,09:33:19,42.22,0.0,5,21110,买盘
54,09:33:31,42.27,0.05,12,50669,买盘
55,09:33:37,42.27,0.0,9,38043,买盘
56,09:33:40,42.27,0.0,1,4227,买盘
57,09:33:46,42.28,0.01,2,8456,买盘
58,09:33:52,42.35,0.07,2,8465,买盘
59,09:33:55,42.3,-0.05,24,101596,卖盘
60,09:33:58,42.34,0.04,3,12703,卖盘
61,09:34:01,42.45,0.11,8,33879,买盘
62,09:34:10,42.44,-0.01,10,42440,买盘
63,09:34:13,42.44,0.0,15,63600,买盘
64,09:34:16,42.44,0.0,2,8488,买盘
65,09:34:19,42.44,0.0,3,12704,买盘
66,09:34:22,42.44,0.0,1,4244,买盘
67,09:34:25,42.45,0.01,2,8490,买盘
68,09:34:40,42.37,-0.08,1,4237,卖盘
69,09:34:43,42.36,-0.01,8,33894,卖盘
70,09:34:49,42.36,0.0,3,12708,买盘
71,09:34:52,42.3,-0.06,4,16920,卖盘
72,09:34:58,42.36,0.06,1,4236,买盘
73,09:35:01,42.36,0.0,12,50767,买盘
74,09:35:04,42.3,-0.06,5,21150,买盘
75,09:35:06,42.29,-0.01,22,93076,卖盘
76,09:35:10,42.29,0.0,9,38061,卖盘
77,09:35:13,42.29,0.0,6,25374,卖盘
78,09:35:16,42.29,0.0,72,304488,卖盘
79,09:35:19,42.29,0.0,1,4229,卖盘
80,09:35:22,42.35,0.06,53,224315,买盘
81,09:35:25,42.35,0.0,25,105875,卖盘
82,09:35:28,42.35,0.0,14,59297,卖盘
83,09:35:31,42.35,0.0,1,4235,卖盘
84,09:35:34,42.37,0.02,9,38130,买盘
85,09:35:43,42.42,0.05,10,42420,买盘
86,09:35:55,42.37,-0.05,72,305074,卖盘
87,09:35:58,42.36,-0.01,3,12708,买盘
88,09:36:06,42.35,-0.01,1,4235,卖盘
89,09:36:13,42.35,0.0,1,4235,卖盘
90,09:36:16,42.35,0.0,4,16940,卖盘
91,09:36:22,42.36,0.01,4,16941,买盘
92,09:36:25,42.35,-0.01,1,4235,卖盘
93,09:36:28,42.34,-0.01,51,215981,卖盘
94,09:36:40,42.3,-0.04,4,16920,卖盘
95,09:36:52,42.34,0.04,41,173594,买盘
96,09:36:55,42.34,0.0,1,4234,卖盘
97,09:37:01,42.34,0.0,20,84680,卖盘
98,09:37:05,42.35,0.01,26,110110,买盘
99,09:37:07,42.35,0.0,22,93192,卖盘
100,09:37:10,42.35,0.0,14,59295,卖盘
101,09:37:13,42.37,0.02,2,8474,买盘
102,09:37:16,42.37,0.0,75,317775,买盘
103,09:37:22,42.35,-0.02,1,4235,卖盘
104,09:37:25,42.36,0.01,1,4236,卖盘
105,09:37:34,42.37,0.01,27,114399,买盘
106,09:37:37,42.37,0.0,2,8474,卖盘
107,09:37:46,42.5,0.13,70,297227,买盘
108,09:37:52,42.5,0.0,6,25500,买盘
109,09:37:58,42.37,-0.13,19,80518,卖盘
110,09:38:01,42.5,0.13,133,564832,买盘
111,09:38:04,42.49,-0.01,2,8498,中性盘
112,09:38:07,42.49,0.0,9,38236,买盘
113,09:38:10,42.5,0.01,113,480225,买盘
114,09:38:13,42.5,0.0,5,18148,买盘
115,09:38:16,42.53,0.03,1,4253,买盘
116,09:38:19,42.5,-0.03,16,68030,卖盘
117,09:38:22,42.49,-0.01,143,610828,卖盘
118,09:38:25,42.5,0.01,5,21250,买盘
119,09:38:28,42.49,-0.01,8,33992,卖盘
120,09:38:31,42.49,0.0,12,50996,中性盘
121,09:38:34,42.49,0.0,3,12747,卖盘
122,09:38:37,42.44,-0.05,15,63725,卖盘
123,09:38:40,42.48,0.04,5,21238,买盘
124,09:38:43,42.48,0.0,2,8496,买盘
125,09:38:46,42.45,-0.03,7,29715,卖盘
126,09:38:52,42.44,-0.01,18,76411,卖盘
127,09:38:55,42.45,0.01,1,4245,卖盘
128,09:38:58,42.5,0.05,126,535386,买盘
129,09:39:01,42.45,-0.05,2,8493,卖盘
130,09:39:04,42.47,0.02,2,8494,买盘
131,09:39:10,42.48,0.01,1,4248,卖盘
132,09:39:13,42.48,0.0,1,4248,卖盘
133,09:39:16,42.48,0.0,15,63720,卖盘
134,09:39:19,42.48,0.0,10,42480,卖盘
135,09:39:25,42.44,-0.04,5,21228,卖盘
136,09:39:28,42.44,0.0,1,4244,买盘
137,09:39:34,42.5,0.06,85,357989,买盘
138,09:39:37,42.5,0.0,1,4250,卖盘
139,09:39:40,42.5,0.0,9,38250,卖盘
140,09:39:43,42.5,0.0,8,34000,卖盘
141,09:39:46,42.64,0.14,109,467173,买盘
142,09:39:49,42.49,-0.15,21,89244,卖盘
143,09:39:58,42.49,0.0,27,114723,卖盘
144,09:40:04,42.49,0.0,13,55237,卖盘
145,09:40:07,42.49,0.0,85,361165,卖盘
146,09:40:10,42.48,-0.01,10,42480,买盘
147,09:40:16,42.44,-0.04,9,38211,卖盘
148,09:40:19,42.44,0.0,5,21220,卖盘
149,09:40:34,42.49,0.05,5,21245,买盘
150,09:40:37,42.44,-0.05,3,12732,卖盘
151,09:40:40,42.5,0.06,64,271975,买盘
152,09:40:43,42.5,0.0,1,4250,卖盘
153,09:40:46,42.5,0.0,23,97750,卖盘
154,09:40:49,42.5,0.0,43,182772,卖盘
155,09:40:52,42.98,0.48,184,786262,买盘
156,09:40:55,43.28,0.3,314,1353544,买盘
157,09:41:01,42.5,-0.78,6,25510,中性盘
158,09:41:04,42.6,0.1,1,4260,买盘
159,09:41:07,42.6,0.0,22,93720,买盘
160,09:41:10,42.6,0.0,25,106461,买盘
161,09:41:13,42.6,0.0,3,12780,买盘
162,09:41:16,42.6,0.0,171,728450,买盘
163,09:41:25,42.6,0.0,43,183181,卖盘
164,09:41:28,42.6,0.0,25,106501,卖盘
165,09:41:31,42.6,0.0,19,80940,买盘
166,09:41:37,42.6,0.0,12,51118,买盘
167,09:41:40,42.6,0.0,4,17040,买盘
168,09:41:43,42.59,-0.01,3,12777,卖盘
169,09:41:46,42.6,0.01,10,42600,买盘
170,09:41:52,42.59,-0.01,1,4259,买盘
171,09:41:55,42.5,-0.09,10,42500,卖盘
172,09:41:58,42.6,0.1,3,12779,买盘
173,09:42:01,42.5,-0.1,17,72251,卖盘
174,09:42:07,42.52,0.02,1,4252,卖盘
175,09:42:13,42.52,0.0,2,8504,卖盘
176,09:42:16,42.6,0.08,13,55378,买盘
177,09:42:19,42.52,-0.08,3,12756,卖盘
178,09:42:22,42.52,0.0,5,21260,卖盘
179,09:42:25,42.6,0.08,251,1069244,买盘
180,09:42:31,42.6,0.0,8,34100,卖盘
181,09:42:34,42.68,0.08,2,8536,中性盘
182,09:42:37,42.61,-0.07,19,80959,卖盘
183,09:42:43,42.61,0.0,5,21305,卖盘
184,09:42:46,42.61,0.0,5,21305,买盘
185,09:42:49,42.61,0.0,9,38349,买盘
186,09:42:52,42.61,0.0,1,4261,买盘
187,09:42:55,42.68,0.07,7,29829,买盘
188,09:42:58,42.61,-0.07,3,12789,卖盘
189,09:43:01,42.67,0.06,23,98026,中性盘
190,09:43:04,42.68,0.01,6,25608,买盘
191,09:43:07,42.65,-0.03,6,25592,卖盘
192,09:43:13,42.67,0.02,1,4267,卖盘
193,09:43:16,42.61,-0.06,17,72437,买盘
194,09:43:19,42.68,0.07,1,4268,买盘
195,09:43:25,42.67,-0.01,1,4267,卖盘
196,09:43:28,42.68,0.01,4,17072,买盘
197,09:43:31,42.67,-0.01,1,4267,卖盘
198,09:43:34,42.68,0.01,1,4268,买盘
199,09:43:37,42.68,0.0,1,4268,卖盘
200,09:43:43,42.68,0.0,4,17072,卖盘
201,09:43:46,42.83,0.15,6,25698,买盘
202,09:43:49,42.68,-0.15,2,8536,卖盘
203,09:43:55,42.68,0.0,2,8536,卖盘
204,09:44:01,42.68,0.0,7,29876,卖盘
205,09:44:07,42.68,0.0,6,25618,卖盘
206,09:44:10,42.83,0.15,4,17132,买盘
207,09:44:13,42.82,-0.01,4,17118,卖盘
208,09:44:19,42.7,-0.12,12,51240,卖盘
209,09:44:25,42.7,0.0,78,333060,卖盘
210,09:44:28,42.82,0.12,5,21410,买盘
211,09:44:31,42.7,-0.12,101,431270,卖盘
212,09:44:34,42.7,0.0,1,4270,买盘
213,09:44:37,42.7,0.0,1,4270,买盘
214,09:44:40,42.7,0.0,20,85378,买盘
215,09:44:43,42.68,-0.02,3,12790,中性盘
216,09:44:49,42.7,0.02,24,102421,买盘
217,09:44:55,42.68,-0.02,2,8536,卖盘
218,09:45:01,42.68,0.0,57,243276,卖盘
219,09:45:04,42.68,0.0,5,21340,卖盘
220,09:45:07,42.68,0.0,48,204864,卖盘
221,09:45:10,42.68,0.0,5,21340,买盘
222,09:45:13,42.63,-0.05,15,63965,卖盘
223,09:45:16,42.65,0.02,15,63975,卖盘
224,09:45:19,42.65,0.0,3,12799,卖盘
225,09:45:22,42.65,0.0,5,21321,买盘
226,09:45:31,42.63,-0.02,3,12789,卖盘
227,09:45:37,42.68,0.05,83,354157,买盘
228,09:45:40,42.68,0.0,4,17072,卖盘
229,09:45:43,42.69,0.01,3,12806,买盘
230,09:45:46,42.68,-0.01,48,204866,卖盘
231,09:45:49,42.68,0.0,3,12804,买盘
232,09:45:55,42.67,-0.01,4,17068,卖盘
233,09:45:58,42.68,0.01,18,76815,买盘
234,09:46:01,42.67,-0.01,5,21339,中性盘
235,09:46:07,42.68,0.01,24,102411,买盘
236,09:46:10,42.69,0.01,15,64023,买盘
237,09:46:13,42.63,-0.06,5,21346,卖盘
238,09:46:16,42.63,0.0,1,4263,买盘
239,09:46:19,42.7,0.07,2,8545,中性盘
240,09:46:22,42.75,0.05,3,12825,买盘
241,09:46:25,42.74,-0.01,2,8550,中性盘
242,09:46:28,42.74,0.0,1,4274,买盘
243,09:46:31,42.7,-0.04,11,46976,卖盘
244,09:46:34,42.79,0.09,2,8555,买盘
245,09:46:37,42.7,-0.09,11,47006,卖盘
246,09:46:40,42.79,0.09,1,4279,买盘
247,09:46:43,42.76,-0.03,2,8552,卖盘
248,09:46:46,42.76,0.0,2,8552,买盘
249,09:46:49,42.7,-0.06,15,64093,卖盘
250,09:46:55,42.71,0.01,30,128130,买盘
251,09:46:58,42.76,0.05,13,55533,买盘
252,09:47:01,42.7,-0.06,78,333072,卖盘
253,09:47:04,42.76,0.06,1,4276,买盘
254,09:47:07,42.76,0.0,6,25656,买盘
255,09:47:10,42.76,0.0,5,21378,买盘
256,09:47:13,42.7,-0.06,61,260476,卖盘
257,09:47:16,42.7,0.0,10,42684,买盘
258,09:47:19,42.7,0.0,3,12810,买盘
259,09:47:25,42.68,-0.02,16,68288,卖盘
260,09:47:28,42.68,0.0,16,68288,卖盘
261,09:47:31,42.68,0.0,3,12804,买盘
262,09:47:37,42.6,-0.08,8,34096,卖盘
263,09:47:40,42.7,0.1,360,1537137,买盘
264,09:47:43,42.7,0.0,25,106678,买盘
265,09:47:46,42.7,0.0,3,12810,买盘
266,09:47:49,42.7,0.0,36,153698,买盘
267,09:47:55,42.83,0.13,15,64153,买盘
268,09:47:58,42.83,0.0,7,29981,买盘
269,09:48:01,42.75,-0.08,16,68350,中性盘
270,09:48:04,42.82,0.07,1,4282,买盘
271,09:48:07,42.7,-0.12,160,683390,卖盘
272,09:48:10,42.82,0.12,4,17128,买盘
273,09:48:19,42.8,-0.02,96,409940,买盘
274,09:48:25,42.7,-0.1,101,431270,卖盘
275,09:48:28,42.7,0.0,20,85400,买盘
276,09:48:31,42.7,0.0,8,34120,买盘
277,09:48:37,42.6,-0.1,12,51128,卖盘
278,09:48:43,42.6,0.0,15,63868,中性盘
279,09:48:49,42.65,0.05,12,51180,卖盘
280,09:48:55,42.65,0.0,90,383850,卖盘
281,09:49:01,42.65,0.0,37,157805,卖盘
282,09:49:10,42.6,-0.05,1,4260,卖盘
283,09:49:16,42.65,0.05,3,12789,买盘
284,09:49:19,42.59,-0.06,7,29795,中性盘
285,09:49:25,42.56,-0.03,6,25538,卖盘
286,09:49:31,42.59,0.03,5,21295,卖盘
287,09:49:40,42.6,0.01,18,76669,买盘
288,09:49:43,42.56,-0.04,1,4256,卖盘
289,09:49:52,42.6,0.04,22,93619,买盘
290,09:49:55,42.52,-0.08,1,4252,卖盘
291,09:50:01,42.6,0.08,30,127776,买盘
292,09:50:04,42.6,0.0,2,8520,买盘
293,09:50:07,42.65,0.05,6,25568,买盘
294,09:50:13,42.59,-0.06,8,34072,卖盘
295,09:50:16,42.59,0.0,2,8518,卖盘
296,09:50:19,42.59,0.0,19,80921,卖盘
297,09:50:28,42.52,-0.07,4,17008,卖盘
298,09:50:31,42.52,0.0,8,34016,买盘
299,09:50:34,42.52,0.0,5,21260,买盘
300,09:50:37,42.52,0.0,74,314638,买盘
301,09:50:40,42.52,0.0,2,8504,买盘
302,09:50:43,42.51,-0.01,10,42510,卖盘
303,09:50:46,42.5,-0.01,88,374124,卖盘
304,09:50:52,42.51,0.01,22,93534,买盘
305,09:50:55,42.5,-0.01,13,55250,卖盘
306,09:50:58,42.52,0.02,18,76520,买盘
307,09:51:01,42.5,-0.02,16,68000,卖盘
308,09:51:04,42.5,0.0,8,34000,买盘
309,09:51:07,42.5,0.0,11,46747,买盘
310,09:51:10,42.46,-0.04,3,12738,卖盘
311,09:51:22,42.46,0.0,2,8492,买盘
312,09:51:25,42.44,-0.02,4,16980,卖盘
313,09:51:28,42.44,0.0,3,12732,买盘
314,09:51:31,42.44,0.0,8,33952,卖盘
315,09:51:34,42.44,0.0,3,12732,卖盘
316,09:51:37,42.45,0.01,8,33953,买盘
317,09:51:40,42.44,-0.01,8,33952,卖盘
318,09:51:46,42.52,0.08,156,663083,买盘
319,09:51:52,42.57,0.05,8,34056,中性盘
320,09:51:55,42.52,-0.05,57,242367,卖盘
321,09:52:01,42.65,0.13,13,55438,买盘
322,09:52:07,42.53,-0.12,68,289296,中性盘
323,09:52:13,42.53,0.0,15,63795,卖盘
324,09:52:16,42.53,0.0,2,8506,卖盘
325,09:52:19,42.53,0.0,38,161614,卖盘
326,09:52:22,42.53,0.0,3,12759,卖盘
327,09:52:25,42.53,0.0,12,51036,卖盘
328,09:52:31,42.59,0.06,1,4259,买盘
329,09:52:40,42.59,0.0,6,25554,卖盘
330,09:52:58,42.59,0.0,1,4259,卖盘
331,09:53:01,42.59,0.0,10,42590,卖盘
332,09:53:07,42.59,0.0,4,17036,卖盘
333,09:53:16,42.59,0.0,2,8518,卖盘
334,09:53:19,42.59,0.0,2,8518,卖盘
335,09:53:34,42.6,0.01,1,4260,买盘
336,09:53:43,42.6,0.0,39,166140,买盘
337,09:53:46,42.6,0.0,10,42600,卖盘
338,09:53:49,42.63,0.03,7,29838,买盘
339,09:53:52,42.63,0.0,1,4263,买盘
340,09:53:55,42.63,0.0,1,4263,买盘
341,09:53:58,42.63,0.0,1,4263,买盘
342,09:54:04,42.63,0.0,1,4263,买盘
343,09:54:10,42.63,0.0,1,4263,卖盘
344,09:54:13,42.63,0.0,2,8526,买盘
345,09:54:22,42.65,0.02,20,85293,买盘
346,09:54:25,42.65,0.0,23,98095,买盘
347,09:54:31,42.65,0.0,4,17059,买盘
348,09:54:37,42.65,0.0,6,25590,买盘
349,09:54:40,42.65,0.0,4,17060,买盘
350,09:54:43,42.65,0.0,36,153540,买盘
351,09:54:52,42.89,0.24,36,154270,买盘
352,09:54:55,42.9,0.01,4,17135,买盘
353,09:54:58,42.64,-0.26,17,72495,卖盘
354,09:55:04,42.9,0.26,2,8580,买盘
355,09:55:16,42.97,0.07,10,42907,买盘
356,09:55:28,43.0,0.03,53,227884,买盘
357,09:55:31,43.0,0.0,3,12903,卖盘
358,09:55:34,43.0,0.0,11,47300,卖盘
359,09:55:40,43.08,0.08,2,8608,买盘
360,09:55:43,43.0,-0.08,83,356977,卖盘
361,09:55:46,43.0,0.0,3,12900,买盘
362,09:55:49,43.0,0.0,2,8600,买盘
363,09:55:52,43.0,0.0,2,8600,买盘
364,09:55:55,42.99,-0.01,18,77389,中性盘
365,09:55:58,43.0,0.01,65,279348,买盘
366,09:56:01,43.0,0.0,10,43000,卖盘
367,09:56:07,43.0,0.0,1,4300,卖盘
368,09:56:10,43.0,0.0,10,43000,卖盘
369,09:56:13,43.09,0.09,20,86157,买盘
370,09:56:16,43.0,-0.09,8,34427,卖盘
371,09:56:19,43.0,0.0,3,12900,卖盘
372,09:56:22,43.05,0.05,34,146229,中性盘
373,09:56:25,43.05,0.0,4,17226,卖盘
374,09:56:27,43.05,0.0,6,25833,卖盘
375,09:56:31,43.08,0.03,8,34461,买盘
376,09:56:34,43.06,-0.02,12,51676,卖盘
377,09:56:37,43.05,-0.01,38,163601,卖盘
378,09:56:40,43.05,0.0,103,443439,卖盘
379,09:56:43,43.05,0.0,1,4305,买盘
380,09:56:46,43.02,-0.03,1,4302,卖盘
381,09:56:48,43.0,-0.02,1,4300,卖盘
382,09:56:52,43.02,0.02,2,8604,买盘
383,09:56:55,43.04,0.02,5,21520,买盘
384,09:57:01,43.0,-0.04,1,4300,卖盘
385,09:57:04,43.0,0.0,8,34406,卖盘
386,09:57:13,43.0,0.0,3,12900,买盘
387,09:57:16,43.02,0.02,4,17206,买盘
388,09:57:19,42.97,-0.05,5,21485,卖盘
389,09:57:25,43.0,0.03,3,12900,卖盘
390,09:57:28,43.0,0.0,18,77400,卖盘
391,09:57:31,43.0,0.0,1,4300,卖盘
392,09:57:34,43.0,0.0,23,98900,卖盘
393,09:57:46,42.97,-0.03,17,73085,卖盘
394,09:57:49,43.01,0.04,10,43001,买盘
395,09:57:52,43.01,0.0,1,4301,买盘
396,09:58:01,43.0,-0.01,4,17200,卖盘
397,09:58:04,43.01,0.01,5,21505,买盘
398,09:58:07,43.0,-0.01,11,47300,卖盘
399,09:58:10,42.97,-0.03,11,47279,卖盘
400,09:58:13,43.04,0.07,120,516159,买盘
401,09:58:16,43.04,0.0,8,34432,卖盘
402,09:58:19,42.97,-0.07,50,214901,卖盘
403,09:58:22,42.97,0.0,1,4297,卖盘
404,09:58:25,43.0,0.03,1,4300,买盘
405,09:58:28,42.97,-0.03,1,4297,卖盘
406,09:58:31,42.97,0.0,10,42970,卖盘
407,09:58:34,43.0,0.03,1,4300,买盘
408,09:58:39,42.97,-0.03,2,8594,卖盘
409,09:58:52,43.0,0.03,11,47297,买盘
410,09:58:55,43.0,0.0,2,8600,买盘
411,09:58:58,42.98,-0.02,1,4298,卖盘
412,09:59:01,42.98,0.0,1,4298,卖盘
413,09:59:13,42.97,-0.01,35,150424,卖盘
414,09:59:16,42.97,0.0,1,4297,买盘
415,09:59:28,42.91,-0.06,2,8582,卖盘
416,09:59:37,42.92,0.01,19,81552,卖盘
417,09:59:40,42.92,0.0,5,21460,卖盘
418,09:59:46,42.92,0.0,20,85840,卖盘
419,09:59:52,42.92,0.0,56,240358,卖盘
420,09:59:55,42.92,0.0,2,8584,卖盘
421,09:59:58,42.94,0.02,31,133054,买盘
422,10:00:16,42.94,0.0,2,8588,买盘
423,10:00:19,42.92,-0.02,11,47212,卖盘
424,10:00:37,42.93,0.01,6,25766,卖盘
425,10:00:43,42.92,-0.01,1,4292,卖盘
426,10:00:46,42.96,0.04,4,17184,买盘
427,10:00:52,42.92,-0.04,5,21460,卖盘
428,10:00:58,42.96,0.04,9,38664,买盘
429,10:01:01,42.92,-0.04,2,8584,卖盘
430,10:01:07,42.92,0.0,6,25767,卖盘
431,10:01:16,42.92,0.0,13,55805,卖盘
432,10:01:19,42.96,0.04,9,38664,买盘
433,10:01:31,42.96,0.0,2,5284,卖盘
434,10:01:43,43.0,0.04,372,1599503,买盘
435,10:01:49,43.05,0.05,8,34429,买盘
436,10:01:55,43.05,0.0,17,73185,买盘
437,10:01:58,43.05,0.0,26,111930,买盘
438,10:02:04,43.04,-0.01,1,4304,买盘
439,10:02:07,43.03,-0.01,11,47347,卖盘
440,10:02:10,43.03,0.0,8,34434,卖盘
441,10:02:13,43.03,0.0,2,8607,卖盘
442,10:02:16,43.03,0.0,25,107575,卖盘
443,10:02:21,43.03,0.0,1,4303,买盘
444,10:02:25,43.03,0.0,20,86058,买盘
445,10:02:37,43.0,-0.03,2,8600,卖盘
446,10:02:52,43.0,0.0,38,163400,卖盘
447,10:03:13,42.98,-0.02,5,24842,卖盘
448,10:03:19,42.96,-0.02,20,85940,卖盘
449,10:03:28,42.96,0.0,20,85920,卖盘
450,10:03:36,42.96,0.0,16,68737,卖盘
451,10:03:40,42.98,0.02,1,4298,买盘
452,10:03:48,43.0,0.02,39,167616,买盘
453,10:03:58,42.96,-0.04,19,81624,卖盘
454,10:04:06,42.96,0.0,22,94512,卖盘
455,10:04:19,42.96,0.0,19,81624,卖盘
456,10:04:28,42.96,0.0,16,68736,卖盘
457,10:04:34,42.96,0.0,1,4296,卖盘
458,10:04:37,42.92,-0.04,7,30013,卖盘
459,10:04:46,42.91,-0.01,2,8582,卖盘
460,10:04:49,42.9,-0.01,1,4290,卖盘
461,10:05:01,42.86,-0.04,5,21430,卖盘
462,10:05:04,42.86,0.0,6,25716,卖盘
463,10:05:07,42.86,0.0,2,8572,买盘
464,10:05:10,42.86,0.0,13,55718,卖盘
465,10:05:16,42.86,0.0,4,17144,卖盘
466,10:05:33,42.8,-0.06,21,89880,卖盘
467,10:05:40,42.88,0.08,26,111300,买盘
468,10:05:43,42.88,0.0,8,34304,卖盘
469,10:05:55,42.88,0.0,8,34304,卖盘
470,10:05:57,42.88,0.0,3,12864,卖盘
471,10:06:00,42.88,0.0,1,4288,卖盘
472,10:06:07,42.88,0.0,17,72896,卖盘
473,10:06:10,42.89,0.01,1,4289,买盘
474,10:06:15,42.88,-0.01,4,17152,卖盘
475,10:06:18,42.88,0.0,5,21440,卖盘
476,10:06:25,42.88,0.0,1,4288,卖盘
477,10:06:28,42.89,0.01,3,12866,买盘
478,10:06:30,42.88,-0.01,3,12864,卖盘
479,10:06:37,42.88,0.0,5,21440,卖盘
480,10:06:45,42.88,0.0,1,4288,卖盘
481,10:07:01,42.88,0.0,1,4288,卖盘
482,10:07:07,42.88,0.0,4,17155,卖盘
483,10:07:10,42.88,0.0,50,214400,卖盘
484,10:07:25,42.91,0.03,58,248813,买盘
485,10:07:31,42.92,0.01,5,21460,卖盘
486,10:07:40,42.92,0.0,23,98726,卖盘
487,10:07:43,42.95,0.03,1,4295,买盘
488,10:07:46,42.93,-0.02,5,21473,卖盘
489,10:07:52,42.92,-0.01,20,85858,卖盘
490,10:08:01,42.92,0.0,23,98727,卖盘
491,10:08:10,43.0,0.08,83,356886,买盘
492,10:08:16,43.0,0.0,2,8600,卖盘
493,10:08:22,43.0,0.0,18,77400,卖盘
494,10:08:31,43.0,0.0,30,129046,卖盘
495,10:08:40,43.05,0.05,36,154968,买盘
496,10:08:43,43.05,0.0,10,43050,卖盘
497,10:08:46,43.05,0.0,3,12915,卖盘
498,10:08:51,43.05,0.0,24,103320,卖盘
499,10:08:58,43.09,0.04,13,56010,买盘
500,10:09:01,43.05,-0.04,24,103320,卖盘
501,10:09:04,43.05,0.0,5,21525,卖盘
502,10:09:10,43.05,0.0,18,77515,卖盘
503,10:09:16,43.05,0.0,1,4305,卖盘
504,10:09:22,43.05,0.0,21,90405,卖盘
505,10:09:25,43.05,0.0,5,21525,卖盘
506,10:09:31,43.05,0.0,2,8610,卖盘
507,10:09:34,43.06,0.01,6,25836,卖盘
508,10:09:37,43.06,0.0,1,4306,卖盘
509,10:09:40,43.07,0.01,4,17228,买盘
510,10:09:43,43.05,-0.02,17,73196,卖盘
511,10:09:46,43.06,0.01,1,4306,买盘
512,10:09:52,43.05,-0.01,20,86100,卖盘
513,10:10:00,43.05,0.0,24,103320,卖盘
514,10:10:10,43.05,0.0,9,38745,卖盘
515,10:10:12,43.05,0.0,30,129150,卖盘
516,10:10:16,43.05,0.0,4,17220,卖盘
517,10:10:22,43.05,0.0,19,81795,卖盘
518,10:10:24,43.06,0.01,12,51662,买盘
519,10:10:28,43.05,-0.01,2,8610,卖盘
520,10:10:31,43.05,0.0,26,111930,卖盘
521,10:10:34,43.05,0.0,1,4305,卖盘
522,10:10:43,43.05,0.0,38,163591,卖盘
523,10:10:46,43.05,0.0,1,4305,卖盘
524,10:10:49,43.05,0.0,9,38745,卖盘
525,10:10:52,43.06,0.01,82,353062,买盘
526,10:10:58,43.06,0.0,7,30142,卖盘
527,10:11:01,43.07,0.01,21,90427,买盘
528,10:11:04,43.06,-0.01,18,77508,卖盘
529,10:11:10,43.07,0.01,5,21535,买盘
530,10:11:13,43.06,-0.01,25,107650,卖盘
531,10:11:16,43.06,0.0,26,111956,卖盘
532,10:11:19,43.06,0.0,53,228220,卖盘
533,10:11:25,43.06,0.0,3,12918,卖盘
534,10:11:31,43.08,0.02,121,521200,买盘
535,10:11:34,43.0,-0.08,7,30100,卖盘
536,10:11:43,42.99,-0.01,18,77253,中性盘
537,10:11:46,43.08,0.09,157,675186,买盘
538,10:11:52,43.08,0.0,24,103392,卖盘
539,10:11:55,43.08,0.0,1,4308,卖盘
540,10:11:58,43.08,0.0,11,47390,卖盘
541,10:12:01,43.08,0.0,39,168012,卖盘
542,10:12:04,42.9,-0.18,22,94722,卖盘
543,10:12:16,42.9,0.0,27,115821,买盘
544,10:12:25,43.0,0.1,21,90300,卖盘
545,10:12:28,43.09,0.09,111,478197,买盘
546,10:12:31,43.09,0.0,12,51708,卖盘
547,10:12:34,43.0,-0.09,19,81844,卖盘
548,10:12:37,43.09,0.09,5,21533,买盘
549,10:12:43,42.9,-0.19,16,68690,卖盘
550,10:12:46,43.0,0.1,1,4300,中性盘
551,10:13:01,42.9,-0.1,14,60060,卖盘
552,10:13:07,42.9,0.0,1,4290,卖盘
553,10:13:13,42.9,0.0,5,21470,卖盘
554,10:13:16,42.9,0.0,2,8580,卖盘
555,10:13:31,42.9,0.0,1,4290,卖盘
556,10:13:43,42.99,0.09,13,55886,买盘
557,10:13:55,42.9,-0.09,17,72994,卖盘
558,10:14:07,42.9,0.0,5,21450,卖盘
559,10:14:16,42.91,0.01,1,4291,卖盘
560,10:14:19,42.95,0.04,10,42950,买盘
561,10:14:25,42.98,0.03,27,115934,买盘
562,10:14:31,42.98,0.0,1,4298,卖盘
563,10:14:34,42.91,-0.07,13,55832,卖盘
564,10:14:43,42.98,0.07,16,68768,卖盘
565,10:14:46,42.98,0.0,7,30086,中性盘
566,10:14:52,42.9,-0.08,238,1021038,卖盘
567,10:14:58,42.9,0.0,1,4290,买盘
568,10:15:01,42.9,0.0,5,21450,买盘
569,10:15:10,42.8,-0.1,19,81327,卖盘
570,10:15:13,42.9,0.1,230,985300,买盘
571,10:15:31,42.85,-0.05,38,162825,买盘
572,10:15:34,42.85,0.0,19,81405,买盘
573,10:15:37,42.85,0.0,23,98555,买盘
574,10:15:40,42.85,0.0,16,68560,买盘
575,10:15:43,42.85,0.0,3,12855,买盘
576,10:15:49,42.72,-0.13,1,4272,买盘
577,10:15:52,42.71,-0.01,21,89694,卖盘
578,10:15:55,42.71,0.0,17,72617,卖盘
579,10:16:01,42.71,0.0,4,17084,买盘
580,10:16:10,42.71,0.0,1,4271,买盘
581,10:16:13,42.71,0.0,1,4271,买盘
582,10:16:19,42.71,0.0,10,42710,买盘
583,10:16:28,42.71,0.0,26,111040,买盘
584,10:16:46,42.8,0.09,38,162505,买盘
585,10:18:01,42.79,-0.01,6,25674,买盘
586,10:18:37,42.79,0.0,2,8558,买盘
587,10:18:40,42.85,0.06,131,560725,买盘
588,10:18:46,42.85,0.0,1,4285,买盘
589,10:19:01,42.85,0.0,18,77130,买盘
590,10:19:07,42.85,0.0,6,25710,买盘
591,10:19:10,42.85,0.0,1,4285,买盘
592,10:19:18,42.85,0.0,2,8570,买盘
593,10:19:22,42.84,-0.01,4,17136,卖盘
594,10:19:31,42.85,0.01,2,8570,买盘
595,10:19:37,42.84,-0.01,2,8569,卖盘
596,10:19:55,42.84,0.0,2,8568,卖盘
597,10:20:01,42.85,0.01,3,12855,买盘
598,10:20:05,42.84,-0.01,1,4284,卖盘
599,10:20:10,42.85,0.01,19,81415,买盘
600,10:20:46,42.89,0.04,22,94286,买盘
601,10:20:55,42.85,-0.04,15,64275,卖盘
602,10:21:07,42.85,0.0,5,21421,买盘
603,10:21:13,42.9,0.05,189,810565,买盘
604,10:21:16,42.9,0.0,44,188760,卖盘
605,10:21:46,42.87,-0.03,8,34296,卖盘
606,10:22:07,42.84,-0.03,10,42840,卖盘
607,10:22:10,42.87,0.03,137,587306,买盘
608,10:22:13,42.87,0.0,1,4287,卖盘
609,10:22:16,42.88,0.01,1,4288,买盘
610,10:22:19,42.87,-0.01,5,21436,卖盘
611,10:22:28,42.88,0.01,1,4288,卖盘
612,10:22:34,42.89,0.01,19,81491,买盘
613,10:23:07,42.89,0.0,1,4289,卖盘
614,10:23:46,42.9,0.01,6,25740,买盘
615,10:23:49,42.9,0.0,1,4290,买盘
616,10:24:01,42.87,-0.03,122,523080,卖盘
617,10:24:07,42.87,0.0,1,4287,卖盘
618,10:24:22,42.89,0.02,20,85780,买盘
619,10:24:28,42.87,-0.02,13,55731,卖盘
620,10:24:31,42.88,0.01,1,4288,中性盘
621,10:24:54,42.88,0.0,2,8576,卖盘
622,10:24:58,42.88,0.0,1,4288,卖盘
623,10:25:01,42.89,0.01,1,4289,买盘
624,10:25:04,42.89,0.0,19,81491,买盘
625,10:25:07,42.88,-0.01,1,4288,卖盘
626,10:25:10,42.89,0.01,2,8578,买盘
627,10:25:13,42.88,-0.01,13,55744,卖盘
628,10:25:25,42.88,0.0,1,4288,卖盘
629,10:25:31,42.88,0.0,10,42880,卖盘
630,10:25:33,42.88,0.0,1,4288,卖盘
631,10:25:54,42.88,0.0,24,102912,卖盘
632,10:26:07,42.87,-0.01,1,4287,卖盘
633,10:26:13,42.87,0.0,1,4287,卖盘
634,10:26:19,42.87,0.0,11,47157,卖盘
635,10:26:27,42.87,0.0,1,4287,卖盘
636,10:26:34,42.85,-0.02,5,21425,卖盘
637,10:26:49,42.8,-0.05,26,111280,卖盘
638,10:27:04,42.8,0.0,3,12840,卖盘
639,10:28:04,42.71,-0.09,50,213581,卖盘
640,10:28:13,42.79,0.08,2,8558,买盘
641,10:28:28,42.8,0.01,2,8560,买盘
642,10:28:33,42.71,-0.09,6,25626,卖盘
643,10:29:07,42.71,0.0,1,4271,卖盘
644,10:29:34,42.71,0.0,3,12813,卖盘
645,10:29:58,42.71,0.0,3,12815,卖盘
646,10:30:13,42.79,0.08,1,4279,买盘
647,10:30:16,42.79,0.0,1,4279,买盘
648,10:30:25,42.8,0.01,1,4280,买盘
649,10:30:31,42.8,0.0,1,4280,买盘
650,10:30:40,42.76,-0.04,3,12828,卖盘
651,10:30:43,42.76,0.0,4,17104,卖盘
652,10:30:46,42.8,0.04,1,4280,买盘
653,10:30:49,42.76,-0.04,1,4276,卖盘
654,10:30:52,42.8,0.04,9,38508,买盘
655,10:30:55,42.8,0.0,15,64129,买盘
656,10:31:04,42.76,-0.04,1,4276,卖盘
657,10:31:07,42.78,0.02,8,34224,买盘
658,10:31:15,42.78,0.0,1,4278,买盘
659,10:31:21,42.76,-0.02,4,17104,卖盘
660,10:31:28,42.78,0.02,2,8556,买盘
661,10:31:37,42.78,0.0,1,4278,买盘
662,10:31:43,42.77,-0.01,2,8554,卖盘
663,10:31:46,42.78,0.01,2,8555,买盘
664,10:31:51,42.77,-0.01,14,59878,卖盘
665,10:31:57,42.79,0.02,1,4279,买盘
666,10:32:07,42.77,-0.02,6,25676,卖盘
667,10:32:27,42.79,0.02,4,17118,卖盘
668,10:32:43,42.79,0.0,5,21395,卖盘
669,10:32:46,42.8,0.01,1,4280,买盘
670,10:32:49,42.79,-0.01,4,17116,卖盘
671,10:32:52,42.8,0.01,1,4280,买盘
672,10:32:55,42.79,-0.01,1,4279,卖盘
673,10:32:58,42.79,0.0,2,8559,卖盘
674,10:33:04,42.8,0.01,6,25680,买盘
675,10:33:07,42.79,-0.01,3,12839,卖盘
676,10:33:16,42.8,0.01,26,111270,买盘
677,10:33:27,42.77,-0.03,11,47067,卖盘
678,10:33:45,42.8,0.03,3,12839,买盘
679,10:33:55,42.77,-0.03,21,89817,卖盘
680,10:34:01,42.77,0.0,7,29939,卖盘
681,10:34:07,42.79,0.02,7,29945,买盘
682,10:34:16,42.79,0.0,2,8556,买盘
683,10:34:28,42.79,0.0,3,12837,买盘
684,10:34:46,42.77,-0.02,1,4277,买盘
685,10:35:28,42.76,-0.01,20,85520,卖盘
686,10:35:46,42.78,0.02,6,25664,买盘
687,10:35:54,42.76,-0.02,3,12828,卖盘
688,10:35:58,42.78,0.02,2,8556,买盘
689,10:36:07,42.78,0.0,1,4278,买盘
690,10:36:13,42.8,0.02,6,25674,买盘
691,10:36:16,42.77,-0.03,2,8554,卖盘
692,10:36:21,42.79,0.02,1,4279,卖盘
693,10:36:28,42.79,0.0,1,4279,买盘
694,10:36:37,42.79,0.0,2,8558,买盘
695,10:36:46,42.79,0.0,3,12837,买盘
696,10:36:49,42.79,0.0,3,12837,买盘
697,10:36:52,42.78,-0.01,21,89876,卖盘
698,10:36:57,42.8,0.02,2,8560,买盘
699,10:37:04,42.8,0.0,10,42800,买盘
700,10:37:07,42.86,0.06,6,25698,买盘
701,10:37:19,42.86,0.0,6,25716,买盘
702,10:37:37,42.86,0.0,19,81332,买盘
703,10:37:43,42.85,-0.01,1,4285,买盘
704,10:37:48,42.85,0.0,2,8570,买盘
705,10:37:51,42.81,-0.04,5,21405,卖盘
706,10:37:57,42.86,0.05,6,25711,买盘
707,10:38:07,42.81,-0.05,22,94201,卖盘
708,10:38:18,42.81,0.0,7,29967,买盘
709,10:38:21,42.8,-0.01,27,115560,卖盘
710,10:38:27,42.81,0.01,2,8562,买盘
711,10:38:34,42.86,0.05,14,59999,买盘
712,10:38:37,42.86,0.0,12,51397,买盘
713,10:38:40,42.81,-0.05,5,21425,卖盘
714,10:38:49,42.86,0.05,13,55734,卖盘
715,10:38:52,42.81,-0.05,25,107025,卖盘
716,10:38:58,42.81,0.0,11,47095,卖盘
717,10:39:07,42.8,-0.01,11,47080,买盘
718,10:39:10,42.8,0.0,18,77040,买盘
719,10:39:13,42.8,0.0,10,42800,买盘
720,10:39:18,42.81,0.01,1,4281,买盘
721,10:39:22,42.81,0.0,14,59934,卖盘
722,10:39:28,42.85,0.04,3,12855,买盘
723,10:39:37,42.85,0.0,19,81359,买盘
724,10:39:48,42.85,0.0,6,25710,买盘
725,10:39:52,42.81,-0.04,41,175521,卖盘
726,10:39:58,42.81,0.0,5,21405,卖盘
727,10:40:01,42.81,0.0,2,8562,卖盘
728,10:40:07,42.88,0.07,31,132785,买盘
729,10:40:19,42.8,-0.08,19,81439,卖盘
730,10:40:22,42.8,0.0,10,42800,买盘
731,10:40:28,42.79,-0.01,7,29953,卖盘
732,10:40:34,42.79,0.0,3,12837,买盘
733,10:40:36,42.8,0.01,5,21399,买盘
734,10:40:49,42.8,0.0,1,4280,买盘
735,10:40:52,42.76,-0.04,1,4276,卖盘
736,10:40:58,42.8,0.04,2,8560,买盘
737,10:41:18,42.8,0.0,11,47050,买盘
738,10:41:37,42.8,0.0,3,12840,买盘
739,10:41:49,42.8,0.0,1,4280,买盘
740,10:41:51,42.8,0.0,12,51360,买盘
741,10:41:58,42.8,0.0,2,8560,卖盘
742,10:42:01,42.8,0.0,6,25680,卖盘
743,10:42:07,42.88,0.08,10,42832,买盘
744,10:42:19,42.88,0.0,5,21440,买盘
745,10:42:22,42.8,-0.08,19,81320,卖盘
746,10:42:36,42.8,0.0,19,81320,卖盘
747,10:42:40,42.8,0.0,8,34290,卖盘
748,10:42:49,42.88,0.08,6,25728,买盘
749,10:42:51,42.8,-0.08,7,29960,卖盘
750,10:42:57,42.88,0.08,4,17152,买盘
751,10:43:07,42.81,-0.07,4,17124,卖盘
752,10:43:09,42.88,0.07,2,8576,买盘
753,10:43:19,42.88,0.0,3,12864,买盘
754,10:43:22,42.81,-0.07,10,42810,卖盘
755,10:43:27,42.88,0.07,3,12864,买盘
756,10:43:37,42.81,-0.07,24,102744,卖盘
757,10:43:40,42.89,0.08,4,17154,买盘
758,10:43:48,42.89,0.0,7,30018,买盘
759,10:43:52,42.81,-0.08,11,47091,卖盘
760,10:43:58,42.89,0.08,4,17156,买盘
761,10:44:04,42.89,0.0,1,4289,买盘
762,10:44:07,42.81,-0.08,2,8562,卖盘
763,10:44:10,42.81,0.0,3,12843,买盘
764,10:44:18,42.89,0.08,3,12867,买盘
765,10:44:37,42.8,-0.09,7,29960,卖盘
766,10:44:40,42.89,0.09,1,4289,买盘
767,10:44:52,42.8,-0.09,19,81320,卖盘
768,10:44:58,42.87,0.07,2,8574,买盘
769,10:45:01,42.87,0.0,5,21435,买盘
770,10:45:07,42.81,-0.06,9,38529,卖盘
771,10:45:10,42.87,0.06,6,25718,买盘
772,10:45:19,42.87,0.0,6,25722,买盘
773,10:45:22,42.81,-0.06,2,8562,卖盘
774,10:45:28,42.87,0.06,3,12849,买盘
775,10:45:31,42.8,-0.07,5,21400,卖盘
776,10:45:40,42.8,0.0,1,4280,买盘
777,10:45:49,42.8,0.0,2,8560,买盘
778,10:45:52,42.78,-0.02,3,12834,卖盘
779,10:45:55,42.8,0.02,2,8560,买盘
780,10:45:58,42.8,0.0,2,8560,买盘
781,10:46:01,42.8,0.0,14,59920,买盘
782,10:46:04,42.8,0.0,10,42800,买盘
783,10:46:06,42.8,0.0,4,17120,买盘
784,10:46:09,42.86,0.06,5,21418,买盘
785,10:46:18,42.86,0.0,6,25716,买盘
786,10:46:27,42.86,0.0,2,8572,买盘
787,10:46:40,42.85,-0.01,17,72845,买盘
788,10:46:49,42.85,0.0,5,21425,买盘
789,10:47:07,42.8,-0.05,4,17120,卖盘
790,10:47:10,42.85,0.05,1,4285,买盘
791,10:47:19,42.85,0.0,1,4285,买盘
792,10:47:22,42.82,-0.03,5,21410,卖盘
793,10:47:31,42.82,0.0,3,12849,卖盘
794,10:47:36,42.85,0.03,24,102828,买盘
795,10:47:39,42.85,0.0,4,17140,买盘
796,10:47:49,42.85,0.0,8,34280,买盘
797,10:47:52,42.82,-0.03,1,4282,卖盘
798,10:48:01,42.84,0.02,3,12850,买盘
799,10:48:06,42.8,-0.04,18,77040,卖盘
800,10:48:09,42.84,0.04,1,4284,买盘
801,10:48:19,42.85,0.01,6,25709,买盘
802,10:48:22,42.8,-0.05,8,34240,卖盘
803,10:48:30,42.85,0.05,4,17140,买盘
804,10:48:37,42.8,-0.05,18,77040,卖盘
805,10:48:40,42.85,0.05,1,4285,买盘
806,10:48:49,42.86,0.01,8,34256,买盘
807,10:48:52,42.8,-0.06,3,12840,中性盘
808,10:49:00,42.86,0.06,3,12852,买盘
809,10:49:04,42.79,-0.07,8,34232,卖盘
810,10:49:10,42.79,0.0,1,4279,买盘
811,10:49:19,42.85,0.06,3,12849,买盘
812,10:49:31,42.85,0.0,1,4285,买盘
813,10:49:49,42.85,0.0,1,4285,买盘
814,10:50:01,42.85,0.0,3,12855,买盘
815,10:50:07,42.85,0.0,3,12855,买盘
816,10:50:10,42.85,0.0,1,4285,买盘
817,10:50:19,42.85,0.0,1,4285,买盘
818,10:50:52,42.81,-0.04,20,85620,卖盘
819,10:50:57,42.85,0.04,13,55704,买盘
820,10:51:07,42.81,-0.04,10,42810,卖盘
821,10:51:10,42.86,0.05,10,42853,买盘
822,10:51:12,42.9,0.04,169,724863,买盘
823,10:51:18,42.96,0.06,11,47251,买盘
824,10:51:21,42.9,-0.06,67,287505,卖盘
825,10:51:31,42.98,0.08,11,47274,买盘
826,10:51:39,43.0,0.02,40,171979,买盘
827,10:51:43,43.02,0.02,23,98946,卖盘
828,10:51:49,43.05,0.03,22,94699,买盘
829,10:51:51,42.93,-0.12,16,68688,卖盘
830,10:52:01,42.93,0.0,20,85947,卖盘
831,10:52:09,43.07,0.14,11,47370,买盘
832,10:52:12,42.93,-0.14,22,94456,卖盘
833,10:52:19,43.06,0.13,7,30146,中性盘
834,10:52:22,43.07,0.01,17,73212,买盘
835,10:52:27,43.07,0.0,1,4307,卖盘
836,10:52:31,43.07,0.0,28,120610,卖盘
837,10:52:33,42.9,-0.17,11,47224,卖盘
838,10:52:49,43.07,0.17,10,43070,买盘
839,10:52:52,42.93,-0.14,24,103127,卖盘
840,10:52:58,43.07,0.14,2,8614,买盘
841,10:53:01,42.93,-0.14,21,90243,卖盘
842,10:53:06,42.98,0.05,1,4298,卖盘
843,10:53:13,42.93,-0.05,1,4293,卖盘
844,10:53:22,42.9,-0.03,17,72943,卖盘
845,10:53:28,42.93,0.03,11,47223,买盘
846,10:53:33,42.93,0.0,2,8586,买盘
847,10:54:04,42.95,0.02,1,4295,中性盘
848,10:54:07,42.95,0.0,1,4295,卖盘
849,10:54:12,42.9,-0.05,38,163040,卖盘
850,10:54:28,42.9,0.0,5,21450,卖盘
851,10:54:37,42.91,0.01,10,42910,卖盘
852,10:54:43,42.9,-0.01,20,85814,卖盘
853,10:54:46,42.9,0.0,3,12870,卖盘
854,10:54:49,42.9,0.0,6,25740,卖盘
855,10:54:55,42.9,0.0,1,4290,卖盘
856,10:54:58,42.93,0.03,2,8586,买盘
857,10:55:04,42.9,-0.03,15,64355,卖盘
858,10:55:24,42.9,0.0,22,94398,卖盘
859,10:55:27,42.91,0.01,5,21455,卖盘
860,10:56:07,42.91,0.0,2,8582,买盘
861,10:56:15,42.91,0.0,7,30037,买盘
862,10:56:25,42.91,0.0,13,55783,卖盘
863,10:56:31,42.93,0.02,6,25758,买盘
864,10:56:51,42.95,0.02,1,4295,买盘
865,10:57:07,42.94,-0.01,5,21470,卖盘
866,10:57:39,42.95,0.01,2,8590,买盘
867,10:57:42,42.94,-0.01,1,4294,卖盘
868,10:57:54,43.04,0.1,3,12912,买盘
869,10:58:01,43.05,0.01,21,90405,买盘
870,10:58:04,42.94,-0.11,25,107440,卖盘
871,10:58:07,42.94,0.0,18,77292,买盘
872,10:58:10,42.94,0.0,4,17176,买盘
873,10:58:15,42.94,0.0,3,12882,买盘
874,10:58:24,43.03,0.09,25,107575,买盘
875,10:58:30,43.04,0.01,15,64560,买盘
876,10:58:43,43.05,0.01,24,103302,买盘
877,10:58:46,43.05,0.0,2,8610,买盘
878,10:58:52,43.05,0.0,10,43050,卖盘
879,10:59:04,43.05,0.0,5,21525,卖盘
880,10:59:07,43.05,0.0,8,34445,卖盘
881,10:59:12,43.05,0.0,1,4305,买盘
882,10:59:19,43.03,-0.02,20,86060,卖盘
883,10:59:40,43.04,0.01,10,43040,卖盘
884,10:59:49,43.06,0.02,52,223888,买盘
885,11:00:22,43.06,0.0,18,77508,买盘
886,11:00:27,43.04,-0.02,15,64572,卖盘
887,11:00:34,43.06,0.02,3,12918,卖盘
888,11:00:39,43.06,0.0,1,4306,卖盘
889,11:00:43,43.06,0.0,13,55978,卖盘
890,11:00:46,43.06,0.0,1,4306,买盘
891,11:00:55,43.06,0.0,2,8612,买盘
892,11:01:00,43.06,0.0,2,8612,买盘
893,11:01:07,43.06,0.0,4,17220,买盘
894,11:01:16,43.04,-0.02,7,30128,卖盘
895,11:02:13,43.04,0.0,2,8608,卖盘
896,11:02:18,43.04,0.0,1,4304,卖盘
897,11:02:27,43.04,0.0,1,4304,卖盘
898,11:02:30,43.04,0.0,1,4304,卖盘
899,11:02:49,43.04,0.0,2,8608,卖盘
900,11:02:51,43.04,0.0,2,8608,卖盘
901,11:03:06,43.04,0.0,1,4304,卖盘
902,11:03:19,43.04,0.0,10,43040,卖盘
903,11:03:49,43.0,-0.04,20,86000,卖盘
904,11:03:52,43.0,0.0,8,34400,卖盘
905,11:03:55,43.0,0.0,2,8600,买盘
906,11:03:58,43.0,0.0,16,68800,卖盘
907,11:04:04,43.0,0.0,1,4300,买盘
908,11:04:55,42.95,-0.05,14,60138,卖盘
909,11:05:00,42.95,0.0,2,8590,买盘
910,11:05:07,42.95,0.0,2,8590,买盘
911,11:05:10,42.94,-0.01,19,81586,卖盘
912,11:05:21,42.92,-0.02,5,21460,卖盘
913,11:06:27,42.94,0.02,11,47234,买盘
914,11:06:33,42.95,0.01,9,38655,买盘
915,11:06:46,42.95,0.0,5,21475,买盘
916,11:07:04,42.95,0.0,12,51540,买盘
917,11:07:07,42.95,0.0,9,38655,买盘
918,11:07:10,42.95,0.0,3,12885,买盘
919,11:07:13,42.95,0.0,9,38655,买盘
920,11:07:25,42.99,0.04,3,12897,买盘
921,11:08:01,43.0,0.01,18,77400,买盘
922,11:08:04,42.99,-0.01,8,34392,卖盘
923,11:08:18,42.99,0.0,5,21495,卖盘
924,11:08:22,42.99,0.0,20,85980,卖盘
925,11:08:25,42.99,0.0,4,17196,买盘
926,11:08:28,42.99,0.0,1,4299,卖盘
927,11:08:31,42.9,-0.09,60,257629,卖盘
928,11:08:33,42.91,0.01,5,21455,买盘
929,11:08:37,42.91,0.0,7,30037,买盘
930,11:08:45,42.91,0.0,1,4291,买盘
931,11:08:55,42.9,-0.01,8,34320,卖盘
932,11:09:27,42.9,0.0,16,68640,卖盘
933,11:09:37,42.91,0.01,1,4291,买盘
934,11:09:40,42.9,-0.01,28,120121,卖盘
935,11:09:43,42.91,0.01,5,21455,中性盘
936,11:10:03,42.99,0.08,2,8598,买盘
937,11:10:06,42.91,-0.08,4,17164,卖盘
938,11:10:10,42.91,0.0,1,4291,卖盘
939,11:10:54,42.95,0.04,11,47245,卖盘
940,11:10:58,42.95,0.0,1,4295,卖盘
941,11:11:06,42.95,0.0,8,34360,卖盘
942,11:11:21,42.95,0.0,5,21475,卖盘
943,11:11:28,42.95,0.0,5,21475,卖盘
944,11:11:30,42.95,0.0,5,21475,卖盘
945,11:11:33,42.95,0.0,3,12885,卖盘
946,11:11:40,42.95,0.0,2,8590,卖盘
947,11:11:54,42.95,0.0,2,8590,卖盘
948,11:12:06,42.95,0.0,5,21475,卖盘
949,11:12:09,42.95,0.0,12,51540,卖盘
950,11:12:25,42.95,0.0,1,4295,卖盘
951,11:12:51,42.98,0.03,6,25782,买盘
952,11:13:10,42.98,0.0,1,4298,卖盘
953,11:13:13,42.98,0.0,14,60172,卖盘
954,11:13:16,42.98,0.0,16,68753,买盘
955,11:13:40,42.92,-0.06,19,81551,卖盘
956,11:13:43,42.92,0.0,4,17168,卖盘
957,11:13:49,42.92,0.0,37,158804,卖盘
958,11:13:55,42.9,-0.02,3,12870,卖盘
959,11:14:04,42.9,0.0,120,514800,卖盘
960,11:14:10,42.9,0.0,1,4290,卖盘
961,11:14:16,42.9,0.0,2,8580,卖盘
962,11:14:22,42.85,-0.05,61,261540,卖盘
963,11:15:43,42.88,0.03,1,4288,买盘
964,11:16:04,42.78,-0.1,6,25672,卖盘
965,11:16:13,42.8,0.02,2,8560,中性盘
966,11:16:28,42.77,-0.03,3,12837,卖盘
967,11:16:49,42.72,-0.05,6,25654,卖盘
968,11:17:25,42.7,-0.02,18,76879,卖盘
969,11:17:46,42.7,0.0,9,38430,卖盘
970,11:17:48,42.7,0.0,4,17080,卖盘
971,11:17:55,42.7,0.0,3,12810,卖盘
972,11:18:21,42.68,-0.02,3,12806,卖盘
973,11:18:52,42.68,0.0,3,12804,卖盘
974,11:19:04,42.68,0.0,3,12804,卖盘
975,11:19:34,42.68,0.0,3,12804,卖盘
976,11:19:46,42.69,0.01,3,12807,卖盘
977,11:19:52,42.8,0.11,22,94160,买盘
978,11:19:57,42.82,0.02,3,12844,买盘
979,11:20:00,42.68,-0.14,96,410671,卖盘
980,11:20:46,42.8,0.12,3,12840,卖盘
981,11:21:24,42.8,0.0,1,4280,卖盘
982,11:21:27,42.8,0.0,6,25680,卖盘
983,11:24:01,42.79,-0.01,3,12837,买盘
984,11:24:06,42.79,0.0,1,4279,买盘
985,11:25:13,42.79,0.0,1,4279,买盘
986,11:25:36,42.8,0.01,1,4280,买盘
987,11:26:19,42.8,0.0,4,17120,买盘
988,11:27:19,42.79,-0.01,2,8558,卖盘
989,11:27:57,42.78,-0.01,1,4278,买盘
990,11:29:28,42.78,0.0,3,12834,买盘
991,11:29:33,42.79,0.01,11,47069,买盘
992,11:29:57,42.79,0.0,1,4279,买盘
993,11:30:04,42.79,0.0,1,4279,买盘
994,13:00:04,42.79,0.0,1,4279,买盘
995,13:00:07,42.79,0.0,18,76938,卖盘
996,13:00:09,42.71,-0.08,5,21386,卖盘
997,13:00:15,42.7,-0.01,12,51250,卖盘
998,13:00:27,42.71,0.01,6,25629,卖盘
999,13:00:33,42.71,0.0,5,21355,买盘
1000,13:00:36,42.71,0.0,8,34168,卖盘
1001,13:00:42,42.79,0.08,1,4279,买盘
1002,13:00:46,42.7,-0.09,8,34166,卖盘
1003,13:00:51,42.7,0.0,4,17080,买盘
1004,13:00:57,42.69,-0.01,10,42691,卖盘
1005,13:01:06,42.68,-0.01,11,46951,卖盘
1006,13:01:16,42.71,0.03,15,64065,买盘
1007,13:01:18,42.64,-0.07,160,682530,卖盘
1008,13:01:21,42.79,0.15,1,4279,买盘
1009,13:01:27,42.64,-0.15,13,55480,卖盘
1010,13:01:36,42.65,0.01,6,25590,卖盘
1011,13:01:49,42.65,0.0,1,4265,卖盘
1012,13:02:07,42.64,-0.01,15,63969,卖盘
1013,13:02:10,42.64,0.0,14,59696,卖盘
1014,13:02:15,42.65,0.01,1,4265,买盘
1015,13:02:18,42.64,-0.01,11,46904,卖盘
1016,13:02:28,42.6,-0.04,12,51132,卖盘
1017,13:02:33,42.65,0.05,1,4265,买盘
1018,13:02:36,42.59,-0.06,8,34074,卖盘
1019,13:02:48,42.59,0.0,18,76671,卖盘
1020,13:02:57,42.55,-0.04,8,34076,卖盘
1021,13:03:00,42.54,-0.01,2,8508,卖盘
1022,13:03:03,42.55,0.01,3,12765,买盘
1023,13:03:07,42.53,-0.02,9,38283,卖盘
1024,13:03:10,42.55,0.02,1,4255,买盘
1025,13:03:19,42.53,-0.02,12,51036,卖盘
1026,13:03:22,42.55,0.02,2,8510,买盘
1027,13:03:27,42.5,-0.05,9,38280,卖盘
1028,13:04:06,42.5,0.0,11,46762,卖盘
1029,13:04:09,42.5,0.0,10,42500,卖盘
1030,13:04:24,42.77,0.27,32,136864,买盘
1031,13:04:30,42.62,-0.15,2,8539,卖盘
1032,13:05:00,42.48,-0.14,2,8496,卖盘
1033,13:05:34,42.75,0.27,1,4275,买盘
1034,13:06:01,42.53,-0.22,3,12759,中性盘
1035,13:06:04,42.53,0.0,1,4253,卖盘
1036,13:06:21,42.54,0.01,6,25525,卖盘
1037,13:06:28,42.54,0.0,14,59556,买盘
1038,13:06:39,42.53,-0.01,11,46793,卖盘
1039,13:07:00,42.53,0.0,1,4253,卖盘
1040,13:07:04,42.53,0.0,45,191136,买盘
1041,13:07:09,42.58,0.05,2,8516,卖盘
1042,13:07:22,42.58,0.0,12,51150,卖盘
1043,13:07:34,42.73,0.15,1,4273,买盘
1044,13:07:40,42.73,0.0,17,72641,卖盘
1045,13:07:46,42.74,0.01,1,4274,买盘
1046,13:07:48,42.67,-0.07,5,21362,卖盘
1047,13:07:52,42.67,0.0,2,8534,卖盘
1048,13:08:22,42.58,-0.09,11,46851,卖盘
1049,13:08:31,42.58,0.0,12,51096,卖盘
1050,13:08:39,42.58,0.0,10,42580,卖盘
1051,13:08:42,42.53,-0.05,5,21265,卖盘
1052,13:08:49,42.53,0.0,1,4253,买盘
1053,13:08:55,42.47,-0.06,7,29729,卖盘
1054,13:09:00,42.47,0.0,2,8494,卖盘
1055,13:09:09,42.53,0.06,2,8506,买盘
1056,13:09:13,42.53,0.0,1,4253,买盘
1057,13:09:51,42.53,0.0,3,12759,买盘
1058,13:10:25,42.51,-0.02,1,4251,卖盘
1059,13:10:49,42.51,0.0,1,4251,卖盘
1060,13:10:54,42.52,0.01,1,4252,买盘
1061,13:10:57,42.51,-0.01,4,17004,卖盘
1062,13:11:00,42.51,0.0,1,4251,卖盘
1063,13:12:01,42.46,-0.05,2,8492,卖盘
1064,13:12:19,42.46,0.0,4,16984,卖盘
1065,13:12:51,42.46,0.0,8,33968,卖盘
1066,13:12:55,42.51,0.05,4,17004,买盘
1067,13:12:58,42.46,-0.05,2,8492,卖盘
1068,13:13:10,42.43,-0.03,6,25472,卖盘
1069,13:13:15,42.51,0.08,1,4251,买盘
1070,13:13:24,42.4,-0.11,25,106030,卖盘
1071,13:13:27,42.39,-0.01,18,76302,买盘
1072,13:13:30,42.39,0.0,1,4239,买盘
1073,13:13:54,42.36,-0.03,14,59318,卖盘
1074,13:13:57,42.39,0.03,10,42390,买盘
1075,13:14:01,42.38,-0.01,1,4238,中性盘
1076,13:14:04,42.39,0.01,7,29673,买盘
1077,13:14:10,42.46,0.07,2,8492,中性盘
1078,13:14:28,42.49,0.03,13,55237,买盘
1079,13:14:31,42.46,-0.03,2,8492,卖盘
1080,13:15:12,42.48,0.02,2,8496,卖盘
1081,13:15:37,42.46,-0.02,4,16990,卖盘
1082,13:15:51,42.48,0.02,2,8496,卖盘
1083,13:15:58,42.48,0.0,1,4248,买盘
1084,13:16:01,42.47,-0.01,2,8494,卖盘
1085,13:16:19,42.47,0.0,2,8494,卖盘
1086,13:17:00,42.46,-0.01,2,8492,卖盘
1087,13:17:10,42.46,0.0,14,59445,卖盘
1088,13:17:16,42.41,-0.05,2,8482,卖盘
1089,13:17:22,42.41,0.0,4,16964,买盘
1090,13:17:52,42.41,0.0,2,8482,卖盘
1091,13:17:55,42.4,-0.01,5,21200,卖盘
1092,13:18:01,42.4,0.0,2,8480,卖盘
1093,13:18:07,42.41,0.01,3,12723,买盘
1094,13:18:10,42.4,-0.01,12,50880,卖盘
1095,13:18:13,42.41,0.01,1,4241,买盘
1096,13:18:18,42.41,0.0,1,4241,买盘
1097,13:18:28,42.4,-0.01,3,12720,卖盘
1098,13:18:40,42.4,0.0,8,33920,卖盘
1099,13:18:45,42.41,0.01,3,12721,买盘
1100,13:18:57,42.4,-0.01,2,8480,卖盘
1101,13:19:04,42.4,0.0,3,12720,卖盘
1102,13:19:33,42.4,0.0,3,12720,卖盘
1103,13:20:01,42.4,0.0,2,8480,卖盘
1104,13:20:12,42.39,-0.01,3,12717,卖盘
1105,13:20:39,42.4,0.01,1,4240,卖盘
1106,13:20:58,42.4,0.0,2,8480,买盘
1107,13:21:01,42.42,0.02,3,12722,买盘
1108,13:21:04,42.42,0.0,1,4242,卖盘
1109,13:21:10,42.43,0.01,1,4243,卖盘
1110,13:21:21,42.43,0.0,3,12730,卖盘
1111,13:21:34,42.45,0.02,1,4245,买盘
1112,13:21:40,42.4,-0.05,30,127301,卖盘
1113,13:21:46,42.48,0.08,3,12744,买盘
1114,13:21:48,42.48,0.0,2,8496,买盘
1115,13:22:00,42.48,0.0,3,12744,卖盘
1116,13:22:39,42.48,0.0,3,12746,卖盘
1117,13:23:01,42.48,0.0,2,8496,卖盘
1118,13:23:07,42.48,0.0,3,12744,卖盘
1119,13:23:28,42.48,0.0,3,12744,卖盘
1120,13:23:46,42.48,0.0,1,4248,卖盘
1121,13:24:01,42.46,-0.02,2,8492,卖盘
1122,13:24:04,42.46,0.0,4,16984,卖盘
1123,13:24:07,42.46,0.0,1,4246,买盘
1124,13:24:09,42.41,-0.05,3,12733,卖盘
1125,13:24:18,42.48,0.07,1,4248,买盘
1126,13:24:24,42.41,-0.07,1,4241,卖盘
1127,13:24:27,42.41,0.0,2,8482,买盘
1128,13:24:33,42.48,0.07,1,4248,买盘
1129,13:24:36,42.42,-0.06,3,12726,卖盘
1130,13:24:55,42.42,0.0,3,12726,卖盘
1131,13:25:01,42.42,0.0,2,8484,卖盘
1132,13:25:07,42.44,0.02,3,12732,卖盘
1133,13:25:37,42.44,0.0,10,42445,卖盘
1134,13:25:45,42.48,0.04,2,8496,买盘
1135,13:25:48,42.44,-0.04,3,12732,卖盘
1136,13:26:01,42.44,0.0,2,8488,卖盘
1137,13:26:15,42.44,0.0,3,12732,卖盘
1138,13:26:40,42.44,0.0,1,4244,卖盘
1139,13:26:55,42.44,0.0,3,12732,卖盘
1140,13:27:01,42.44,0.0,2,8488,卖盘
1141,13:27:37,42.44,0.0,3,12732,卖盘
1142,13:28:01,42.44,0.0,2,8488,卖盘
1143,13:28:10,42.44,0.0,12,50930,卖盘
1144,13:28:16,42.46,0.02,1,4246,买盘
1145,13:28:22,42.44,-0.02,3,12732,卖盘
1146,13:28:25,42.46,0.02,1,4246,买盘
1147,13:29:01,42.44,-0.02,5,21220,卖盘
1148,13:29:31,42.46,0.02,5,21224,买盘
1149,13:29:33,42.44,-0.02,3,12732,卖盘
1150,13:29:39,42.46,0.02,31,131626,买盘
1151,13:29:45,42.48,0.02,2,8496,买盘
1152,13:29:52,42.49,0.01,1,4249,买盘
1153,13:29:54,42.49,0.0,2,8498,买盘
1154,13:30:07,42.49,0.0,2,8498,买盘
1155,13:30:10,42.49,0.0,4,16993,中性盘
1156,13:30:16,42.49,0.0,1,4249,买盘
1157,13:30:52,42.48,-0.01,1,4248,卖盘
1158,13:31:19,42.44,-0.04,3,12732,卖盘
1159,13:31:37,42.48,0.04,4,16992,买盘
1160,13:31:58,42.48,0.0,2,8496,卖盘
1161,13:32:04,42.44,-0.04,1,4244,卖盘
1162,13:32:28,42.44,0.0,2,8488,卖盘
1163,13:32:34,42.44,0.0,4,16976,卖盘
1164,13:32:58,42.44,0.0,9,38196,卖盘
1165,13:33:01,42.44,0.0,2,8488,卖盘
1166,13:33:13,42.44,0.0,2,8488,卖盘
1167,13:33:22,42.44,0.0,5,21220,卖盘
1168,13:33:40,42.4,-0.04,22,93308,卖盘
1169,13:33:55,42.4,0.0,1,4240,卖盘
1170,13:34:00,42.4,0.0,2,8480,卖盘
1171,13:34:04,42.4,0.0,1,4240,卖盘
1172,13:34:07,42.45,0.05,1,4245,买盘
1173,13:34:10,42.4,-0.05,3,12720,卖盘
1174,13:34:13,42.39,-0.01,108,457812,卖盘
1175,13:34:15,42.39,0.0,1,4239,买盘
1176,13:34:18,42.39,0.0,1,4239,买盘
1177,13:34:34,42.38,-0.01,10,42380,卖盘
1178,13:34:40,42.39,0.01,1,4239,买盘
1179,13:34:43,42.39,0.0,5,21195,买盘
1180,13:34:49,42.35,-0.04,8,33880,卖盘
1181,13:35:00,42.35,0.0,3,12705,卖盘
1182,13:35:10,42.33,-0.02,1,4233,卖盘
1183,13:35:18,42.33,0.0,5,21165,卖盘
1184,13:35:24,42.35,0.02,1,4235,买盘
1185,13:35:34,42.3,-0.05,7,29610,卖盘
1186,13:36:00,42.24,-0.06,2,8450,卖盘
1187,13:36:06,42.24,0.0,2,8448,买盘
1188,13:36:10,42.24,0.0,2,8448,卖盘
1189,13:36:13,42.23,-0.01,2,8447,卖盘
1190,13:36:25,42.22,-0.01,1,4222,卖盘
1191,13:36:42,42.12,-0.1,7,29487,卖盘
1192,13:36:58,42.11,-0.01,9,37899,卖盘
1193,13:37:04,42.12,0.01,6,25281,卖盘
1194,13:37:10,42.11,-0.01,1,4211,买盘
1195,13:37:54,42.21,0.1,4,16884,买盘
1196,13:37:57,42.13,-0.08,9,37931,卖盘
1197,13:38:06,42.22,0.09,1,4222,买盘
1198,13:38:13,42.14,-0.08,2,8429,卖盘
1199,13:38:19,42.13,-0.01,18,75834,卖盘
1200,13:38:22,42.14,0.01,3,12640,买盘
1201,13:38:25,42.22,0.08,3,12666,买盘
1202,13:38:28,42.12,-0.1,5,21064,卖盘
1203,13:38:31,42.13,0.01,1,4213,买盘
1204,13:38:37,42.13,0.0,2,8426,买盘
1205,13:38:42,42.22,0.09,1,4222,买盘
1206,13:38:55,42.21,-0.01,1,4221,买盘
1207,13:39:01,42.13,-0.08,52,219476,卖盘
1208,13:39:22,42.21,0.08,1,4221,买盘
1209,13:39:28,42.13,-0.08,4,16853,卖盘
1210,13:39:34,42.21,0.08,1,4221,买盘
1211,13:40:01,42.14,-0.07,1,4214,卖盘
1212,13:40:37,42.13,-0.01,8,33704,卖盘
1213,13:40:42,42.13,0.0,2,8426,卖盘
1214,13:40:52,42.12,-0.01,15,63180,卖盘
1215,13:41:01,42.11,-0.01,2,8422,卖盘
1216,13:41:16,42.11,0.0,1,4211,卖盘
1217,13:41:25,42.12,0.01,1,4212,买盘
1218,13:41:31,42.11,-0.01,6,25266,卖盘
1219,13:41:36,42.11,0.0,1,4211,卖盘
1220,13:41:49,42.12,0.01,8,33696,买盘
1221,13:42:01,42.11,-0.01,2,8422,卖盘
1222,13:42:10,42.11,0.0,12,50536,卖盘
1223,13:42:16,42.11,0.0,2,8422,买盘
1224,13:42:40,42.11,0.0,1,4211,买盘
1225,13:42:48,42.13,0.02,39,164256,买盘
1226,13:42:55,42.14,0.01,1,4214,买盘
1227,13:42:58,42.14,0.0,5,21070,卖盘
1228,13:43:10,42.18,0.04,4,16872,买盘
1229,13:43:16,42.18,0.0,20,84360,买盘
1230,13:43:21,42.21,0.03,1,4221,买盘
1231,13:43:34,42.21,0.0,8,33768,买盘
1232,13:43:42,42.21,0.0,15,63315,买盘
1233,13:43:51,42.23,0.02,91,384117,买盘
1234,13:43:57,42.33,0.1,7,29581,买盘
1235,13:44:05,42.23,-0.1,2,8446,卖盘
1236,13:45:01,42.25,0.02,2,8450,卖盘
1237,13:45:07,42.33,0.08,1,4233,买盘
1238,13:45:25,42.33,0.0,5,21165,买盘
1239,13:45:49,42.33,0.0,1,4233,买盘
1240,13:45:52,42.33,0.0,1,4233,买盘
1241,13:46:00,42.26,-0.07,2,8452,卖盘
1242,13:46:19,42.26,0.0,5,21131,卖盘
1243,13:46:37,42.26,0.0,3,12678,卖盘
1244,13:46:40,42.33,0.07,10,42316,买盘
1245,13:46:52,42.33,0.0,1,4233,买盘
1246,13:47:00,42.26,-0.07,1,4226,卖盘
1247,13:47:36,42.26,0.0,4,16904,卖盘
1248,13:47:55,42.33,0.07,1,4233,买盘
1249,13:47:58,42.26,-0.07,3,12678,卖盘
1250,13:48:04,42.26,0.0,1,4226,买盘
1251,13:48:06,42.26,0.0,1,4226,买盘
1252,13:48:10,42.25,-0.01,13,54930,卖盘
1253,13:48:31,42.26,0.01,5,21130,卖盘
1254,13:48:48,42.48,0.22,21,89118,买盘
1255,13:48:57,42.48,0.0,1,4248,买盘
1256,13:49:24,42.48,0.0,23,97704,买盘
1257,13:49:27,42.48,0.0,30,127865,卖盘
1258,13:49:31,42.49,0.01,1,4249,买盘
1259,13:49:33,42.48,-0.01,6,25488,卖盘
1260,13:49:54,42.5,0.02,29,123241,买盘
1261,13:50:01,42.5,0.0,16,68000,买盘
1262,13:50:34,42.49,-0.01,1,4249,买盘
1263,13:50:49,42.5,0.01,5,21250,买盘
1264,13:51:01,42.49,-0.01,1,4249,卖盘
1265,13:51:04,42.5,0.01,1,4250,买盘
1266,13:51:10,42.5,0.0,5,21250,买盘
1267,13:51:16,42.49,-0.01,6,25494,卖盘
1268,13:51:22,42.5,0.01,1,4250,买盘
1269,13:51:49,42.48,-0.02,7,29736,卖盘
1270,13:51:55,42.48,0.0,23,97704,卖盘
1271,13:52:01,42.5,0.02,10,42482,买盘
1272,13:52:06,42.48,-0.02,1,4248,卖盘
1273,13:52:10,42.48,0.0,1,3823,买盘
1274,13:52:13,42.48,0.0,1,4248,卖盘
1275,13:52:36,42.47,-0.01,1,4247,买盘
1276,13:52:42,42.48,0.01,1,4248,买盘
1277,13:52:58,42.48,0.0,10,42480,买盘
1278,13:53:01,42.4,-0.08,5,21216,卖盘
1279,13:54:01,42.32,-0.08,1,4232,卖盘
1280,13:54:46,42.33,0.01,9,38097,卖盘
1281,13:54:52,42.33,0.0,1,4233,买盘
1282,13:55:00,42.32,-0.01,1,4232,卖盘
1283,13:55:40,42.32,0.0,1,4232,卖盘
1284,13:55:55,42.32,0.0,10,42320,卖盘
1285,13:56:01,42.32,0.0,1,4232,卖盘
1286,13:56:15,42.32,0.0,1,4232,卖盘
1287,13:57:00,42.3,-0.02,1,4230,卖盘
1288,13:57:19,42.31,0.01,62,261979,买盘
1289,13:57:25,42.3,-0.01,2,8461,卖盘
1290,13:57:42,42.28,-0.02,2,8456,卖盘
1291,13:57:49,42.28,0.0,1,4228,卖盘
1292,13:58:25,42.2,-0.08,24,101312,卖盘
1293,13:58:46,42.18,-0.02,2,8437,卖盘
1294,13:59:01,42.16,-0.02,1,4216,卖盘
1295,13:59:15,42.16,0.0,4,16864,卖盘
1296,13:59:21,42.18,0.02,3,12654,买盘
1297,13:59:28,42.18,0.0,1,4218,买盘
1298,13:59:42,42.17,-0.01,1,4217,卖盘
1299,13:59:49,42.18,0.01,1,4218,买盘
1300,14:00:04,42.2,0.02,30,126600,买盘
1301,14:00:09,42.2,0.0,2,8440,买盘
1302,14:00:12,42.2,0.0,2,8440,买盘
1303,14:00:16,42.2,0.0,3,12660,买盘
1304,14:00:28,42.2,0.0,25,105500,买盘
1305,14:00:31,42.2,0.0,2,8440,买盘
1306,14:00:37,42.19,-0.01,2,8438,卖盘
1307,14:00:43,42.2,0.01,1,4220,买盘
1308,14:01:01,42.2,0.0,4,16880,买盘
1309,14:01:37,42.25,0.05,1,4225,买盘
1310,14:01:43,42.3,0.05,33,139573,买盘
1311,14:01:45,42.3,0.0,1,4230,卖盘
1312,14:01:52,42.3,0.0,20,84600,卖盘
1313,14:01:55,42.3,0.0,1,4230,卖盘
1314,14:02:22,42.26,-0.04,1,4226,中性盘
1315,14:02:48,42.2,-0.06,8,33760,卖盘
1316,14:03:01,42.18,-0.02,31,130864,卖盘
1317,14:04:01,42.18,0.0,1,4218,卖盘
1318,14:04:28,42.23,0.05,4,16891,买盘
1319,14:04:31,42.23,0.0,1,4223,卖盘
1320,14:05:10,42.24,0.01,5,21120,买盘
1321,14:05:31,42.24,0.0,1,4224,卖盘
1322,14:05:40,42.24,0.0,6,25344,卖盘
1323,14:05:49,42.24,0.0,1,4224,买盘
1324,14:05:57,42.2,-0.04,3,12660,买盘
1325,14:06:00,42.19,-0.01,3,12659,卖盘
1326,14:06:04,42.2,0.01,7,29535,中性盘
1327,14:06:06,42.24,0.04,2,8444,买盘
1328,14:06:10,42.23,-0.01,1,4223,卖盘
1329,14:06:18,42.2,-0.03,8,33764,卖盘
1330,14:06:28,42.2,0.0,1,4220,买盘
1331,14:06:42,42.2,0.0,2,8440,买盘
1332,14:06:46,42.18,-0.02,64,270014,卖盘
1333,14:06:49,42.2,0.02,6,25320,买盘
1334,14:06:52,42.25,0.05,1,4225,买盘
1335,14:07:04,42.18,-0.07,50,210992,卖盘
1336,14:07:07,42.25,0.07,4,16900,买盘
1337,14:07:10,42.25,0.0,54,228152,买盘
1338,14:07:16,42.27,0.02,4,16908,买盘
1339,14:07:18,42.25,-0.02,38,160550,卖盘
1340,14:07:31,42.25,0.0,9,38025,卖盘
1341,14:07:43,42.25,0.0,20,84499,买盘
1342,14:07:48,42.25,0.0,1,4225,买盘
1343,14:07:58,42.25,0.0,1,4225,买盘
1344,14:08:07,42.25,0.0,10,42250,买盘
1345,14:08:13,42.24,-0.01,1,4224,卖盘
1346,14:08:19,42.24,0.0,2,8448,卖盘
1347,14:08:28,42.24,0.0,1,4224,买盘
1348,14:08:34,42.23,-0.01,1,4223,卖盘
1349,14:08:36,42.25,0.02,5,21122,买盘
1350,14:08:52,42.25,0.0,3,12675,买盘
1351,14:08:55,42.24,-0.01,2,8448,卖盘
1352,14:09:01,42.25,0.01,11,46468,买盘
1353,14:09:07,42.25,0.0,2,8450,买盘
1354,14:09:10,42.25,0.0,12,50700,买盘
1355,14:09:19,42.25,0.0,5,21125,买盘
1356,14:09:22,42.25,0.0,33,139425,买盘
1357,14:09:25,42.26,0.01,2,8453,卖盘
1358,14:09:34,42.26,0.0,3,12678,卖盘
1359,14:09:40,42.27,0.01,4,16908,买盘
1360,14:09:43,42.27,0.0,6,25361,买盘
1361,14:09:46,42.3,0.03,1,4230,买盘
1362,14:09:58,42.3,0.0,8,33840,买盘
1363,14:10:01,42.3,0.0,5,21150,买盘
1364,14:10:04,42.3,0.0,11,46530,买盘
1365,14:10:07,42.3,0.0,3,12690,买盘
1366,14:10:10,42.3,0.0,12,50759,买盘
1367,14:10:13,42.29,-0.01,9,38061,买盘
1368,14:10:19,42.29,0.0,3,12687,买盘
1369,14:10:25,42.3,0.01,7,29610,买盘
1370,14:10:31,42.3,0.0,6,25380,买盘
1371,14:10:49,42.32,0.02,1,4232,买盘
1372,14:10:55,42.33,0.01,1,4233,买盘
1373,14:10:58,42.32,-0.01,9,38088,卖盘
1374,14:11:10,42.33,0.01,5,21165,买盘
1375,14:11:15,42.33,0.0,2,8466,买盘
1376,14:11:21,42.33,0.0,1,4233,买盘
1377,14:12:01,42.38,0.05,1,4238,买盘
1378,14:12:04,42.37,-0.01,4,16948,卖盘
1379,14:12:07,42.38,0.01,3,12714,买盘
1380,14:12:09,42.38,0.0,1,4238,卖盘
1381,14:12:15,42.38,0.0,1,4238,卖盘
1382,14:12:43,42.39,0.01,4,16956,买盘
1383,14:12:46,42.38,-0.01,10,42380,卖盘
1384,14:12:49,42.4,0.02,64,271354,买盘
1385,14:12:54,42.4,0.0,1,4240,买盘
1386,14:13:22,42.43,0.03,3,12729,卖盘
1387,14:13:39,42.42,-0.01,25,106050,卖盘
1388,14:13:49,42.42,0.0,19,80601,卖盘
1389,14:13:52,42.44,0.02,1,4244,卖盘
1390,14:13:55,42.44,0.0,4,16978,卖盘
1391,14:13:58,42.42,-0.02,9,38187,卖盘
1392,14:14:01,42.42,0.0,1,4242,卖盘
1393,14:14:04,42.4,-0.02,9,38176,卖盘
1394,14:14:13,42.44,0.04,3,12732,买盘
1395,14:14:16,42.43,-0.01,1,4243,卖盘
1396,14:14:22,42.43,0.0,1,4243,买盘
1397,14:14:51,42.43,0.0,2,8486,卖盘
1398,14:15:01,42.43,0.0,2,8486,卖盘
1399,14:15:21,42.44,0.01,1,4244,买盘
1400,14:15:40,42.43,-0.01,1,4243,卖盘
1401,14:16:01,42.43,0.0,1,4243,卖盘
1402,14:16:22,42.43,0.0,1,4243,卖盘
1403,14:16:34,42.43,0.0,8,33944,卖盘
1404,14:16:43,42.43,0.0,7,29701,买盘
1405,14:16:46,42.43,0.0,1,4243,买盘
1406,14:16:54,42.42,-0.01,4,16968,卖盘
1407,14:17:00,42.43,0.01,5,21214,买盘
1408,14:17:21,42.43,0.0,1,4243,卖盘
1409,14:17:39,42.44,0.01,19,80636,买盘
1410,14:17:46,42.44,0.0,14,59416,买盘
1411,14:17:55,42.44,0.0,1,4244,买盘
1412,14:17:58,42.44,0.0,1,4244,买盘
1413,14:18:00,42.43,-0.01,8,33951,卖盘
1414,14:18:04,42.44,0.01,5,21220,买盘
1415,14:18:07,42.46,0.02,6,25469,买盘
1416,14:18:10,42.44,-0.02,1,4244,卖盘
1417,14:18:21,42.46,0.02,28,118883,买盘
1418,14:18:24,42.46,0.0,2,8492,买盘
1419,14:18:57,42.46,0.0,1,4246,买盘
1420,14:19:00,42.47,0.01,10,42462,买盘
1421,14:19:25,42.44,-0.03,40,169770,卖盘
1422,14:19:30,42.46,0.02,1,4246,买盘
1423,14:19:42,42.46,0.0,5,21230,买盘
1424,14:19:57,42.47,0.01,37,157128,买盘
1425,14:20:01,42.44,-0.03,1,4244,卖盘
1426,14:20:09,42.44,0.0,12,50928,卖盘
1427,14:20:16,42.46,0.02,1,4246,买盘
1428,14:20:37,42.45,-0.01,18,76410,卖盘
1429,14:20:43,42.45,0.0,1,4245,买盘
1430,14:20:46,42.44,-0.01,1,4244,卖盘
1431,14:21:01,42.45,0.01,2,8488,买盘
1432,14:21:13,42.43,-0.02,1,4243,卖盘
1433,14:21:19,42.43,0.0,1,4243,买盘
1434,14:22:00,42.42,-0.01,2,8483,买盘
1435,14:22:04,42.39,-0.03,27,114480,卖盘
1436,14:22:07,42.39,0.0,7,29673,买盘
1437,14:22:10,42.39,0.0,1,4239,买盘
1438,14:22:12,42.39,0.0,1,4239,买盘
1439,14:22:31,42.38,-0.01,2,8476,卖盘
1440,14:22:34,42.41,0.03,10,42402,买盘
1441,14:23:01,42.38,-0.03,1,4238,卖盘
1442,14:23:04,42.41,0.03,1,4241,买盘
1443,14:24:01,42.38,-0.03,1,4238,卖盘
1444,14:24:04,42.4,0.02,1,4240,买盘
1445,14:24:06,42.41,0.01,4,16964,买盘
1446,14:24:22,42.41,0.0,11,46650,买盘
1447,14:24:33,42.41,0.0,3,12721,买盘
1448,14:24:40,42.39,-0.02,1,4239,卖盘
1449,14:25:04,42.41,0.02,1,4241,买盘
1450,14:25:07,42.4,-0.01,7,29680,卖盘
1451,14:25:10,42.4,0.0,2,8480,买盘
1452,14:25:13,42.4,0.0,5,21200,买盘
1453,14:25:22,42.39,-0.01,2,8478,卖盘
1454,14:25:28,42.39,0.0,1,4239,卖盘
1455,14:25:43,42.41,0.02,13,55132,买盘
1456,14:25:49,42.41,0.0,1,4241,买盘
1457,14:26:00,42.4,-0.01,1,4240,卖盘
1458,14:26:07,42.41,0.01,30,127230,买盘
1459,14:26:10,42.41,0.0,1,4241,卖盘
1460,14:26:12,42.43,0.02,1,4243,买盘
1461,14:26:21,42.43,0.0,5,21215,买盘
1462,14:27:01,42.45,0.02,14,59418,买盘
1463,14:27:33,42.45,0.0,56,237718,买盘
1464,14:27:37,42.45,0.0,1,4245,卖盘
1465,14:27:40,42.44,-0.01,1,4244,买盘
1466,14:28:10,42.44,0.0,3,12732,买盘
1467,14:28:34,42.42,-0.02,5,21210,卖盘
1468,14:28:40,42.43,0.01,1,4243,买盘
1469,14:29:00,42.41,-0.02,1,4241,卖盘
1470,14:29:22,42.41,0.0,1,4241,卖盘
1471,14:29:46,42.41,0.0,5,21205,卖盘
1472,14:29:55,42.41,0.0,2,8482,卖盘
1473,14:30:00,42.41,0.0,26,110266,卖盘
1474,14:30:06,42.45,0.04,26,110369,买盘
1475,14:30:19,42.42,-0.03,2,8483,买盘
1476,14:30:28,42.44,0.02,14,59416,买盘
1477,14:30:30,42.44,0.0,1,4244,卖盘
1478,14:30:36,42.44,0.0,9,38196,卖盘
1479,14:30:39,42.41,-0.03,50,212161,卖盘
1480,14:30:42,42.45,0.04,8,33960,买盘
1481,14:30:46,42.45,0.0,11,46655,买盘
1482,14:30:51,42.45,0.0,4,16979,买盘
1483,14:30:55,42.41,-0.04,10,42410,卖盘
1484,14:30:58,42.44,0.03,1,4244,买盘
1485,14:31:04,42.41,-0.03,10,42410,卖盘
1486,14:31:16,42.41,0.0,4,16964,卖盘
1487,14:31:25,42.4,-0.01,2,8480,中性盘
1488,14:31:55,42.4,0.0,1,4240,买盘
1489,14:32:00,42.4,0.0,1,4240,卖盘
1490,14:32:06,42.4,0.0,1,4240,卖盘
1491,14:32:22,42.4,0.0,5,21200,买盘
1492,14:32:46,42.39,-0.01,14,59351,卖盘
1493,14:33:00,42.39,0.0,1,4239,卖盘
1494,14:33:19,42.39,0.0,2,8478,卖盘
1495,14:33:28,42.39,0.0,2,8478,卖盘
1496,14:33:34,42.4,0.01,5,21200,中性盘
1497,14:33:46,42.4,0.0,4,16960,卖盘
1498,14:33:58,42.4,0.0,1,4240,卖盘
1499,14:34:01,42.4,0.0,6,25440,卖盘
1500,14:34:04,42.4,0.0,3,12720,卖盘
1501,14:34:07,42.4,0.0,7,29682,卖盘
1502,14:34:10,42.39,-0.01,6,25434,卖盘
1503,14:34:19,42.39,0.0,2,8478,卖盘
1504,14:34:42,42.4,0.01,2,8480,卖盘
1505,14:34:55,42.4,0.0,8,33920,买盘
1506,14:34:58,42.39,-0.01,2,8478,卖盘
1507,14:35:00,42.39,0.0,1,4239,卖盘
1508,14:35:07,42.39,0.0,2,8478,卖盘
1509,14:35:12,42.39,0.0,11,46629,卖盘
1510,14:35:15,42.39,0.0,1,4239,卖盘
1511,14:35:19,42.39,0.0,2,8478,卖盘
1512,14:35:28,42.39,0.0,55,233145,卖盘
1513,14:35:40,42.39,0.0,3,12717,买盘
1514,14:36:01,42.38,-0.01,1,4238,卖盘
1515,14:36:04,42.38,0.0,5,21190,卖盘
1516,14:36:07,42.39,0.01,17,72055,买盘
1517,14:36:12,42.38,-0.01,1,4238,卖盘
1518,14:36:43,42.39,0.01,11,46629,买盘
1519,14:36:51,42.4,0.01,57,241677,买盘
1520,14:36:58,42.37,-0.03,15,63580,卖盘
1521,14:37:00,42.37,0.0,2,8474,买盘
1522,14:37:04,42.35,-0.02,10,42368,中性盘
1523,14:37:13,42.37,0.02,3,12709,买盘
1524,14:37:19,42.38,0.01,1,4238,买盘
1525,14:37:25,42.38,0.0,2,8476,买盘
1526,14:37:58,42.38,0.0,3,12714,买盘
1527,14:38:16,42.4,0.02,19,80552,买盘
1528,14:38:19,42.4,0.0,1,4240,卖盘
1529,14:38:22,42.41,0.01,1,4241,买盘
1530,14:38:24,42.4,-0.01,1,4240,买盘
1531,14:38:31,42.39,-0.01,1,4239,买盘
1532,14:38:46,42.38,-0.01,8,33905,卖盘
1533,14:38:52,42.38,0.0,1,4238,买盘
1534,14:38:54,42.4,0.02,32,135680,买盘
1535,14:39:12,42.4,0.0,7,29676,买盘
1536,14:39:16,42.4,0.0,11,46640,买盘
1537,14:39:19,42.4,0.0,1,4240,买盘
1538,14:40:01,42.39,-0.01,1,4239,卖盘
1539,14:40:07,42.39,0.0,5,21195,卖盘
1540,14:40:10,42.39,0.0,6,25434,卖盘
1541,14:40:16,42.4,0.01,13,55120,买盘
1542,14:40:22,42.39,-0.01,2,8478,卖盘
1543,14:40:25,42.4,0.01,7,29680,买盘
1544,14:40:40,42.41,0.01,1,4241,买盘
1545,14:40:46,42.4,-0.01,18,76320,卖盘
1546,14:40:52,42.41,0.01,1,4241,买盘
1547,14:40:55,42.4,-0.01,3,12720,卖盘
1548,14:41:07,42.4,0.0,13,55120,卖盘
1549,14:41:10,42.4,0.0,13,55120,买盘
1550,14:41:13,42.39,-0.01,8,33919,卖盘
1551,14:41:31,42.4,0.01,15,63600,买盘
1552,14:41:40,42.39,-0.01,12,50868,卖盘
1553,14:41:46,42.4,0.01,7,29680,买盘
1554,14:41:52,42.4,0.0,1,4240,买盘
1555,14:42:01,42.4,0.0,3,12720,买盘
1556,14:42:06,42.4,0.0,3,12720,卖盘
1557,14:42:18,42.4,0.0,1,4240,卖盘
1558,14:42:30,42.4,0.0,14,59360,卖盘
1559,14:42:34,42.4,0.0,3,12720,买盘
1560,14:42:43,42.4,0.0,7,29678,买盘
1561,14:42:49,42.41,0.01,15,63614,买盘
1562,14:42:55,42.41,0.0,1,4241,买盘
1563,14:43:01,42.39,-0.02,1,4239,卖盘
1564,14:43:12,42.39,0.0,6,25434,卖盘
1565,14:43:15,42.39,0.0,3,12717,卖盘
1566,14:43:19,42.39,0.0,2,8478,卖盘
1567,14:43:28,42.4,0.01,12,50880,卖盘
1568,14:43:34,42.4,0.0,2,8481,卖盘
1569,14:43:40,42.41,0.01,54,229014,买盘
1570,14:43:46,42.41,0.0,3,12722,买盘
1571,14:43:52,42.4,-0.01,39,165360,卖盘
1572,14:43:58,42.41,0.01,10,42410,买盘
1573,14:44:00,42.4,-0.01,1,4240,卖盘
1574,14:44:07,42.4,0.0,4,16960,卖盘
1575,14:44:16,42.41,0.01,2,8482,买盘
1576,14:44:24,42.41,0.0,7,29687,买盘
1577,14:44:30,42.41,0.0,2,8482,买盘
1578,14:44:37,42.41,0.0,1,4241,买盘
1579,14:44:52,42.41,0.0,9,38169,买盘
1580,14:44:58,42.41,0.0,1,4241,买盘
1581,14:45:01,42.4,-0.01,1,4240,卖盘
1582,14:45:07,42.4,0.0,5,21200,卖盘
1583,14:45:10,42.4,0.0,11,46640,卖盘
1584,14:45:13,42.41,0.01,7,29687,买盘
1585,14:45:25,42.41,0.0,7,29687,买盘
1586,14:45:45,42.4,-0.01,4,16961,卖盘
1587,14:46:22,42.42,0.02,4,16968,卖盘
1588,14:46:27,42.42,0.0,2,8484,卖盘
1589,14:46:33,42.42,0.0,3,12726,卖盘
1590,14:46:39,42.42,0.0,1,4242,卖盘
1591,14:46:46,42.45,0.03,1,4245,买盘
1592,14:46:49,42.45,0.0,5,21225,买盘
1593,14:46:55,42.45,0.0,1,4245,买盘
1594,14:46:58,42.44,-0.01,9,38196,卖盘
1595,14:47:00,42.44,0.0,1,4244,卖盘
1596,14:47:03,42.45,0.01,12,50940,买盘
1597,14:47:07,42.44,-0.01,1,4244,卖盘
1598,14:47:10,42.45,0.01,37,157048,买盘
1599,14:47:25,42.72,0.27,148,630413,买盘
1600,14:47:31,42.73,0.01,3,12819,买盘
1601,14:47:34,42.72,-0.01,7,29904,卖盘
1602,14:47:37,42.43,-0.29,11,46816,卖盘
1603,14:47:43,42.72,0.29,15,64080,买盘
1604,14:47:49,42.72,0.0,1,4272,买盘
1605,14:48:31,42.49,-0.23,4,16994,买盘
1606,14:48:48,42.66,0.17,2,8521,买盘
1607,14:48:55,42.66,0.0,6,25596,卖盘
1608,14:48:58,42.66,0.0,14,59690,卖盘
1609,14:49:01,42.66,0.0,5,21330,卖盘
1610,14:49:04,42.43,-0.23,107,454431,卖盘
1611,14:49:07,42.65,0.22,1,4265,中性盘
1612,14:49:13,42.65,0.0,1,4265,买盘
1613,14:49:40,42.46,-0.19,4,16984,卖盘
1614,14:50:01,42.46,0.0,1,4246,卖盘
1615,14:50:22,42.5,0.04,1,4250,卖盘
1616,14:50:25,42.55,0.05,15,63810,买盘
1617,14:50:28,42.43,-0.12,38,161309,卖盘
1618,14:50:55,42.43,0.0,26,110340,卖盘
1619,14:51:19,42.43,0.0,35,148526,卖盘
1620,14:51:43,42.44,0.01,7,29703,买盘
1621,14:51:46,42.44,0.0,2,8488,买盘
1622,14:51:58,42.46,0.02,8,33956,买盘
1623,14:52:01,42.48,0.02,1,4248,卖盘
1624,14:52:04,42.43,-0.05,27,114572,卖盘
1625,14:52:10,42.49,0.06,1,4249,买盘
1626,14:52:28,42.45,-0.04,3,12735,买盘
1627,14:52:31,42.44,-0.01,3,12732,卖盘
1628,14:52:49,42.43,-0.01,5,21215,卖盘
1629,14:52:52,42.44,0.01,7,29708,买盘
1630,14:52:55,42.43,-0.01,24,101832,卖盘
1631,14:52:58,42.44,0.01,1,4244,买盘
1632,14:53:01,42.43,-0.01,4,16974,卖盘
1633,14:53:07,42.43,0.0,15,63645,卖盘
1634,14:53:10,42.44,0.01,10,42440,买盘
1635,14:53:16,42.44,0.0,1,4244,买盘
1636,14:53:19,42.43,-0.01,2,8486,卖盘
1637,14:53:22,42.43,0.0,3,12729,卖盘
1638,14:53:28,42.44,0.01,1,4244,买盘
1639,14:53:43,42.43,-0.01,13,55159,卖盘
1640,14:53:52,42.44,0.01,1,4244,买盘
1641,14:54:07,42.44,0.0,19,80658,卖盘
1642,14:54:13,42.47,0.03,1,4247,买盘
1643,14:54:19,42.44,-0.03,6,25464,卖盘
1644,14:54:25,42.44,0.0,10,42440,买盘
1645,14:54:31,42.43,-0.01,68,288122,卖盘
1646,14:54:34,42.43,0.0,1,4243,买盘
1647,14:54:37,42.43,0.0,5,21639,买盘
1648,14:54:40,42.42,-0.01,14,59391,卖盘
1649,14:54:43,42.44,0.02,1,4244,买盘
1650,14:54:46,42.43,-0.01,1,4243,中性盘
1651,14:54:55,42.44,0.01,49,207933,买盘
1652,14:55:01,42.48,0.04,1,4248,买盘
1653,14:55:28,42.46,-0.02,5,21222,买盘
1654,14:55:34,42.45,-0.01,13,55185,卖盘
1655,14:55:40,42.45,0.0,2,8490,买盘
1656,14:55:43,42.42,-0.03,1,3818,买盘
1657,14:55:49,42.45,0.03,15,63637,买盘
1658,14:56:10,42.41,-0.04,3,12723,卖盘
1659,14:56:19,42.41,0.0,1,4241,买盘
1660,14:56:22,42.41,0.0,15,63615,买盘
1661,14:56:25,42.4,-0.01,14,59364,卖盘
1662,14:56:28,42.42,0.02,1,4242,买盘
1663,14:56:31,42.37,-0.05,12,51280,卖盘
1664,14:56:37,42.41,0.04,1,4241,卖盘
1665,14:56:40,42.41,0.0,3,12723,卖盘
1666,14:56:43,42.41,0.0,1,3817,买盘
1667,14:56:49,42.34,-0.07,1,4234,卖盘
1668,14:57:00,42.41,0.07,10,42410,买盘
1669,15:00:05,42.41,0.0,182,771862,卖盘
