,time,price,change,volume,amount,type
0,09:25:04,8.34,-0.04,119,99246,买盘
1,09:30:07,8.37,0.03,66,55154,买盘
2,09:30:22,8.37,0.0,19,15903,卖盘
3,09:30:55,8.37,0.0,12,10044,买盘
4,09:31:00,8.36,-0.01,66,55198,卖盘
5,09:31:16,8.36,0.0,25,20900,卖盘
6,09:31:22,8.35,-0.01,40,33402,卖盘
7,09:31:37,8.35,0.0,12,10020,买盘
8,09:31:40,8.35,0.0,19,15865,卖盘
9,09:31:46,8.35,0.0,12,10020,卖盘
10,09:31:57,8.35,0.0,6,5010,买盘
11,09:32:04,8.34,-0.01,6,5004,卖盘
12,09:32:25,8.34,0.0,15,12510,卖盘
13,09:32:31,8.34,0.0,94,78396,卖盘
14,09:32:37,8.35,0.01,174,145169,买盘
15,09:32:58,8.36,0.01,13,10868,买盘
16,09:33:09,8.37,0.01,13,10881,买盘
17,09:33:22,8.37,0.0,37,30969,买盘
18,09:33:37,8.37,0.0,16,13392,卖盘
19,09:33:43,8.37,0.0,13,10881,买盘
20,09:33:49,8.35,-0.02,28,23380,卖盘
21,09:33:55,8.35,0.0,10,8350,买盘
22,09:33:57,8.35,0.0,6,5010,买盘
23,09:34:01,8.35,0.0,3,2505,买盘
24,09:34:09,8.34,-0.01,3,2502,卖盘
25,09:34:16,8.34,0.0,1,834,卖盘
26,09:34:21,8.34,0.0,3,2502,卖盘
27,09:34:31,8.34,0.0,15,12518,卖盘
28,09:34:36,8.34,0.0,9,7506,买盘
29,09:34:55,8.34,0.0,12,10008,卖盘
30,09:34:58,8.34,0.0,3,2502,买盘
31,09:35:16,8.34,0.0,9,7506,卖盘
32,09:35:22,8.34,0.0,46,38364,卖盘
33,09:35:25,8.34,0.0,4,3336,买盘
34,09:35:28,8.35,0.01,4,3340,买盘
35,09:35:31,8.35,0.0,6,5010,买盘
36,09:35:34,8.35,0.0,25,20875,买盘
37,09:35:37,8.35,0.0,51,42556,买盘
38,09:35:40,8.35,0.0,18,15030,买盘
39,09:35:43,8.35,0.0,21,17535,买盘
40,09:35:46,8.35,0.0,2,1670,买盘
41,09:35:51,8.32,-0.03,356,296412,卖盘
42,09:35:57,8.32,0.0,8,6656,买盘
43,09:36:01,8.32,0.0,9,7488,买盘
44,09:36:04,8.32,0.0,8,6656,买盘
45,09:36:19,8.32,0.0,32,26624,买盘
46,09:36:25,8.32,0.0,44,36584,买盘
47,09:36:31,8.32,0.0,64,53212,买盘
48,09:36:33,8.32,0.0,12,9984,买盘
49,09:36:39,8.32,0.0,109,90675,买盘
50,09:36:43,8.32,0.0,9,7488,买盘
51,09:36:58,8.32,0.0,58,48256,买盘
52,09:37:01,8.32,0.0,30,24960,买盘
53,09:37:04,8.32,0.0,3,2496,买盘
54,09:37:06,8.32,0.0,4,3328,买盘
55,09:37:10,8.32,0.0,59,49088,买盘
56,09:37:13,8.32,0.0,16,13312,买盘
57,09:37:16,8.32,0.0,10,8320,卖盘
58,09:37:52,8.34,0.02,35,29190,买盘
59,09:37:55,8.34,0.0,2,1668,卖盘
60,09:38:01,8.32,-0.02,16,13326,卖盘
61,09:38:07,8.33,0.01,1,833,卖盘
62,09:38:13,8.33,0.0,4,3332,买盘
63,09:38:22,8.33,0.0,24,19992,卖盘
64,09:38:34,8.33,0.0,56,46648,买盘
65,09:38:37,8.33,0.0,10,8330,卖盘
66,09:38:46,8.33,0.0,11,9163,卖盘
67,09:38:54,8.35,0.02,21,17515,买盘
68,09:38:58,8.32,-0.03,36,29963,卖盘
69,09:39:10,8.33,0.01,20,16660,中性盘
70,09:39:31,8.33,0.0,18,14994,卖盘
71,09:39:46,8.33,0.0,5,4165,买盘
72,09:40:10,8.34,0.01,30,25020,买盘
73,09:40:19,8.34,0.0,15,12510,买盘
74,09:40:49,8.34,0.0,14,11676,买盘
75,09:41:12,8.33,-0.01,81,67473,卖盘
76,09:41:16,8.33,0.0,2,1666,买盘
77,09:41:28,8.32,-0.01,2,1664,卖盘
78,09:41:37,8.33,0.01,1,833,买盘
79,09:41:40,8.32,-0.01,27,22464,卖盘
80,09:41:55,8.32,0.0,50,41600,卖盘
81,09:41:58,8.32,0.0,46,38272,卖盘
82,09:42:01,8.32,0.0,10,8320,买盘
83,09:42:16,8.32,0.0,2,1664,买盘
84,09:42:22,8.32,0.0,4,3328,买盘
85,09:42:31,8.31,-0.01,1,831,卖盘
86,09:42:33,8.31,0.0,126,104706,卖盘
87,09:42:49,8.3,-0.01,10,8300,卖盘
88,09:42:52,8.29,-0.01,25,20740,卖盘
89,09:43:10,8.3,0.01,27,22366,买盘
90,09:43:12,8.3,0.0,1,830,买盘
91,09:43:19,8.29,-0.01,18,14922,卖盘
92,09:43:28,8.29,0.0,8,6632,买盘
93,09:43:31,8.29,0.0,5,4145,买盘
94,09:43:34,8.29,0.0,12,9938,买盘
95,09:43:36,8.29,0.0,47,38963,买盘
96,09:43:49,8.3,0.01,50,41500,买盘
97,09:43:52,8.3,0.0,7,5810,买盘
98,09:43:58,8.3,0.0,20,16600,买盘
99,09:44:01,8.3,0.0,5,4150,买盘
100,09:44:04,8.3,0.0,14,11620,买盘
101,09:44:46,8.31,0.01,4,3324,卖盘
102,09:45:04,8.32,0.01,4,3328,买盘
103,09:45:46,8.3,-0.02,38,31570,卖盘
104,09:46:10,8.3,0.0,8,6640,卖盘
105,09:46:57,8.31,0.01,50,41550,卖盘
106,09:47:15,8.32,0.01,20,16640,买盘
107,09:47:19,8.31,-0.01,3,2493,卖盘
108,09:47:22,8.31,0.0,30,24930,卖盘
109,09:47:28,8.31,0.0,9,7479,卖盘
110,09:47:37,8.32,0.01,50,41570,买盘
111,09:47:49,8.28,-0.04,470,389741,卖盘
112,09:48:01,8.28,0.0,2,1656,卖盘
113,09:48:04,8.27,-0.01,167,138239,卖盘
114,09:48:10,8.27,0.0,5,4135,卖盘
115,09:48:13,8.28,0.01,20,16560,买盘
116,09:48:16,8.28,0.0,2,1656,买盘
117,09:48:43,8.28,0.0,26,21528,卖盘
118,09:48:55,8.29,0.01,7,5803,卖盘
119,09:48:58,8.29,0.0,5,4145,买盘
120,09:49:04,8.29,0.0,12,9948,买盘
121,09:49:07,8.29,0.0,2,1658,买盘
122,09:49:10,8.29,0.0,2,1658,买盘
123,09:49:12,8.29,0.0,1,829,买盘
124,09:49:19,8.29,0.0,46,38124,买盘
125,09:49:33,8.29,0.0,14,11610,卖盘
126,09:50:07,8.31,0.02,10,8310,买盘
127,09:50:46,8.3,-0.01,21,17430,卖盘
128,09:50:49,8.28,-0.02,400,331519,卖盘
129,09:50:55,8.29,0.01,5,4145,买盘
130,09:51:00,8.3,0.01,6,4980,卖盘
131,09:51:16,8.3,0.0,14,11620,卖盘
132,09:51:52,8.3,0.0,44,36492,买盘
133,09:51:58,8.29,-0.01,99,82071,卖盘
134,09:52:06,8.3,0.01,20,16599,买盘
135,09:52:25,8.3,0.0,16,13279,买盘
136,09:52:34,8.3,0.0,5,4150,买盘
137,09:53:07,8.3,0.0,43,35690,买盘
138,09:53:58,8.31,0.01,4,3324,买盘
139,09:54:01,8.3,-0.01,2,1660,卖盘
140,09:54:10,8.3,0.0,12,9960,卖盘
141,09:54:19,8.3,0.0,2,1660,卖盘
142,09:54:55,8.31,0.01,3,2493,买盘
143,09:55:46,8.3,-0.01,85,70550,卖盘
144,09:55:49,8.3,0.0,10,8300,买盘
145,09:56:07,8.29,-0.01,1,829,卖盘
146,09:56:10,8.29,0.0,2,1658,卖盘
147,09:56:22,8.3,0.01,49,40670,买盘
148,09:56:37,8.3,0.0,140,116200,买盘
149,09:56:40,8.3,0.0,16,13280,买盘
150,09:56:49,8.3,0.0,68,56440,卖盘
151,09:56:52,8.3,0.0,4,3320,买盘
152,09:56:55,8.3,0.0,6,4980,买盘
153,09:56:58,8.29,-0.01,137,113573,卖盘
154,09:57:06,8.29,0.0,149,123521,卖盘
155,09:57:15,8.29,0.0,12,9948,买盘
156,09:57:19,8.28,-0.01,41,33948,卖盘
157,09:57:28,8.28,0.0,40,33120,卖盘
158,09:57:30,8.29,0.01,1,829,买盘
159,09:57:34,8.29,0.0,200,165800,买盘
160,09:57:42,8.29,0.0,10,8290,买盘
161,09:57:55,8.3,0.01,10,8300,买盘
162,09:58:04,8.29,-0.01,24,19896,卖盘
163,09:58:24,8.29,0.0,14,11606,卖盘
164,09:58:28,8.3,0.01,10,8300,买盘
165,09:58:43,8.3,0.0,36,29880,买盘
166,09:58:49,8.3,0.0,66,54780,买盘
167,09:59:04,8.3,0.0,14,11625,卖盘
168,09:59:25,8.31,0.01,5,4155,买盘
169,09:59:31,8.3,-0.01,5,4150,卖盘
170,09:59:46,8.3,0.0,26,21580,卖盘
171,09:59:49,8.31,0.01,10,8310,买盘
172,10:00:07,8.31,0.0,12,9972,买盘
173,10:00:40,8.31,0.0,8,6648,买盘
174,10:00:52,8.31,0.0,44,36564,买盘
175,10:00:57,8.31,0.0,141,117171,买盘
176,10:01:22,8.31,0.0,10,8310,卖盘
177,10:01:40,8.32,0.01,12,9984,买盘
178,10:01:49,8.32,0.0,8,6656,买盘
179,10:01:52,8.32,0.0,10,8320,买盘
180,10:01:58,8.32,0.0,52,43264,卖盘
181,10:02:10,8.32,0.0,5,4160,买盘
182,10:02:13,8.32,0.0,15,12480,买盘
183,10:02:15,8.32,0.0,7,5824,买盘
184,10:02:31,8.32,0.0,20,16640,买盘
185,10:02:34,8.32,0.0,1,832,买盘
186,10:02:36,8.32,0.0,5,4160,卖盘
187,10:02:46,8.32,0.0,6,4992,卖盘
188,10:03:04,8.31,-0.01,20,16620,卖盘
189,10:03:51,8.31,0.0,9,7479,卖盘
190,10:04:22,8.31,0.0,41,34071,卖盘
191,10:04:40,8.31,0.0,3,2493,买盘
192,10:05:04,8.31,0.0,23,19113,买盘
193,10:05:13,8.32,0.01,33,27456,买盘
194,10:06:33,8.32,0.0,7,5824,买盘
195,10:06:43,8.32,0.0,5,4160,买盘
196,10:06:46,8.32,0.0,12,9984,买盘
197,10:07:16,8.32,0.0,10,8320,买盘
198,10:07:21,8.32,0.0,82,68224,买盘
199,10:07:31,8.32,0.0,43,35776,买盘
200,10:07:39,8.32,0.0,43,35776,买盘
201,10:07:42,8.31,-0.01,10,8310,卖盘
202,10:08:13,8.32,0.01,3,2496,买盘
203,10:08:28,8.32,0.0,5,4160,买盘
204,10:08:46,8.32,0.0,2,1664,买盘
205,10:08:49,8.32,0.0,1,832,卖盘
206,10:08:58,8.32,0.0,18,14976,买盘
207,10:09:06,8.32,0.0,1,832,买盘
208,10:09:25,8.33,0.01,15,12495,买盘
209,10:09:43,8.33,0.0,13,10829,买盘
210,10:09:49,8.33,0.0,1,833,买盘
211,10:10:22,8.32,-0.01,7,5824,卖盘
212,10:10:31,8.32,0.0,208,173056,卖盘
213,10:10:37,8.33,0.01,8,6664,买盘
214,10:10:46,8.32,-0.01,5,4160,卖盘
215,10:10:49,8.32,0.0,27,22464,卖盘
216,10:10:58,8.33,0.01,4,3332,买盘
217,10:11:16,8.32,-0.01,50,41600,卖盘
218,10:12:04,8.33,0.01,87,72471,买盘
219,10:12:25,8.33,0.0,172,143276,买盘
220,10:12:31,8.33,0.0,7,5831,买盘
221,10:13:01,8.32,-0.01,40,33283,卖盘
222,10:14:04,8.34,0.02,67,55878,买盘
223,10:14:06,8.34,0.0,2,1668,买盘
224,10:14:16,8.34,0.0,10,8340,买盘
225,10:14:45,8.34,0.0,11,9174,买盘
226,10:14:57,8.34,0.0,5,4170,买盘
227,10:16:13,8.34,0.0,42,35028,买盘
228,10:16:16,8.34,0.0,3,2502,卖盘
229,10:16:34,8.35,0.01,89,74315,买盘
230,10:16:57,8.34,-0.01,10,8340,买盘
231,10:17:04,8.34,0.0,12,10008,买盘
232,10:17:10,8.34,0.0,10,8340,买盘
233,10:17:22,8.34,0.0,24,20016,买盘
234,10:17:42,8.33,-0.01,3,2499,卖盘
235,10:19:57,8.34,0.01,50,41700,买盘
236,10:20:18,8.33,-0.01,14,11662,卖盘
237,10:21:10,8.33,0.0,10,8330,卖盘
238,10:21:27,8.33,0.0,1,833,卖盘
239,10:21:54,8.33,0.0,262,218246,卖盘
240,10:22:16,8.32,-0.01,20,16640,卖盘
241,10:22:54,8.32,0.0,1,832,卖盘
242,10:23:19,8.32,0.0,3,2496,卖盘
243,10:23:22,8.33,0.01,100,83300,买盘
244,10:23:52,8.33,0.0,12,9996,买盘
245,10:24:04,8.32,-0.01,115,95680,卖盘
246,10:24:07,8.32,0.0,2,1664,卖盘
247,10:24:10,8.33,0.01,46,38316,买盘
248,10:24:16,8.32,-0.01,2,1664,卖盘
249,10:24:19,8.32,0.0,4,3328,卖盘
250,10:24:55,8.32,0.0,30,24960,卖盘
251,10:25:04,8.32,0.0,24,19968,卖盘
252,10:25:46,8.32,0.0,3,2496,卖盘
253,10:26:07,8.32,0.0,2,1664,买盘
254,10:26:33,8.31,-0.01,17,14127,卖盘
255,10:27:06,8.31,0.0,38,31578,卖盘
256,10:27:34,8.31,0.0,36,29916,卖盘
257,10:29:00,8.31,0.0,79,65649,卖盘
258,10:29:04,8.32,0.01,78,64896,买盘
259,10:29:06,8.31,-0.01,17,14127,卖盘
260,10:29:10,8.31,0.0,21,17451,卖盘
261,10:30:46,8.32,0.01,42,34944,买盘
262,10:30:52,8.32,0.0,4,3328,卖盘
263,10:30:57,8.32,0.0,22,18304,卖盘
264,10:31:49,8.32,0.0,7,5824,卖盘
265,10:32:43,8.32,0.0,1,832,卖盘
266,10:33:06,8.32,0.0,44,36608,卖盘
267,10:33:31,8.32,0.0,4,3328,买盘
268,10:33:49,8.32,0.0,4,3328,买盘
269,10:34:24,8.31,-0.01,10,8310,卖盘
270,10:35:31,8.32,0.01,3,2496,买盘
271,10:35:40,8.31,-0.01,60,49860,卖盘
272,10:35:42,8.31,0.0,17,14127,卖盘
273,10:35:46,8.31,0.0,6,4986,卖盘
274,10:35:49,8.31,0.0,11,9141,卖盘
275,10:35:52,8.31,0.0,11,9141,卖盘
276,10:35:55,8.31,0.0,11,9141,卖盘
277,10:35:58,8.31,0.0,8,6648,卖盘
278,10:36:01,8.31,0.0,6,4986,卖盘
279,10:36:04,8.31,0.0,6,4986,卖盘
280,10:36:07,8.31,0.0,3,2493,卖盘
281,10:36:10,8.31,0.0,4,3324,卖盘
282,10:36:13,8.31,0.0,4,3324,卖盘
283,10:36:16,8.31,0.0,4,3324,卖盘
284,10:36:19,8.31,0.0,3,2493,卖盘
285,10:36:22,8.31,0.0,2,1662,卖盘
286,10:36:25,8.31,0.0,26,21606,卖盘
287,10:36:28,8.3,-0.01,4,3320,卖盘
288,10:36:33,8.3,0.0,12,9960,卖盘
289,10:36:36,8.3,0.0,2,1660,卖盘
290,10:36:43,8.3,0.0,11,9130,卖盘
291,10:36:45,8.3,0.0,11,9130,卖盘
292,10:36:49,8.3,0.0,13,10790,卖盘
293,10:36:52,8.3,0.0,10,8300,卖盘
294,10:36:55,8.3,0.0,11,9130,卖盘
295,10:36:58,8.3,0.0,34,28220,卖盘
296,10:37:01,8.3,0.0,13,10790,卖盘
297,10:37:04,8.3,0.0,18,14940,卖盘
298,10:37:06,8.3,0.0,7,5810,卖盘
299,10:37:10,8.3,0.0,10,8300,卖盘
300,10:37:13,8.3,0.0,10,8300,卖盘
301,10:37:16,8.3,0.0,5,4150,卖盘
302,10:37:19,8.3,0.0,13,10790,卖盘
303,10:37:22,8.3,0.0,30,24900,卖盘
304,10:37:24,8.3,0.0,27,22410,卖盘
305,10:37:28,8.3,0.0,19,15770,卖盘
306,10:37:31,8.3,0.0,3,2490,卖盘
307,10:37:34,8.3,0.0,1,830,卖盘
308,10:37:37,8.3,0.0,1,830,卖盘
309,10:37:39,8.3,0.0,1,830,卖盘
310,10:37:43,8.3,0.0,17,14110,卖盘
311,10:37:45,8.3,0.0,5,4150,买盘
312,10:37:55,8.29,-0.01,2,1658,卖盘
313,10:38:06,8.3,0.01,49,40670,卖盘
314,10:38:39,8.3,0.0,5,4150,买盘
315,10:38:45,8.29,-0.01,79,65491,卖盘
316,10:38:49,8.29,0.0,57,47253,卖盘
317,10:39:01,8.29,0.0,4,3316,卖盘
318,10:39:04,8.3,0.01,20,16600,买盘
319,10:39:16,8.3,0.0,166,137780,买盘
320,10:39:34,8.32,0.02,48,39936,买盘
321,10:40:03,8.3,-0.02,12,9960,卖盘
322,10:40:55,8.31,0.01,10,8310,卖盘
323,10:40:57,8.31,0.0,20,16620,卖盘
324,10:41:15,8.32,0.01,47,39104,买盘
325,10:41:18,8.33,0.01,157,130781,买盘
326,10:41:34,8.33,0.0,1,833,卖盘
327,10:41:46,8.33,0.0,37,30821,卖盘
328,10:41:48,8.33,0.0,3,2499,卖盘
329,10:41:52,8.33,0.0,2,1666,卖盘
330,10:43:00,8.34,0.01,50,41700,买盘
331,10:43:18,8.33,-0.01,4,3332,卖盘
332,10:43:33,8.33,0.0,31,25823,买盘
333,10:43:52,8.33,0.0,1,833,卖盘
334,10:43:57,8.33,0.0,4,3332,卖盘
335,10:44:01,8.33,0.0,3,2499,卖盘
336,10:44:04,8.33,0.0,12,9996,卖盘
337,10:44:07,8.33,0.0,15,12495,卖盘
338,10:44:10,8.33,0.0,11,9163,卖盘
339,10:44:12,8.33,0.0,54,44982,卖盘
340,10:44:15,8.33,0.0,46,38318,卖盘
341,10:44:18,8.32,-0.01,6,4992,卖盘
342,10:44:21,8.32,0.0,147,122304,卖盘
343,10:44:30,8.3,-0.02,231,191850,卖盘
344,10:44:42,8.3,0.0,200,166030,卖盘
345,10:44:48,8.3,0.0,40,33200,卖盘
346,10:44:51,8.32,0.02,3,2496,买盘
347,10:44:55,8.32,0.0,1,832,卖盘
348,10:44:58,8.32,0.0,1,832,卖盘
349,10:45:06,8.3,-0.02,114,94620,卖盘
350,10:45:40,8.3,0.0,19,15770,卖盘
351,10:46:04,8.3,0.0,30,24900,买盘
352,10:46:22,8.3,0.0,6,4980,买盘
353,10:46:31,8.3,0.0,23,19090,买盘
354,10:46:57,8.3,0.0,48,39840,卖盘
355,10:47:01,8.3,0.0,24,19920,卖盘
356,10:48:09,8.29,-0.01,400,331644,卖盘
357,10:48:36,8.34,0.05,511,425920,买盘
358,10:48:39,8.35,0.01,1084,904339,买盘
359,10:48:42,8.35,0.0,516,430860,买盘
360,10:49:33,8.31,-0.04,5,4155,卖盘
361,10:50:13,8.34,0.03,73,60882,买盘
362,10:50:18,8.35,0.01,298,249059,买盘
363,10:50:31,8.36,0.01,5,4180,买盘
364,10:50:37,8.36,0.0,121,101156,买盘
365,10:50:58,8.36,0.0,22,18392,买盘
366,10:51:28,8.36,0.0,20,16720,买盘
367,10:51:42,8.36,0.0,1,836,买盘
368,10:51:57,8.35,-0.01,10,8350,卖盘
369,10:52:27,8.35,0.0,5,4175,买盘
370,10:52:46,8.35,0.0,10,8350,买盘
371,10:53:33,8.35,0.0,61,50935,买盘
372,10:53:40,8.35,0.0,100,83500,买盘
373,10:54:07,8.35,0.0,20,16700,买盘
374,10:54:22,8.35,0.0,4,3340,买盘
375,10:54:55,8.35,0.0,2,1670,买盘
376,10:55:19,8.35,0.0,2,1670,买盘
377,10:55:28,8.35,0.0,59,49265,买盘
378,10:55:33,8.35,0.0,53,44255,买盘
379,10:56:18,8.36,0.01,74,61864,买盘
380,10:56:27,8.36,0.0,3,2508,买盘
381,10:56:30,8.36,0.0,1,836,买盘
382,10:56:49,8.36,0.0,29,24244,买盘
383,10:56:58,8.36,0.0,61,50996,买盘
384,10:57:09,8.36,0.0,56,46816,买盘
385,10:57:16,8.36,0.0,130,108680,买盘
386,10:57:51,8.37,0.01,29,24273,买盘
387,10:58:15,8.37,0.0,11,9207,买盘
388,10:58:18,8.37,0.0,28,23436,卖盘
389,10:58:33,8.37,0.0,30,25110,买盘
390,10:58:36,8.37,0.0,2,1674,卖盘
391,10:58:45,8.38,0.01,10,8380,买盘
392,10:58:48,8.37,-0.01,10,8370,卖盘
393,10:58:51,8.36,-0.01,116,97028,卖盘
394,10:58:54,8.38,0.02,200,167600,买盘
395,10:59:00,8.38,0.0,43,35988,买盘
396,10:59:04,8.38,0.0,22,18436,卖盘
397,10:59:25,8.38,0.0,21,17598,买盘
398,10:59:27,8.39,0.01,31,25993,买盘
399,10:59:30,8.38,-0.01,14,11732,卖盘
400,10:59:33,8.4,0.02,243,204044,买盘
401,10:59:45,8.4,0.0,1,840,卖盘
402,10:59:48,8.4,0.0,1,840,卖盘
403,10:59:52,8.4,0.0,50,42000,卖盘
404,10:59:55,8.4,0.0,1,840,卖盘
405,10:59:58,8.4,0.0,1,840,卖盘
406,11:00:00,8.41,0.01,118,99233,买盘
407,11:00:04,8.4,-0.01,16,13455,卖盘
408,11:00:06,8.42,0.02,11,9252,买盘
409,11:00:13,8.41,-0.01,80,67280,买盘
410,11:00:21,8.41,0.0,12,10092,买盘
411,11:00:27,8.41,0.0,6,5046,买盘
412,11:00:33,8.4,-0.01,5,4200,卖盘
413,11:00:36,8.4,0.0,1,840,卖盘
414,11:00:40,8.4,0.0,49,41160,卖盘
415,11:00:46,8.38,-0.02,13,10894,卖盘
416,11:00:49,8.4,0.02,20,16800,买盘
417,11:00:52,8.4,0.0,5,4200,卖盘
418,11:00:54,8.38,-0.02,7,5866,卖盘
419,11:00:57,8.38,0.0,19,15922,买盘
420,11:01:00,8.4,0.02,123,103148,买盘
421,11:01:31,8.4,0.0,50,42000,买盘
422,11:01:39,8.4,0.0,50,42000,买盘
423,11:01:45,8.4,0.0,64,53760,买盘
424,11:01:48,8.4,0.0,15,12600,卖盘
425,11:01:52,8.4,0.0,14,11760,卖盘
426,11:02:10,8.4,0.0,18,15120,买盘
427,11:02:16,8.4,0.0,1,840,买盘
428,11:02:21,8.4,0.0,36,30240,买盘
429,11:02:31,8.4,0.0,39,32760,卖盘
430,11:02:39,8.41,0.01,67,56326,买盘
431,11:02:45,8.4,-0.01,13,10920,买盘
432,11:02:48,8.41,0.01,69,57976,买盘
433,11:03:01,8.4,-0.01,7,5880,买盘
434,11:03:15,8.39,-0.01,53,44467,卖盘
435,11:03:34,8.38,-0.01,27,22626,卖盘
436,11:03:55,8.39,0.01,6,5034,买盘
437,11:03:57,8.39,0.0,3,2517,买盘
438,11:04:10,8.39,0.0,29,24332,买盘
439,11:04:34,8.39,0.0,48,40272,卖盘
440,11:04:43,8.4,0.01,60,50400,买盘
441,11:06:21,8.39,-0.01,54,45306,卖盘
442,11:06:37,8.39,0.0,35,29365,买盘
443,11:07:04,8.38,-0.01,10,8380,卖盘
444,11:07:13,8.38,0.0,10,8380,卖盘
445,11:07:16,8.39,0.01,16,13424,买盘
446,11:07:22,8.38,-0.01,4,3352,卖盘
447,11:07:37,8.39,0.01,99,83061,买盘
448,11:07:57,8.39,0.0,5,4195,卖盘
449,11:08:21,8.4,0.01,136,114240,买盘
450,11:08:24,8.4,0.0,10,8400,卖盘
451,11:08:51,8.41,0.01,37,31117,买盘
452,11:08:54,8.41,0.0,26,21866,买盘
453,11:09:04,8.42,0.01,40,33680,买盘
454,11:09:09,8.41,-0.01,36,30276,卖盘
455,11:09:31,8.41,0.0,28,23548,卖盘
456,11:09:36,8.41,0.0,10,8410,买盘
457,11:10:30,8.4,-0.01,23,19320,卖盘
458,11:10:36,8.4,0.0,12,10080,卖盘
459,11:10:45,8.4,0.0,9,7560,卖盘
460,11:10:51,8.4,0.0,3,2520,卖盘
461,11:11:33,8.4,0.0,20,16800,买盘
462,11:12:18,8.4,0.0,19,15960,买盘
463,11:12:54,8.4,0.0,15,12600,卖盘
464,11:12:57,8.4,0.0,8,6720,卖盘
465,11:13:09,8.41,0.01,197,165677,买盘
466,11:13:16,8.4,-0.01,36,30263,卖盘
467,11:13:18,8.42,0.02,69,58098,买盘
468,11:13:46,8.41,-0.01,20,16820,买盘
469,11:13:49,8.41,0.0,45,37845,卖盘
470,11:13:51,8.41,0.0,20,16820,卖盘
471,11:13:57,8.41,0.0,5,4205,卖盘
472,11:15:12,8.4,-0.01,103,86520,卖盘
473,11:15:21,8.4,0.0,22,18480,买盘
474,11:15:25,8.4,0.0,28,23520,买盘
475,11:15:36,8.41,0.01,10,8410,买盘
476,11:16:09,8.4,-0.01,13,10920,卖盘
477,11:16:18,8.4,0.0,9,7560,卖盘
478,11:16:42,8.4,0.0,21,17640,买盘
479,11:17:07,8.4,0.0,10,8400,卖盘
480,11:17:12,8.4,0.0,29,24360,卖盘
481,11:17:33,8.39,-0.01,69,57891,卖盘
482,11:17:42,8.39,0.0,72,60408,买盘
483,11:18:00,8.39,0.0,2,1678,买盘
484,11:18:57,8.38,-0.01,10,8380,卖盘
485,11:19:45,8.38,0.0,5,4190,卖盘
486,11:20:09,8.39,0.01,89,74671,买盘
487,11:21:12,8.39,0.0,10,8390,卖盘
488,11:22:09,8.39,0.0,39,32721,卖盘
489,11:22:27,8.39,0.0,1,839,卖盘
490,11:23:57,8.4,0.01,15,12600,买盘
491,11:25:06,8.39,-0.01,8,6712,卖盘
492,11:26:27,8.39,0.0,24,20136,卖盘
493,11:27:06,8.39,0.0,2,1678,卖盘
494,11:27:45,8.39,0.0,50,41950,卖盘
495,11:29:25,8.39,0.0,16,13424,卖盘
496,11:29:33,8.39,0.0,39,32721,买盘
497,11:29:42,8.39,0.0,5,4195,卖盘
498,11:29:57,8.4,0.01,1,840,买盘
499,13:00:04,8.38,-0.02,662,555761,卖盘
500,13:00:15,8.38,0.0,62,52009,卖盘
501,13:01:06,8.38,0.0,2,1676,买盘
502,13:01:33,8.37,-0.01,25,20925,卖盘
503,13:02:51,8.38,0.01,25,20950,买盘
504,13:03:00,8.38,0.0,47,39386,买盘
505,13:03:04,8.38,0.0,31,25978,买盘
506,13:03:12,8.38,0.0,25,20950,买盘
507,13:03:15,8.38,0.0,9,7542,买盘
508,13:03:18,8.38,0.0,70,58660,买盘
509,13:03:21,8.38,0.0,9,7542,买盘
510,13:03:24,8.38,0.0,1,838,买盘
511,13:03:30,8.38,0.0,54,45252,买盘
512,13:04:42,8.39,0.01,48,40272,卖盘
513,13:05:00,8.4,0.01,9,7560,买盘
514,13:05:12,8.39,-0.01,100,83900,卖盘
515,13:05:18,8.39,0.0,33,27687,卖盘
516,13:06:33,8.39,0.0,1,839,卖盘
517,13:06:42,8.38,-0.01,55,46098,卖盘
518,13:06:54,8.38,0.0,13,10894,买盘
519,13:07:21,8.38,0.0,15,12570,买盘
520,13:08:52,8.35,-0.03,446,372507,卖盘
521,13:09:27,8.38,0.03,6,5028,买盘
522,13:10:07,8.38,0.0,17,14246,买盘
523,13:10:09,8.38,0.0,8,6704,买盘
524,13:10:13,8.38,0.0,3,2514,买盘
525,13:10:16,8.38,0.0,2,1676,买盘
526,13:10:24,8.38,0.0,2,1676,买盘
527,13:12:37,8.36,-0.02,472,394721,卖盘
528,13:13:00,8.36,0.0,2,1672,卖盘
529,13:15:42,8.36,0.0,120,100320,卖盘
530,13:16:03,8.36,0.0,56,46816,卖盘
531,13:16:07,8.36,0.0,29,24244,买盘
532,13:16:09,8.35,-0.01,270,225455,卖盘
533,13:19:34,8.36,0.01,167,139612,买盘
534,13:19:37,8.35,-0.01,52,43453,卖盘
535,13:20:42,8.35,0.0,75,62625,卖盘
536,13:21:36,8.35,0.0,27,22545,买盘
537,13:22:00,8.35,0.0,2,1670,买盘
538,13:22:33,8.35,0.0,23,19205,卖盘
539,13:22:36,8.35,0.0,11,9185,买盘
540,13:22:39,8.35,0.0,5,4175,买盘
541,13:23:12,8.35,0.0,5,4175,买盘
542,13:23:18,8.36,0.01,23,19228,买盘
543,13:26:15,8.36,0.0,1,836,卖盘
544,13:27:13,8.36,0.0,16,13376,卖盘
545,13:28:48,8.37,0.01,5,4185,买盘
546,13:28:57,8.37,0.0,10,8370,买盘
547,13:30:27,8.37,0.0,10,8370,买盘
548,13:31:39,8.36,-0.01,50,41800,卖盘
549,13:32:15,8.36,0.0,6,5016,卖盘
550,13:33:04,8.37,0.01,2,1674,买盘
551,13:33:42,8.37,0.0,5,4185,买盘
552,13:33:45,8.37,0.0,3,2511,买盘
553,13:34:04,8.37,0.0,5,4185,买盘
554,13:34:46,8.37,0.0,20,16740,买盘
555,13:35:31,8.36,-0.01,180,150480,卖盘
556,13:36:48,8.35,-0.01,10,8350,卖盘
557,13:37:00,8.35,0.0,2,1670,卖盘
558,13:37:21,8.35,0.0,20,16700,卖盘
559,13:37:28,8.35,0.0,110,91850,卖盘
560,13:37:48,8.35,0.0,4,3340,买盘
561,13:38:00,8.35,0.0,6,5010,卖盘
562,13:38:12,8.36,0.01,77,64280,买盘
563,13:38:51,8.35,-0.01,13,10855,卖盘
564,13:39:13,8.35,0.0,37,30895,卖盘
565,13:39:45,8.35,0.0,37,30895,买盘
566,13:40:12,8.36,0.01,65,54340,买盘
567,13:40:51,8.36,0.0,4,3344,卖盘
568,13:41:04,8.36,0.0,9,7524,卖盘
569,13:41:43,8.36,0.0,3,2508,买盘
570,13:41:54,8.36,0.0,1,836,卖盘
571,13:42:04,8.35,-0.01,30,25055,卖盘
572,13:42:21,8.35,0.0,1,835,卖盘
573,13:43:13,8.35,0.0,18,15030,卖盘
574,13:47:24,8.35,0.0,13,10855,卖盘
575,13:47:27,8.35,0.0,18,15030,卖盘
576,13:48:06,8.35,0.0,40,33400,卖盘
577,13:48:18,8.35,0.0,30,25050,卖盘
578,13:48:33,8.35,0.0,20,16700,卖盘
579,13:48:42,8.35,0.0,94,78490,卖盘
580,13:48:51,8.35,0.0,11,9185,买盘
581,13:49:04,8.34,-0.01,27,22518,卖盘
582,13:49:22,8.34,0.0,219,182646,卖盘
583,13:50:04,8.34,0.0,6,5004,卖盘
584,13:50:27,8.34,0.0,6,5004,卖盘
585,13:50:45,8.34,0.0,3,2502,卖盘
586,13:51:06,8.34,0.0,1,834,卖盘
587,13:51:58,8.34,0.0,21,17514,卖盘
588,13:52:21,8.34,0.0,72,60048,卖盘
589,13:52:42,8.33,-0.01,8,6664,卖盘
590,13:52:51,8.34,0.01,37,30858,买盘
591,13:53:24,8.34,0.0,42,35028,买盘
592,13:53:36,8.34,0.0,42,35028,买盘
593,13:53:39,8.34,0.0,21,17514,买盘
594,13:53:42,8.34,0.0,1,834,买盘
595,13:53:45,8.34,0.0,21,17514,买盘
596,13:53:55,8.34,0.0,12,10008,卖盘
597,13:54:36,8.33,-0.01,222,184980,卖盘
598,13:54:48,8.34,0.01,10,8340,卖盘
599,13:55:12,8.34,0.0,3,2502,卖盘
600,13:56:45,8.34,0.0,23,19182,卖盘
601,13:57:42,8.34,0.0,6,5004,卖盘
602,13:59:39,8.34,0.0,38,31692,卖盘
603,13:59:42,8.34,0.0,4,3336,卖盘
604,14:00:28,8.34,0.0,10,8340,买盘
605,14:01:09,8.34,0.0,2,1668,买盘
606,14:01:36,8.34,0.0,1,834,买盘
607,14:03:27,8.33,-0.01,40,33320,卖盘
608,14:04:01,8.33,0.0,55,45815,卖盘
609,14:05:15,8.34,0.01,31,25854,买盘
610,14:05:18,8.33,-0.01,23,19169,卖盘
611,14:05:24,8.33,0.0,59,49147,卖盘
612,14:05:27,8.34,0.01,40,33360,买盘
613,14:05:42,8.36,0.02,68,56836,买盘
614,14:05:45,8.36,0.0,1,836,卖盘
615,14:05:48,8.36,0.0,4,3344,卖盘
616,14:06:04,8.36,0.0,5,4180,卖盘
617,14:06:07,8.36,0.0,1,836,卖盘
618,14:06:09,8.36,0.0,1,836,卖盘
619,14:06:12,8.36,0.0,1,836,卖盘
620,14:06:24,8.36,0.0,3,2508,卖盘
621,14:06:27,8.36,0.0,2,1672,卖盘
622,14:06:30,8.36,0.0,4,3344,卖盘
623,14:06:34,8.36,0.0,4,3344,卖盘
624,14:06:36,8.36,0.0,44,36784,卖盘
625,14:06:39,8.36,0.0,3,2508,卖盘
626,14:06:54,8.36,0.0,1,836,卖盘
627,14:06:57,8.36,0.0,1,836,卖盘
628,14:07:00,8.36,0.0,7,5852,卖盘
629,14:07:03,8.37,0.01,291,243566,买盘
630,14:08:04,8.37,0.0,24,20088,买盘
631,14:09:04,8.36,-0.01,21,17556,卖盘
632,14:10:10,8.34,-0.02,10,8340,卖盘
633,14:10:24,8.34,0.0,1,834,卖盘
634,14:10:37,8.34,0.0,3,2502,卖盘
635,14:11:25,8.34,0.0,17,14178,卖盘
636,14:12:00,8.35,0.01,10,8350,买盘
637,14:12:27,8.36,0.01,49,40964,买盘
638,14:12:54,8.36,0.0,40,33440,卖盘
639,14:13:10,8.37,0.01,4,3348,买盘
640,14:13:34,8.37,0.0,61,51057,买盘
641,14:13:49,8.37,0.0,1,837,卖盘
642,14:13:52,8.37,0.0,1,837,卖盘
643,14:13:54,8.37,0.0,1,837,卖盘
644,14:13:58,8.37,0.0,1,837,卖盘
645,14:14:01,8.37,0.0,1,837,卖盘
646,14:14:04,8.37,0.0,46,38494,卖盘
647,14:14:30,8.37,0.0,70,58590,买盘
648,14:14:39,8.37,0.0,20,16740,卖盘
649,14:14:42,8.37,0.0,10,8370,卖盘
650,14:15:06,8.36,-0.01,1,836,卖盘
651,14:15:24,8.37,0.01,29,24273,买盘
652,14:15:28,8.37,0.0,6,5022,卖盘
653,14:15:31,8.36,-0.01,60,50201,卖盘
654,14:15:58,8.34,-0.02,200,166987,卖盘
655,14:17:04,8.36,0.02,5,4180,买盘
656,14:17:09,8.36,0.0,69,57684,卖盘
657,14:17:18,8.36,0.0,13,10868,卖盘
658,14:18:18,8.36,0.0,28,23408,卖盘
659,14:18:33,8.36,0.0,30,25080,卖盘
660,14:19:34,8.36,0.0,21,17556,买盘
661,14:19:42,8.36,0.0,2,1672,卖盘
662,14:19:45,8.36,0.0,1,836,卖盘
663,14:20:06,8.36,0.0,5,4180,卖盘
664,14:20:21,8.37,0.01,50,41850,买盘
665,14:20:30,8.37,0.0,105,87885,买盘
666,14:20:43,8.37,0.0,15,12555,卖盘
667,14:21:27,8.36,-0.01,1,836,卖盘
668,14:22:13,8.36,0.0,1,836,卖盘
669,14:23:37,8.36,0.0,31,25916,卖盘
670,14:25:09,8.37,0.01,45,37665,买盘
671,14:25:54,8.37,0.0,41,34317,卖盘
672,14:26:33,8.37,0.0,5,4185,卖盘
673,14:27:40,8.36,-0.01,10,8360,卖盘
674,14:27:45,8.36,0.0,46,38456,卖盘
675,14:28:39,8.36,0.0,8,6688,卖盘
676,14:29:00,8.36,0.0,50,41800,卖盘
677,14:29:24,8.36,0.0,23,19228,买盘
678,14:29:34,8.37,0.01,8,6696,买盘
679,14:29:58,8.37,0.0,73,61101,买盘
680,14:31:28,8.37,0.0,2,1674,卖盘
681,14:31:58,8.37,0.0,38,31806,卖盘
682,14:32:07,8.37,0.0,41,34317,卖盘
683,14:32:40,8.37,0.0,1,837,卖盘
684,14:33:28,8.37,0.0,100,83700,卖盘
685,14:33:40,8.37,0.0,45,37665,卖盘
686,14:34:18,8.37,0.0,150,125550,卖盘
687,14:34:27,8.37,0.0,26,21762,卖盘
688,14:36:21,8.36,-0.01,2,1672,卖盘
689,14:36:49,8.37,0.01,108,90396,买盘
690,14:37:04,8.37,0.0,5,4185,卖盘
691,14:37:12,8.37,0.0,74,61938,卖盘
692,14:37:39,8.36,-0.01,8,6688,卖盘
693,14:38:04,8.36,0.0,61,50996,卖盘
694,14:38:09,8.36,0.0,6,5016,卖盘
695,14:38:21,8.36,0.0,3,2508,卖盘
696,14:40:13,8.37,0.01,73,61101,买盘
697,14:40:48,8.37,0.0,135,112995,买盘
698,14:40:58,8.38,0.01,301,252238,买盘
699,14:41:01,8.37,-0.01,12,10044,卖盘
700,14:41:22,8.38,0.01,117,98046,买盘
701,14:41:58,8.38,0.0,43,36034,卖盘
702,14:42:07,8.38,0.0,7,5866,买盘
703,14:42:16,8.37,-0.01,44,36851,卖盘
704,14:42:21,8.38,0.01,20,16760,买盘
705,14:42:24,8.38,0.0,19,15922,卖盘
706,14:42:27,8.38,0.0,3,2514,买盘
707,14:42:31,8.38,0.0,28,23464,买盘
708,14:43:01,8.38,0.0,41,34358,卖盘
709,14:43:36,8.38,0.0,40,33520,买盘
710,14:43:46,8.38,0.0,224,187712,买盘
711,14:43:52,8.38,0.0,11,9218,卖盘
712,14:44:04,8.37,-0.01,10,8370,卖盘
713,14:44:07,8.38,0.01,8,6704,买盘
714,14:44:31,8.38,0.0,8,6704,买盘
715,14:44:51,8.37,-0.01,27,22599,卖盘
716,14:45:22,8.37,0.0,19,15903,卖盘
717,14:45:40,8.37,0.0,15,12555,卖盘
718,14:46:04,8.38,0.01,84,70327,买盘
719,14:46:37,8.37,-0.01,5,4185,卖盘
720,14:46:55,8.38,0.01,22,18436,买盘
721,14:46:58,8.38,0.0,43,36034,买盘
722,14:47:07,8.37,-0.01,10,8370,卖盘
723,14:47:46,8.38,0.01,398,333524,买盘
724,14:48:16,8.38,0.0,106,88828,卖盘
725,14:48:18,8.38,0.0,20,16760,卖盘
726,14:48:31,8.38,0.0,1,838,卖盘
727,14:48:42,8.38,0.0,8,6704,卖盘
728,14:48:49,8.37,-0.01,417,349254,卖盘
729,14:49:25,8.37,0.0,7,5859,买盘
730,14:49:28,8.36,-0.01,155,129587,卖盘
731,14:49:31,8.37,0.01,420,351195,买盘
732,14:49:33,8.37,0.0,50,41850,卖盘
733,14:49:40,8.37,0.0,59,49383,卖盘
734,14:49:48,8.37,0.0,3,2511,卖盘
735,14:49:52,8.38,0.01,49,41062,买盘
736,14:49:55,8.37,-0.01,6,5022,卖盘
737,14:50:10,8.37,0.0,50,41850,卖盘
738,14:50:13,8.38,0.01,10,8380,买盘
739,14:50:46,8.36,-0.02,60,50169,卖盘
740,14:50:55,8.38,0.02,5,4190,买盘
741,14:51:07,8.36,-0.02,9,7524,卖盘
742,14:51:10,8.37,0.01,3,2511,买盘
743,14:51:28,8.37,0.0,81,67797,买盘
744,14:51:55,8.36,-0.01,43,35948,卖盘
745,14:51:58,8.37,0.01,15,12555,买盘
746,14:52:07,8.37,0.0,6,5022,买盘
747,14:52:16,8.37,0.0,8,6696,买盘
748,14:52:28,8.36,-0.01,36,30096,卖盘
749,14:52:51,8.36,0.0,15,12540,卖盘
750,14:52:55,8.36,0.0,11,9196,卖盘
751,14:53:01,8.37,0.01,49,41013,买盘
752,14:53:22,8.37,0.0,54,45198,买盘
753,14:53:33,8.37,0.0,2,1674,买盘
754,14:53:55,8.36,-0.01,78,65208,卖盘
755,14:53:57,8.36,0.0,2,1672,卖盘
756,14:54:07,8.36,0.0,31,25916,卖盘
757,14:54:13,8.36,0.0,19,15884,买盘
758,14:54:16,8.36,0.0,5,4180,卖盘
759,14:54:22,8.36,0.0,14,11704,卖盘
760,14:54:25,8.36,0.0,4,3344,卖盘
761,14:54:33,8.36,0.0,34,28424,卖盘
762,14:54:42,8.35,-0.01,12,10020,卖盘
763,14:55:18,8.35,0.0,168,140282,卖盘
764,14:55:21,8.35,0.0,24,20040,卖盘
765,14:55:25,8.35,0.0,26,21710,卖盘
766,14:55:28,8.35,0.0,13,10855,买盘
767,14:55:46,8.35,0.0,37,30895,买盘
768,14:55:49,8.35,0.0,14,11690,买盘
769,14:55:52,8.34,-0.01,42,35029,卖盘
770,14:55:55,8.34,0.0,3,2502,卖盘
771,14:56:06,8.35,0.01,90,75150,买盘
772,14:56:13,8.34,-0.01,37,30882,卖盘
773,14:56:25,8.34,0.0,48,40032,卖盘
774,14:56:37,8.34,0.0,58,48409,卖盘
775,14:56:46,8.34,0.0,167,139278,卖盘
776,14:56:48,8.36,0.02,6,5016,买盘
777,15:00:04,8.38,0.02,1384,1159792,卖盘
