,time,price,change,volume,amount,type
0,09:25:05,30.13,-0.04,21,63273,卖盘
1,09:30:04,29.65,-0.48,6,17790,卖盘
2,09:30:07,29.68,0.03,33,97975,中性盘
3,09:30:10,29.68,0.0,7,20851,卖盘
4,09:30:13,29.68,0.0,5,14840,卖盘
5,09:31:19,29.7,0.02,6,17820,卖盘
6,09:31:22,29.69,-0.01,11,32665,卖盘
7,09:31:25,29.7,0.01,42,124735,买盘
8,09:31:46,29.71,0.01,1,2971,卖盘
9,09:32:13,30.0,0.29,24,71998,买盘
10,09:32:16,29.72,-0.28,1,2972,卖盘
11,09:32:22,30.0,0.28,1,3000,买盘
12,09:32:43,29.98,-0.02,1,2998,买盘
13,09:32:46,29.98,0.0,6,17988,买盘
14,09:32:52,29.98,0.0,2,5996,买盘
15,09:32:55,30.0,0.02,3,8998,买盘
16,09:33:07,30.0,0.0,3,9000,买盘
17,09:33:13,30.0,0.0,2,6000,买盘
18,09:33:28,30.0,0.0,1,3000,买盘
19,09:33:43,29.8,-0.01,5,14902,卖盘
20,09:33:58,29.81,0.01,1,2981,卖盘
21,09:34:04,30.0,0.19,2,6000,买盘
22,09:34:19,30.0,0.0,1,3000,买盘
23,09:34:28,29.82,-0.18,1,2982,卖盘
24,09:34:37,30.0,0.18,1,3000,买盘
25,09:34:58,29.83,-0.17,2,5967,卖盘
26,09:35:13,29.82,-0.01,17,50718,卖盘
27,09:35:28,29.85,0.03,1,2985,卖盘
28,09:35:34,29.85,0.0,7,20895,卖盘
29,09:35:40,29.85,0.0,4,11940,买盘
30,09:35:58,29.83,-0.02,1,2983,卖盘
31,09:36:01,29.85,0.02,1,2985,买盘
32,09:36:06,29.83,-0.02,4,11932,卖盘
33,09:36:13,29.83,0.0,1,2983,买盘
34,09:36:19,29.82,-0.01,4,11931,卖盘
35,09:36:25,29.82,0.0,4,11928,买盘
36,09:36:28,29.81,-0.01,2,5963,卖盘
37,09:36:31,29.82,0.01,1,2982,买盘
38,09:36:34,29.82,0.0,3,8946,买盘
39,09:36:40,29.83,0.01,2,5966,买盘
40,09:36:43,29.83,0.0,3,8950,中性盘
41,09:36:46,29.82,-0.01,4,11931,卖盘
42,09:36:58,29.83,0.01,4,11933,卖盘
43,09:37:07,29.82,-0.01,10,29822,卖盘
44,09:37:13,29.77,-0.05,33,96842,卖盘
45,09:37:16,29.76,-0.01,10,29760,卖盘
46,09:37:19,29.74,-0.02,7,20818,买盘
47,09:37:25,29.72,-0.02,18,53501,卖盘
48,09:37:28,29.74,0.02,1,2974,买盘
49,09:37:34,29.74,0.0,7,20812,买盘
50,09:37:46,29.72,-0.02,25,74327,卖盘
51,09:37:49,29.79,0.07,1,2979,中性盘
52,09:38:01,29.7,-0.09,89,264359,卖盘
53,09:38:19,29.71,0.01,2,5942,卖盘
54,09:38:46,29.72,0.01,10,29720,卖盘
55,09:38:55,29.72,0.0,4,11888,卖盘
56,09:39:19,29.82,0.1,1,2982,买盘
57,09:39:28,29.73,-0.09,1,2973,卖盘
58,09:39:34,29.72,-0.01,16,47562,卖盘
59,09:39:40,29.68,-0.04,50,148497,卖盘
60,09:39:46,29.72,0.04,1,2972,卖盘
61,09:39:52,29.72,0.0,3,8916,卖盘
62,09:39:58,29.69,-0.03,1,2969,卖盘
63,09:40:04,29.65,-0.04,26,77142,卖盘
64,09:40:07,29.65,0.0,13,38545,卖盘
65,09:40:16,29.61,-0.04,9,26681,卖盘
66,09:40:22,29.52,-0.09,12,35471,卖盘
67,09:40:28,29.51,-0.01,30,88539,卖盘
68,09:40:40,29.51,0.0,24,70826,卖盘
69,09:40:43,29.53,0.02,12,35430,买盘
70,09:40:46,29.52,-0.01,13,38376,卖盘
71,09:40:49,29.53,0.01,10,29524,买盘
72,09:40:52,29.53,0.0,14,41342,买盘
73,09:40:55,29.52,-0.01,5,14760,卖盘
74,09:41:01,29.52,0.0,52,153439,卖盘
75,09:41:04,29.52,0.0,8,23616,买盘
76,09:41:07,29.52,0.0,21,62044,卖盘
77,09:41:13,29.52,0.0,10,29520,卖盘
78,09:41:22,29.5,-0.02,24,70844,卖盘
79,09:41:28,29.8,0.3,11,32750,买盘
80,09:41:37,29.5,-0.3,6,17712,卖盘
81,09:42:07,29.52,0.02,7,20664,卖盘
82,09:42:22,29.51,-0.01,32,94468,卖盘
83,09:42:25,29.75,0.24,3,8925,买盘
84,09:42:37,29.54,-0.21,1,2954,卖盘
85,09:42:43,29.75,0.21,6,17850,买盘
86,09:42:46,29.54,-0.21,1,2954,卖盘
87,09:42:49,29.54,0.0,3,8862,买盘
88,09:42:55,29.75,0.21,14,41419,买盘
89,09:42:58,29.75,0.0,6,17850,买盘
90,09:43:01,29.75,0.0,3,8925,卖盘
91,09:43:16,29.74,-0.01,21,62054,买盘
92,09:43:19,29.54,-0.2,6,17724,卖盘
93,09:43:31,29.74,0.2,4,11896,买盘
94,09:43:37,29.55,-0.19,5,14775,卖盘
95,09:43:40,29.54,-0.01,17,50228,卖盘
96,09:43:55,29.74,0.2,25,74350,买盘
97,09:43:58,29.54,-0.2,5,14771,卖盘
98,09:44:07,29.6,0.06,2,5920,卖盘
99,09:44:28,29.6,0.0,25,73996,卖盘
100,09:44:37,29.56,-0.04,6,17741,卖盘
101,09:45:07,29.7,0.14,1,2970,中性盘
102,09:45:37,29.57,-0.13,3,8871,卖盘
103,09:45:46,29.6,0.03,1,2960,卖盘
104,09:45:49,29.7,0.1,3,8910,买盘
105,09:45:52,29.7,0.0,1,2970,卖盘
106,09:46:07,29.6,-0.1,4,11840,卖盘
107,09:46:28,29.57,-0.03,12,35488,卖盘
108,09:46:31,29.58,0.01,1,2958,中性盘
109,09:46:37,29.56,-0.02,28,82767,卖盘
110,09:46:46,29.6,0.04,2,5920,卖盘
111,09:47:01,29.55,-0.05,42,124125,卖盘
112,09:47:07,29.6,0.05,7,20720,中性盘
113,09:47:37,29.57,-0.03,7,20699,卖盘
114,09:48:07,29.62,0.05,4,11848,卖盘
115,09:48:16,29.62,0.0,2,5924,卖盘
116,09:48:37,29.63,0.01,1,2963,卖盘
117,09:48:43,29.7,0.07,26,77211,买盘
118,09:48:46,29.7,0.0,1,2970,卖盘
119,09:49:16,29.71,0.01,1,2971,卖盘
120,09:49:34,29.77,0.06,26,77402,买盘
121,09:49:37,29.78,0.01,11,32758,卖盘
122,09:49:46,29.77,-0.01,1,2977,卖盘
123,09:49:55,29.77,0.0,1,2977,买盘
124,09:50:16,29.72,-0.05,1,2972,卖盘
125,09:50:40,29.72,0.0,21,62412,卖盘
126,09:50:43,29.85,0.13,5,14925,买盘
127,09:50:46,29.85,0.0,1,2985,买盘
128,09:50:49,29.72,-0.13,1,2972,卖盘
129,09:51:13,29.72,0.0,5,14860,卖盘
130,09:51:19,29.72,0.0,2,5944,卖盘
131,09:51:25,29.85,0.13,15,44775,买盘
132,09:51:37,29.82,-0.03,8,23826,买盘
133,09:51:49,29.82,0.0,2,5954,买盘
134,09:51:58,29.8,-0.02,1,2980,买盘
135,09:52:01,29.8,0.0,1,2980,买盘
136,09:52:07,29.72,-0.08,18,53496,卖盘
137,09:52:19,29.71,-0.01,2,5942,卖盘
138,09:52:43,29.72,0.01,17,50524,卖盘
139,09:52:49,29.72,0.0,1,2972,卖盘
140,09:53:01,29.72,0.0,42,124916,卖盘
141,09:53:19,29.72,0.0,1,2972,卖盘
142,09:53:22,29.8,0.08,20,59540,买盘
143,09:53:34,29.8,0.0,4,11910,买盘
144,09:53:37,29.8,0.0,3,8940,卖盘
145,09:53:43,29.82,0.02,4,11928,买盘
146,09:53:49,29.82,0.0,2,5964,卖盘
147,09:54:04,29.84,0.02,5,14920,买盘
148,09:54:07,29.82,-0.02,7,20874,卖盘
149,09:54:10,29.84,0.02,1,2984,买盘
150,09:54:19,29.82,-0.02,1,2982,卖盘
151,09:54:22,29.85,0.03,11,32833,买盘
152,09:54:37,29.85,0.0,2,5970,卖盘
153,09:54:49,29.85,0.0,1,2985,卖盘
154,09:54:55,29.86,0.01,1,2986,中性盘
155,09:55:07,29.96,0.1,9,26931,买盘
156,09:55:19,29.85,-0.11,2,5970,卖盘
157,09:55:25,29.95,0.1,6,17970,中性盘
158,09:55:37,29.85,-0.1,1,2985,卖盘
159,09:55:49,29.87,0.02,11,32858,卖盘
160,09:55:55,29.95,0.08,1,2995,买盘
161,09:56:19,29.88,-0.07,1,2988,卖盘
162,09:56:37,29.87,-0.01,1,2987,卖盘
163,09:56:49,29.88,0.01,5,14940,卖盘
164,09:56:52,29.87,-0.01,10,29870,卖盘
165,09:56:58,29.88,0.01,1,2988,买盘
166,09:57:07,29.87,-0.01,2,5974,卖盘
167,09:57:19,29.87,0.0,2,5974,卖盘
168,09:57:22,29.87,0.0,1,2987,卖盘
169,09:57:37,29.87,0.0,4,11948,卖盘
170,09:57:46,29.95,0.08,3,8985,买盘
171,09:57:52,29.87,-0.08,1,2987,卖盘
172,09:57:58,29.88,0.01,3,8964,中性盘
173,09:58:01,29.95,0.07,4,11980,买盘
174,09:58:04,29.95,0.0,10,29950,卖盘
175,09:58:22,29.85,-0.1,2,5970,卖盘
176,09:58:37,29.85,0.0,4,11940,卖盘
177,09:58:52,29.86,0.01,1,2986,卖盘
178,09:59:07,29.85,-0.01,4,11940,卖盘
179,09:59:10,29.8,-0.05,67,199754,卖盘
180,09:59:22,29.76,-0.04,1,2976,卖盘
181,09:59:25,29.8,0.04,1,2980,买盘
182,09:59:28,29.8,0.0,134,399320,买盘
183,09:59:52,29.88,0.08,2,5976,卖盘
184,10:00:22,29.88,0.0,1,2988,卖盘
185,10:00:52,29.88,0.0,1,2988,卖盘
186,10:00:55,29.93,0.05,2,5986,买盘
187,10:01:01,29.94,0.01,3,8980,买盘
188,10:01:07,29.94,0.0,1,2994,买盘
189,10:01:13,29.94,0.0,1,2994,买盘
190,10:01:22,29.95,0.01,1,2995,买盘
191,10:01:34,29.88,-0.07,2,5976,卖盘
192,10:01:37,29.88,0.0,1,2988,买盘
193,10:01:49,29.88,0.0,29,86652,买盘
194,10:01:52,29.81,-0.07,1,2981,卖盘
195,10:02:28,29.81,0.0,1,2981,卖盘
196,10:02:46,29.81,0.0,5,14905,卖盘
197,10:02:52,29.8,-0.01,2,5960,卖盘
198,10:03:25,29.8,0.0,1,2980,卖盘
199,10:03:28,29.9,0.1,1,2990,买盘
200,10:03:55,29.8,-0.1,1,2980,卖盘
201,10:04:25,29.81,0.01,2,5962,卖盘
202,10:04:37,29.8,-0.01,14,41726,卖盘
203,10:04:55,29.82,0.02,1,2982,卖盘
204,10:05:07,29.76,-0.06,19,56620,卖盘
205,10:05:16,29.76,0.0,23,68448,买盘
206,10:05:25,29.75,-0.01,1,2975,卖盘
207,10:05:43,29.9,0.15,4,11960,买盘
208,10:05:46,29.93,0.03,5,14965,买盘
209,10:05:52,29.94,0.01,6,17964,买盘
210,10:05:55,29.94,0.0,2,5988,卖盘
211,10:06:13,29.94,0.0,5,14970,卖盘
212,10:06:15,29.94,0.0,10,29940,卖盘
213,10:06:25,29.94,0.0,1,2994,卖盘
214,10:06:45,29.93,-0.01,21,62861,卖盘
215,10:06:52,29.93,0.0,20,59860,卖盘
216,10:06:55,29.93,0.0,2,5986,卖盘
217,10:07:25,29.93,0.0,1,2993,卖盘
218,10:07:34,29.95,0.02,4,11980,买盘
219,10:07:49,29.9,-0.05,25,74807,卖盘
220,10:07:55,29.9,0.0,1,2990,卖盘
221,10:08:25,29.9,0.0,2,5980,卖盘
222,10:08:55,29.9,0.0,1,2990,卖盘
223,10:09:25,29.9,0.0,1,2990,卖盘
224,10:09:55,29.9,0.0,2,5980,卖盘
225,10:10:22,29.95,0.05,2,5990,买盘
226,10:10:24,29.95,0.0,1,2995,卖盘
227,10:10:28,29.9,-0.05,1,2990,卖盘
228,10:10:49,29.9,0.0,37,110630,卖盘
229,10:10:58,29.88,-0.02,1,2988,卖盘
230,10:11:10,29.88,0.0,1,2988,卖盘
231,10:11:25,29.88,0.0,3,8964,卖盘
232,10:11:28,29.88,0.0,2,5976,卖盘
233,10:11:43,29.85,-0.03,6,17910,卖盘
234,10:11:49,29.94,0.09,7,20922,买盘
235,10:11:58,29.8,-0.14,1,2980,卖盘
236,10:12:01,29.8,0.0,2,5960,卖盘
237,10:12:07,29.8,0.0,1,2980,买盘
238,10:12:28,29.76,-0.04,1,2976,卖盘
239,10:12:37,29.76,0.0,1,2976,卖盘
240,10:12:46,29.76,0.0,4,11904,买盘
241,10:12:58,29.75,-0.01,2,5950,卖盘
242,10:13:01,29.75,0.0,4,11900,卖盘
243,10:13:04,29.75,0.0,3,8925,卖盘
244,10:13:28,29.75,0.0,1,2975,卖盘
245,10:13:31,29.75,0.0,12,35750,卖盘
246,10:13:49,29.75,0.0,3,8925,卖盘
247,10:13:52,29.75,0.0,1,2975,卖盘
248,10:13:58,29.72,-0.03,13,38648,卖盘
249,10:14:04,29.72,0.0,5,14860,买盘
250,10:14:07,29.72,0.0,18,53496,买盘
251,10:14:10,29.72,0.0,5,14860,买盘
252,10:14:16,29.72,0.0,1,2972,卖盘
253,10:14:28,29.73,0.01,2,5946,卖盘
254,10:14:31,29.93,0.2,3,8979,买盘
255,10:14:46,29.74,-0.19,1,2974,中性盘
256,10:15:16,29.92,0.18,2,5966,买盘
257,10:15:46,29.75,-0.17,1,2975,卖盘
258,10:15:58,29.75,0.0,1,2975,买盘
259,10:16:04,29.75,0.0,1,2975,买盘
260,10:16:13,29.75,0.0,6,17850,卖盘
261,10:16:16,29.75,0.0,10,29750,买盘
262,10:16:28,29.75,0.0,10,29750,买盘
263,10:16:37,29.75,0.0,15,44625,买盘
264,10:16:49,29.74,-0.01,1,2974,卖盘
265,10:17:19,29.74,0.0,2,5948,卖盘
266,10:17:46,29.74,0.0,4,11896,卖盘
267,10:18:07,29.74,0.0,1,2974,买盘
268,10:18:19,29.73,-0.01,4,11895,卖盘
269,10:18:40,29.9,0.17,10,29852,买盘
270,10:18:49,29.73,-0.17,2,5946,卖盘
271,10:19:07,29.74,0.01,1,2974,买盘
272,10:19:10,29.74,0.0,1,2974,卖盘
273,10:19:16,29.73,-0.01,7,20814,卖盘
274,10:19:46,29.72,-0.01,5,14864,卖盘
275,10:19:52,29.74,0.02,8,23785,买盘
276,10:19:58,29.74,0.0,1,2974,卖盘
277,10:20:19,29.9,0.16,1,2990,买盘
278,10:20:22,29.75,-0.15,2,5950,卖盘
279,10:20:46,29.76,0.01,1,2976,买盘
280,10:20:49,29.75,-0.01,2,5950,卖盘
281,10:21:19,29.75,0.0,2,5951,卖盘
282,10:21:34,29.75,0.0,1,2975,买盘
283,10:21:49,29.74,-0.01,1,2974,卖盘
284,10:22:19,29.74,0.0,1,2974,卖盘
285,10:22:40,29.75,0.01,1,2975,买盘
286,10:22:49,29.74,-0.01,1,2974,卖盘
287,10:22:52,29.74,0.0,2,5948,卖盘
288,10:23:07,29.85,0.11,5,14892,中性盘
289,10:23:22,29.85,0.0,1,2985,卖盘
290,10:23:40,29.9,0.05,1,2990,买盘
291,10:23:49,29.81,-0.09,2,5963,卖盘
292,10:23:52,29.81,0.0,1,2981,卖盘
293,10:23:55,29.9,0.09,1,2990,买盘
294,10:24:07,29.9,0.0,3,8970,买盘
295,10:24:22,29.81,-0.09,2,5962,卖盘
296,10:24:31,29.81,0.0,1,2981,卖盘
297,10:24:34,29.81,0.0,1,2981,买盘
298,10:24:49,29.81,0.0,1,2981,卖盘
299,10:24:52,29.81,0.0,1,2981,卖盘
300,10:25:04,29.79,-0.02,3,8937,卖盘
301,10:25:22,29.81,0.02,1,2981,卖盘
302,10:25:52,29.79,-0.02,2,5958,卖盘
303,10:26:22,29.8,0.01,1,2980,卖盘
304,10:26:34,29.8,0.0,1,2980,买盘
305,10:26:37,29.79,-0.01,1,2979,卖盘
306,10:26:52,29.79,0.0,1,2979,卖盘
307,10:27:22,29.79,0.0,2,5959,卖盘
308,10:27:49,29.79,0.0,1,2979,卖盘
309,10:27:51,29.79,0.0,1,2979,卖盘
310,10:28:22,29.8,0.01,1,2980,卖盘
311,10:28:46,29.8,0.0,1,2980,买盘
312,10:28:49,29.79,-0.01,1,2979,卖盘
313,10:28:52,29.8,0.01,2,5960,中性盘
314,10:29:22,29.81,0.01,1,2981,中性盘
315,10:29:34,29.81,0.0,1,2981,买盘
316,10:29:55,29.8,-0.01,1,2980,卖盘
317,10:30:16,29.91,0.11,4,11961,买盘
318,10:30:25,29.8,-0.11,2,5960,卖盘
319,10:30:55,29.8,0.0,1,2980,卖盘
320,10:31:07,29.88,0.08,1,2988,买盘
321,10:31:10,29.88,0.0,1,2988,买盘
322,10:31:25,29.8,-0.08,1,2980,卖盘
323,10:31:54,29.8,0.0,2,5960,卖盘
324,10:32:25,29.8,0.0,1,2980,卖盘
325,10:32:55,29.8,0.0,1,2980,卖盘
326,10:33:24,29.8,0.0,2,5960,卖盘
327,10:33:39,29.79,-0.01,17,50643,卖盘
328,10:33:55,29.76,-0.03,1,2976,卖盘
329,10:34:25,29.76,0.0,1,2976,卖盘
330,10:34:58,29.78,0.02,1,2978,卖盘
331,10:35:04,29.79,0.01,3,8936,买盘
332,10:35:24,29.79,0.0,1,2979,卖盘
333,10:35:54,29.79,0.0,2,5958,卖盘
334,10:36:16,29.79,0.0,8,23833,卖盘
335,10:36:25,29.78,-0.01,1,2978,卖盘
336,10:36:39,29.77,-0.01,4,11908,卖盘
337,10:36:57,29.77,0.0,1,2977,卖盘
338,10:37:28,29.77,0.0,2,5954,卖盘
339,10:37:37,29.77,0.0,1,2977,卖盘
340,10:37:40,29.77,0.0,1,2977,卖盘
341,10:37:54,29.9,0.13,16,47827,买盘
342,10:37:57,29.77,-0.13,12,35841,卖盘
343,10:38:27,29.77,0.0,1,2977,卖盘
344,10:38:46,29.91,0.14,3,8973,买盘
345,10:38:58,29.88,-0.03,2,5976,卖盘
346,10:39:25,29.88,0.0,4,11952,卖盘
347,10:39:28,29.88,0.0,1,2988,卖盘
348,10:39:58,29.88,0.0,1,2988,卖盘
349,10:40:07,29.88,0.0,1,2988,卖盘
350,10:40:28,29.88,0.0,1,2988,卖盘
351,10:40:58,29.79,-0.09,1,2979,卖盘
352,10:41:07,29.88,0.09,1,2988,买盘
353,10:41:28,29.88,0.0,3,8965,卖盘
354,10:41:58,29.86,-0.02,1,2986,卖盘
355,10:42:07,29.86,0.0,1,2986,买盘
356,10:42:28,29.88,0.02,1,2988,卖盘
357,10:43:01,29.88,0.0,1,2988,卖盘
358,10:43:16,29.9,0.02,1,2990,买盘
359,10:43:31,29.88,-0.02,2,5977,卖盘
360,10:43:52,29.9,0.02,1,2990,买盘
361,10:44:01,29.88,-0.02,1,2988,卖盘
362,10:44:31,29.88,0.0,1,2988,卖盘
363,10:45:01,29.88,0.0,2,5976,卖盘
364,10:45:31,29.88,0.0,1,2988,卖盘
365,10:45:37,29.9,0.02,8,23920,买盘
366,10:45:40,29.88,-0.02,2,5976,卖盘
367,10:46:01,29.88,0.0,1,2988,卖盘
368,10:46:12,29.9,0.02,1,2990,买盘
369,10:46:18,29.9,0.0,3,8970,买盘
370,10:46:24,29.91,0.01,7,20937,买盘
371,10:46:31,29.91,0.0,2,5982,卖盘
372,10:46:34,29.92,0.01,9,26928,买盘
373,10:46:40,29.92,0.0,1,2992,买盘
374,10:46:49,29.93,0.01,3,8979,买盘
375,10:46:55,29.93,0.0,3,8979,买盘
376,10:47:01,29.91,-0.02,1,2991,卖盘
377,10:47:04,29.93,0.02,1,2993,买盘
378,10:47:16,29.95,0.02,3,8985,买盘
379,10:47:31,29.91,-0.04,1,2991,卖盘
380,10:48:06,29.91,0.0,2,5982,卖盘
381,10:48:33,29.92,0.01,1,2992,卖盘
382,10:49:04,29.91,-0.01,5,14955,卖盘
383,10:49:07,29.91,0.0,2,5982,买盘
384,10:49:27,29.9,-0.01,10,29900,卖盘
385,10:49:31,29.9,0.0,4,11960,卖盘
386,10:50:04,29.89,-0.01,1,2989,卖盘
387,10:50:10,29.9,0.01,3,8970,买盘
388,10:50:16,29.9,0.0,1,2990,买盘
389,10:50:19,29.91,0.01,3,8973,买盘
390,10:50:22,29.91,0.0,1,2991,买盘
391,10:50:24,29.91,0.0,16,47856,买盘
392,10:50:34,29.91,0.0,2,5982,卖盘
393,10:50:40,29.96,0.05,11,32956,买盘
394,10:50:49,29.99,0.03,7,20993,买盘
395,10:50:55,29.99,0.0,6,17994,买盘
396,10:51:04,29.96,-0.03,1,2996,卖盘
397,10:51:07,29.99,0.03,1,2999,买盘
398,10:51:10,29.99,0.0,6,17994,买盘
399,10:51:22,30.0,0.01,20,60000,买盘
400,10:51:28,30.0,0.0,7,21000,买盘
401,10:51:39,29.99,-0.01,2,5999,卖盘
402,10:51:54,30.0,0.01,1,3000,买盘
403,10:52:04,29.99,-0.01,2,5998,卖盘
404,10:52:07,30.0,0.01,2,6000,买盘
405,10:52:22,30.0,0.0,11,33000,买盘
406,10:52:33,29.99,-0.01,1,2999,卖盘
407,10:53:01,30.0,0.01,10,30000,买盘
408,10:53:04,29.99,-0.01,1,2999,卖盘
409,10:53:33,30.01,0.02,2,6003,卖盘
410,10:54:07,30.02,0.01,1,3002,卖盘
411,10:54:37,30.02,0.0,1,3002,卖盘
412,10:55:04,30.09,0.07,2,6018,买盘
413,10:55:07,30.01,-0.08,2,6002,卖盘
414,10:55:27,30.11,0.1,17,51172,买盘
415,10:55:37,30.02,-0.09,1,3002,卖盘
416,10:55:55,30.11,0.09,1,3011,买盘
417,10:56:07,30.1,-0.01,2,6011,买盘
418,10:56:37,30.02,-0.08,2,6004,卖盘
419,10:57:07,30.02,0.0,1,3002,中性盘
420,10:57:37,30.01,-0.01,1,3001,卖盘
421,10:58:07,30.02,0.01,2,6004,卖盘
422,10:58:36,30.02,0.0,1,3002,卖盘
423,10:59:07,30.03,0.01,3,9017,卖盘
424,10:59:37,30.03,0.0,1,3003,卖盘
425,10:59:55,30.07,0.04,4,12020,买盘
426,11:00:09,30.02,-0.05,1,3002,卖盘
427,11:00:34,30.02,0.0,11,33022,卖盘
428,11:00:46,30.01,-0.01,8,24008,卖盘
429,11:01:10,30.01,0.0,2,6002,卖盘
430,11:01:40,30.01,0.0,1,3001,卖盘
431,11:01:55,30.01,0.0,2,6002,卖盘
432,11:02:10,30.0,-0.01,1,3000,卖盘
433,11:02:36,30.0,0.0,3,9000,卖盘
434,11:02:39,30.0,0.0,2,6000,卖盘
435,11:03:06,30.0,0.0,11,33000,卖盘
436,11:03:19,29.99,-0.01,3,8997,卖盘
437,11:03:28,29.99,0.0,1,2999,卖盘
438,11:03:39,29.99,0.0,2,5998,卖盘
439,11:04:10,29.99,0.0,1,2999,卖盘
440,11:04:40,29.99,0.0,1,2999,卖盘
441,11:05:10,29.99,0.0,2,5998,卖盘
442,11:05:39,29.99,0.0,1,2999,卖盘
443,11:06:09,29.99,0.0,1,2999,卖盘
444,11:06:39,29.99,0.0,6,17994,卖盘
445,11:07:13,29.98,-0.01,1,2998,卖盘
446,11:07:28,29.98,0.0,1,2998,卖盘
447,11:07:31,29.98,0.0,2,5996,卖盘
448,11:07:43,29.98,0.0,1,2998,卖盘
449,11:07:58,29.96,-0.02,7,20972,卖盘
450,11:08:12,29.96,0.0,2,5992,卖盘
451,11:08:42,29.94,-0.02,1,2994,卖盘
452,11:09:12,29.94,0.0,1,2994,卖盘
453,11:09:43,29.94,0.0,1,2994,卖盘
454,11:09:58,29.94,0.0,2,5988,买盘
455,11:10:13,29.94,0.0,1,2994,卖盘
456,11:10:42,29.98,0.04,1,2998,卖盘
457,11:10:45,29.97,-0.01,3,8993,卖盘
458,11:10:52,29.97,0.0,1,2997,卖盘
459,11:11:12,29.95,-0.02,1,2995,卖盘
460,11:11:30,29.94,-0.01,1,2994,卖盘
461,11:11:42,29.94,0.0,1,2994,卖盘
462,11:11:52,29.94,0.0,1,2994,卖盘
463,11:12:13,29.92,-0.02,1,2992,卖盘
464,11:12:42,29.92,0.0,2,5984,卖盘
465,11:12:57,29.92,0.0,1,2992,卖盘
466,11:13:16,29.92,0.0,1,2992,卖盘
467,11:13:36,29.99,0.07,12,35988,买盘
468,11:13:43,30.0,0.01,8,24000,卖盘
469,11:13:52,30.0,0.0,10,30000,买盘
470,11:13:55,29.96,-0.04,1,2996,卖盘
471,11:13:58,29.96,0.0,1,2996,卖盘
472,11:14:01,29.96,0.0,2,5992,卖盘
473,11:14:07,29.96,0.0,6,17976,卖盘
474,11:14:33,29.91,-0.05,1,2991,卖盘
475,11:14:36,29.9,-0.01,23,68784,卖盘
476,11:14:48,29.89,-0.01,1,2989,卖盘
477,11:14:58,29.88,-0.01,1,2988,卖盘
478,11:15:01,29.86,-0.02,1,2986,卖盘
479,11:15:09,29.86,0.0,1,2986,卖盘
480,11:15:28,29.88,0.02,1,2988,买盘
481,11:15:33,29.77,-0.11,2,5954,卖盘
482,11:16:04,29.78,0.01,1,2978,卖盘
483,11:16:34,29.78,0.0,1,2978,卖盘
484,11:17:04,29.78,0.0,2,5956,卖盘
485,11:17:34,29.77,-0.01,1,2977,卖盘
486,11:18:04,29.77,0.0,2,5954,卖盘
487,11:18:34,29.77,0.0,1,2977,卖盘
488,11:19:04,29.77,0.0,1,2977,卖盘
489,11:19:34,29.9,0.13,12,35856,买盘
490,11:20:04,29.9,0.0,1,2990,卖盘
491,11:20:37,29.9,0.0,1,2990,卖盘
492,11:21:04,29.9,0.0,2,5980,卖盘
493,11:21:33,29.9,0.0,1,2990,卖盘
494,11:22:04,29.9,0.0,3,8970,卖盘
495,11:22:07,29.9,0.0,1,2990,卖盘
496,11:22:24,29.9,0.0,5,14951,卖盘
497,11:22:34,29.9,0.0,5,14950,买盘
498,11:22:36,29.85,-0.05,2,5970,卖盘
499,11:22:43,29.93,0.08,5,14979,卖盘
500,11:22:51,29.93,0.0,4,11972,卖盘
501,11:23:06,29.99,0.06,1,2999,卖盘
502,11:23:13,29.85,-0.14,30,89956,卖盘
503,11:23:22,29.95,0.1,5,14975,卖盘
504,11:23:37,29.91,-0.04,1,2991,卖盘
505,11:24:06,29.91,0.0,2,5982,卖盘
506,11:24:37,29.91,0.0,1,2991,卖盘
507,11:25:07,29.91,0.0,1,2991,卖盘
508,11:25:36,29.92,0.01,2,5984,卖盘
509,11:26:07,29.92,0.0,1,2992,卖盘
510,11:26:21,30.03,0.11,11,33033,买盘
511,11:26:37,30.03,0.0,9,27027,卖盘
512,11:26:51,30.03,0.0,1,3003,买盘
513,11:27:07,29.91,-0.12,2,5982,卖盘
514,11:27:36,29.95,0.04,1,2995,卖盘
515,11:28:07,29.96,0.01,1,2996,卖盘
516,11:28:09,29.95,-0.01,1,2995,卖盘
517,11:28:37,29.95,0.0,2,5990,卖盘
518,11:29:06,29.94,-0.01,1,2994,卖盘
519,11:29:39,29.95,0.01,1,2995,卖盘
520,11:29:48,29.95,0.0,3,8985,卖盘
521,11:30:04,29.95,0.0,2,5990,卖盘
522,13:00:07,29.95,0.0,12,35922,买盘
523,13:00:39,29.91,-0.04,1,2991,卖盘
524,13:01:10,29.92,0.01,1,2992,卖盘
525,13:01:39,29.91,-0.01,2,5982,卖盘
526,13:02:10,29.91,0.0,1,2991,卖盘
527,13:02:39,29.91,0.0,2,5982,卖盘
528,13:03:10,29.91,0.0,1,2991,卖盘
529,13:03:46,29.91,0.0,1,2991,卖盘
530,13:03:58,29.98,0.07,3389,10160175,买盘
531,13:04:09,29.9,-0.08,2,5980,卖盘
532,13:04:19,29.85,-0.05,4,11946,卖盘
533,13:04:25,29.98,0.13,7,20963,买盘
534,13:04:40,29.85,-0.13,1,2985,卖盘
535,13:05:12,29.97,0.12,1,2997,卖盘
536,13:05:19,29.97,0.0,2,5994,卖盘
537,13:05:43,29.85,-0.12,2,5970,卖盘
538,13:05:54,29.86,0.01,4,11944,卖盘
539,13:06:12,29.86,0.0,1,2986,卖盘
540,13:06:42,29.86,0.0,1,2986,卖盘
541,13:07:09,29.85,-0.01,20,59760,卖盘
542,13:07:12,29.86,0.01,1,2986,中性盘
543,13:07:19,29.86,0.0,1,2986,买盘
544,13:07:27,29.96,0.1,1,2996,买盘
545,13:07:40,29.95,-0.01,10,29950,买盘
546,13:07:42,29.9,-0.05,1,2990,卖盘
547,13:07:46,29.85,-0.05,27,80622,卖盘
548,13:07:48,29.85,0.0,3,8955,买盘
549,13:07:58,29.96,0.11,2,5992,买盘
550,13:08:12,29.8,-0.16,1,2980,卖盘
551,13:08:42,29.8,0.0,2,5960,卖盘
552,13:09:13,29.8,0.0,1,2980,卖盘
553,13:09:43,29.81,0.01,1,2981,卖盘
554,13:09:48,29.81,0.0,1,2981,卖盘
555,13:09:55,29.81,0.0,2,5962,买盘
556,13:10:16,29.81,0.0,2,5962,卖盘
557,13:10:27,29.81,0.0,4,11924,卖盘
558,13:10:33,29.81,0.0,1,2981,买盘
559,13:10:36,29.81,0.0,16,49188,卖盘
560,13:10:39,29.81,0.0,10,29810,卖盘
561,13:10:46,29.81,0.0,1,2981,卖盘
562,13:11:07,29.81,0.0,3,8944,卖盘
563,13:11:15,29.81,0.0,1,2981,卖盘
564,13:11:36,29.81,0.0,10,29810,卖盘
565,13:11:45,29.81,0.0,2,5962,卖盘
566,13:12:15,29.81,0.0,1,2981,卖盘
567,13:12:34,29.98,0.17,4577,13721288,买盘
568,13:12:42,29.98,0.0,193,577115,买盘
569,13:12:45,29.98,0.0,1,2998,卖盘
570,13:12:51,29.99,0.01,6,17994,买盘
571,13:12:55,29.99,0.0,9,26991,买盘
572,13:13:15,29.99,0.0,2,5998,卖盘
573,13:13:43,30.0,0.01,4,12000,买盘
574,13:13:46,30.0,0.0,2,6000,卖盘
575,13:13:57,30.02,0.02,10,30013,买盘
576,13:14:18,30.0,-0.02,1,3000,卖盘
577,13:14:21,30.02,0.02,3,9006,买盘
578,13:14:36,30.02,0.0,1,3002,买盘
579,13:14:43,30.03,0.01,2,6006,买盘
580,13:14:48,30.0,-0.03,1,3000,卖盘
581,13:15:12,30.0,0.0,1,3000,买盘
582,13:15:18,29.99,-0.01,1,2999,卖盘
583,13:15:22,29.99,0.0,3,8997,卖盘
584,13:15:25,30.03,0.04,1,3003,买盘
585,13:15:48,30.03,0.0,4,12008,买盘
586,13:16:19,30.03,0.0,5,15007,买盘
587,13:16:31,30.0,-0.03,7,21000,买盘
588,13:16:37,30.0,0.0,10,30000,买盘
589,13:16:49,29.99,-0.01,1,2999,卖盘
590,13:17:19,29.99,0.0,2,5998,卖盘
591,13:17:49,29.99,0.0,1,2999,卖盘
592,13:18:07,29.99,0.0,3,8997,卖盘
593,13:18:18,29.98,-0.01,1,2998,卖盘
594,13:18:21,29.98,0.0,10,29980,卖盘
595,13:18:31,29.98,0.0,1,4497,卖盘
596,13:18:34,29.98,0.0,5,14990,买盘
597,13:18:45,30.0,0.02,89,265491,买盘
598,13:18:48,30.0,0.0,2,6000,卖盘
599,13:19:19,30.01,0.01,1,3001,中性盘
600,13:19:49,30.01,0.0,1,3001,卖盘
601,13:19:55,30.05,0.04,1,3005,买盘
602,13:20:15,30.05,0.0,1,3005,买盘
603,13:20:18,30.0,-0.05,2,6000,卖盘
604,13:20:27,30.05,0.05,4,12020,买盘
605,13:20:39,30.08,0.03,7,21056,卖盘
606,13:20:52,30.08,0.0,1,3008,卖盘
607,13:21:07,30.09,0.01,10,30090,买盘
608,13:21:10,30.08,-0.01,3,9024,卖盘
609,13:21:21,30.08,0.0,1,3008,卖盘
610,13:21:34,30.08,0.0,1,3008,买盘
611,13:21:37,29.9,-0.18,252,755764,卖盘
612,13:21:40,29.9,0.0,2,5980,买盘
613,13:21:52,29.83,-0.07,2,5966,卖盘
614,13:21:58,29.9,0.07,3,8970,买盘
615,13:22:04,29.9,0.0,1,2990,买盘
616,13:22:22,29.83,-0.07,1,2983,卖盘
617,13:22:52,29.86,0.03,1,2986,卖盘
618,13:23:04,29.9,0.04,4,11960,买盘
619,13:23:22,29.85,-0.05,2,5970,卖盘
620,13:23:46,29.83,-0.02,30,89520,卖盘
621,13:24:22,29.85,0.02,1,2985,中性盘
622,13:24:52,29.85,0.0,2,5970,卖盘
623,13:25:22,29.86,0.01,1,2986,卖盘
624,13:25:52,29.86,0.0,1,2986,卖盘
625,13:26:04,29.85,-0.01,27,80606,卖盘
626,13:26:21,29.85,0.0,2,5970,卖盘
627,13:26:52,29.85,0.0,1,2985,卖盘
628,13:27:21,29.85,0.0,26,77610,卖盘
629,13:27:46,29.83,-0.02,51,152163,卖盘
630,13:27:55,29.83,0.0,2,5966,卖盘
631,13:28:04,29.85,0.02,2,5970,买盘
632,13:28:06,29.83,-0.02,10,29831,卖盘
633,13:28:16,29.81,-0.02,23,68597,卖盘
634,13:28:22,29.85,0.04,10,29848,买盘
635,13:28:25,29.81,-0.04,1,2981,卖盘
636,13:28:28,29.85,0.04,1,2985,买盘
637,13:28:34,29.81,-0.04,10,29810,卖盘
638,13:28:36,29.81,0.0,9,25338,卖盘
639,13:28:43,29.81,0.0,6,17886,买盘
640,13:28:45,29.81,0.0,1,2981,买盘
641,13:28:52,29.76,-0.05,41,122133,卖盘
642,13:28:54,29.82,0.06,5,16396,买盘
643,13:29:25,29.76,-0.06,19,56571,卖盘
644,13:29:28,29.85,0.09,10,29850,买盘
645,13:29:54,29.76,-0.09,1,2976,卖盘
646,13:30:16,29.85,0.09,3,8955,买盘
647,13:30:25,29.85,0.0,1,2985,卖盘
648,13:30:55,29.96,0.11,9,26980,卖盘
649,13:30:58,29.96,0.0,2,5992,卖盘
650,13:31:00,29.96,0.0,8,23968,卖盘
651,13:31:06,29.93,-0.03,1,2993,卖盘
652,13:31:10,29.96,0.03,5,14978,中性盘
653,13:31:12,29.96,0.0,1,2996,卖盘
654,13:31:16,29.96,0.0,4,11984,卖盘
655,13:31:22,29.96,0.0,26,77896,卖盘
656,13:31:55,29.93,-0.03,2,5986,卖盘
657,13:31:58,29.93,0.0,2,5986,卖盘
658,13:32:19,29.93,0.0,1,2993,卖盘
659,13:32:22,29.9,-0.03,5,14950,卖盘
660,13:32:55,29.85,-0.05,1,2985,卖盘
661,13:33:04,29.85,0.0,31,92535,卖盘
662,13:33:27,29.77,-0.08,2,5954,卖盘
663,13:33:58,29.76,-0.01,1,2976,卖盘
664,13:34:18,29.76,0.0,31,90778,卖盘
665,13:34:28,29.74,-0.02,38,113086,卖盘
666,13:34:58,29.74,0.0,2,5948,卖盘
667,13:35:13,29.75,0.01,17,50575,买盘
668,13:35:25,29.75,0.0,10,29750,卖盘
669,13:35:28,29.75,0.0,1,2975,卖盘
670,13:35:37,29.75,0.0,5,14875,卖盘
671,13:35:46,29.88,0.13,1,2988,买盘
672,13:35:58,29.77,-0.11,1,2977,卖盘
673,13:36:13,29.88,0.11,2,5976,买盘
674,13:36:28,29.88,0.0,1,2988,卖盘
675,13:36:58,29.78,-0.1,1,2978,卖盘
676,13:37:27,29.86,0.08,1,2986,卖盘
677,13:37:37,29.86,0.0,2,5972,卖盘
678,13:37:40,29.86,0.0,1,2986,买盘
679,13:37:57,29.83,-0.03,2,5966,卖盘
680,13:38:28,29.83,0.0,1,2983,卖盘
681,13:38:31,29.86,0.03,2,5972,买盘
682,13:38:40,29.86,0.0,1,2986,卖盘
683,13:38:58,29.78,-0.08,1,2978,卖盘
684,13:39:31,29.77,-0.01,2,5954,卖盘
685,13:39:40,29.77,0.0,6,17862,卖盘
686,13:39:55,29.77,0.0,4,11908,买盘
687,13:40:01,29.77,0.0,1,2977,卖盘
688,13:40:09,29.75,-0.02,18,53577,卖盘
689,13:40:22,29.75,0.0,20,59500,卖盘
690,13:40:31,29.72,-0.03,30,89193,卖盘
691,13:40:34,29.75,0.03,31,92109,买盘
692,13:40:40,29.64,-0.11,50,148281,卖盘
693,13:41:01,29.64,0.0,2,5928,卖盘
694,13:41:13,29.61,-0.03,30,88924,卖盘
695,13:41:16,29.61,0.0,5,14805,卖盘
696,13:41:19,29.6,-0.01,20,59208,卖盘
697,13:41:31,29.69,0.09,5,14854,卖盘
698,13:41:49,29.69,0.0,2,5938,买盘
699,13:42:01,29.74,0.05,1,2974,卖盘
700,13:42:07,29.74,0.0,3,8923,卖盘
701,13:42:13,29.74,0.0,2,5948,买盘
702,13:42:31,29.72,-0.02,2,5944,卖盘
703,13:42:34,29.76,0.04,6,17856,买盘
704,13:42:46,29.74,-0.02,5,14870,卖盘
705,13:42:52,29.72,-0.02,10,29729,卖盘
706,13:43:01,29.72,0.0,5,14860,卖盘
707,13:43:04,29.72,0.0,1,2972,买盘
708,13:43:10,29.72,0.0,1,2972,买盘
709,13:43:31,29.72,0.0,1,2972,中性盘
710,13:43:42,29.74,0.02,5,14870,买盘
711,13:43:49,29.72,-0.02,2,5944,卖盘
712,13:44:07,29.75,0.03,10,29750,买盘
713,13:44:16,29.75,0.0,2,5950,买盘
714,13:44:19,29.75,0.0,1,2975,卖盘
715,13:44:25,29.76,0.01,8,23808,买盘
716,13:44:49,29.76,0.0,1,2976,卖盘
717,13:44:55,29.93,0.17,5,14965,买盘
718,13:45:19,29.78,-0.15,2,5956,卖盘
719,13:45:49,29.79,0.01,1,2979,卖盘
720,13:46:19,29.79,0.0,2,5958,卖盘
721,13:46:48,29.8,0.01,1,2980,卖盘
722,13:47:19,29.8,0.0,1,2980,卖盘
723,13:47:49,29.8,0.0,1,2980,卖盘
724,13:48:06,29.8,0.0,3,8940,买盘
725,13:48:16,29.8,0.0,2,5960,卖盘
726,13:48:19,29.87,0.07,6,17907,中性盘
727,13:48:22,29.78,-0.09,56,166882,卖盘
728,13:48:48,29.76,-0.02,1,2976,卖盘
729,13:48:58,29.78,0.02,6,17868,买盘
730,13:49:04,29.78,0.0,4,11912,买盘
731,13:49:19,29.76,-0.02,1,2976,卖盘
732,13:49:22,29.76,0.0,1,2976,买盘
733,13:49:28,29.85,0.09,27,80595,买盘
734,13:49:49,29.76,-0.09,1,2976,卖盘
735,13:50:19,29.77,0.01,1,2977,卖盘
736,13:50:49,29.77,0.0,7,20879,卖盘
737,13:51:01,29.85,0.08,20,59700,买盘
738,13:51:18,29.85,0.0,1,2985,卖盘
739,13:51:22,29.85,0.0,26,77610,卖盘
740,13:51:28,29.85,0.0,11,32835,卖盘
741,13:51:33,29.85,0.0,1,2985,卖盘
742,13:51:39,29.85,0.0,1,2985,卖盘
743,13:51:43,29.85,0.0,5,14925,卖盘
744,13:51:52,29.85,0.0,1,2985,卖盘
745,13:51:57,29.86,0.01,1,2986,卖盘
746,13:52:21,29.85,-0.01,2,5970,卖盘
747,13:52:46,29.85,0.0,3,8955,卖盘
748,13:53:21,29.76,-0.09,1,2976,卖盘
749,13:53:25,29.84,0.08,50,149200,买盘
750,13:53:51,29.76,-0.08,2,5952,卖盘
751,13:54:18,29.86,0.1,30,89580,买盘
752,13:54:22,29.8,-0.06,1,2980,卖盘
753,13:54:46,29.9,0.1,3660,10942678,买盘
754,13:54:52,29.81,-0.09,14,41851,卖盘
755,13:55:22,29.82,0.01,2,5964,卖盘
756,13:55:52,29.82,0.0,1,2982,卖盘
757,13:55:55,29.9,0.08,3,8970,买盘
758,13:56:10,29.82,-0.08,4,11928,卖盘
759,13:56:22,29.81,-0.01,3,8945,卖盘
760,13:56:31,29.82,0.01,25,74550,买盘
761,13:56:52,29.82,0.0,2,5964,卖盘
762,13:57:22,29.84,0.02,1,2984,中性盘
763,13:57:54,29.9,0.06,3,8963,买盘
764,13:58:25,29.83,-0.07,2,5966,卖盘
765,13:58:54,29.85,0.02,1,2985,卖盘
766,13:59:24,29.84,-0.01,1,2984,卖盘
767,13:59:55,29.86,0.02,2,5972,卖盘
768,14:00:25,29.87,0.01,1,2987,卖盘
769,14:00:55,29.87,0.0,2,5974,卖盘
770,14:00:58,29.89,0.02,4,11956,买盘
771,14:01:18,29.89,0.0,12,35868,买盘
772,14:01:25,29.9,0.01,5,14949,买盘
773,14:01:34,29.9,0.0,1,2990,买盘
774,14:01:45,29.9,0.0,12,35880,买盘
775,14:01:49,29.9,0.0,10,29900,买盘
776,14:01:52,29.9,0.0,4,11960,买盘
777,14:01:55,29.89,-0.01,1,2989,卖盘
778,14:02:07,29.9,0.01,5,14950,买盘
779,14:02:25,29.89,-0.01,2,5978,卖盘
780,14:02:54,29.89,0.0,1,2989,卖盘
781,14:03:25,29.89,0.0,1,2989,卖盘
782,14:03:58,29.89,0.0,2,5978,卖盘
783,14:04:28,29.89,0.0,1,2989,卖盘
784,14:04:58,29.89,0.0,3,8967,卖盘
785,14:05:01,29.9,0.01,3,8970,买盘
786,14:05:13,29.9,0.0,12,35880,买盘
787,14:05:25,29.89,-0.01,10,29890,卖盘
788,14:05:28,29.89,0.0,2,5978,卖盘
789,14:05:33,29.9,0.01,1,2990,买盘
790,14:05:46,29.9,0.0,1,2990,买盘
791,14:05:57,29.89,-0.01,1,2989,卖盘
792,14:06:28,29.9,0.01,2,5979,买盘
793,14:06:42,29.9,0.0,2,5980,买盘
794,14:06:58,29.89,-0.01,2,5978,卖盘
795,14:07:28,29.89,0.0,1,2989,卖盘
796,14:07:58,29.89,0.0,1,2989,卖盘
797,14:08:28,29.89,0.0,3,8968,卖盘
798,14:08:43,29.89,0.0,3,8967,卖盘
799,14:08:58,29.89,0.0,1,2989,卖盘
800,14:09:16,29.89,0.0,2,5978,卖盘
801,14:09:28,29.89,0.0,1,2989,卖盘
802,14:09:37,29.9,0.01,1,2990,买盘
803,14:09:40,29.9,0.0,40,119600,买盘
804,14:09:58,29.89,-0.01,2,5978,卖盘
805,14:10:01,29.91,0.02,38,113648,买盘
806,14:10:31,29.91,0.0,26,80666,买盘
807,14:10:49,29.93,0.02,6,17958,买盘
808,14:11:01,29.92,-0.01,1,2992,卖盘
809,14:11:25,29.93,0.01,3,8979,买盘
810,14:11:31,29.92,-0.01,2,5984,卖盘
811,14:11:45,29.93,0.01,19,56867,买盘
812,14:11:55,29.93,0.0,5,14965,买盘
813,14:12:01,29.92,-0.01,2,5984,卖盘
814,14:12:04,29.93,0.01,5,14965,买盘
815,14:12:09,29.93,0.0,3,8979,买盘
816,14:12:16,29.93,0.0,8,23944,买盘
817,14:12:25,29.96,0.03,6,17976,买盘
818,14:12:33,29.96,0.0,16,47932,买盘
819,14:12:40,29.96,0.0,1,2996,买盘
820,14:12:46,29.96,0.0,29,86884,买盘
821,14:13:04,30.02,0.06,4,12006,买盘
822,14:13:31,30.02,0.0,1,3002,卖盘
823,14:13:43,30.1,0.08,4155,12506514,买盘
824,14:13:46,30.03,-0.07,1,3003,卖盘
825,14:14:01,30.03,0.0,1,3003,卖盘
826,14:14:13,30.09,0.06,10,30084,买盘
827,14:14:22,30.09,0.0,11,33099,买盘
828,14:14:33,30.09,0.0,1,3009,卖盘
829,14:14:36,30.1,0.01,20,60200,买盘
830,14:14:39,30.1,0.0,4,12040,买盘
831,14:14:42,30.1,0.0,10,30100,买盘
832,14:14:54,30.11,0.01,2,6022,买盘
833,14:15:01,30.1,-0.01,2,6020,卖盘
834,14:15:10,30.11,0.01,2,6022,买盘
835,14:15:24,30.11,0.0,5,15055,买盘
836,14:15:27,30.1,-0.01,1,3010,卖盘
837,14:15:30,30.1,0.0,3,9032,卖盘
838,14:15:33,30.1,0.0,15,45150,卖盘
839,14:15:40,30.09,-0.01,2,6019,卖盘
840,14:15:45,30.09,0.0,1,3009,卖盘
841,14:15:52,30.09,0.0,9,27081,卖盘
842,14:16:04,30.02,-0.07,1,3002,卖盘
843,14:16:06,30.09,0.07,5,15045,买盘
844,14:16:34,30.03,-0.06,1,3003,卖盘
845,14:16:46,30.03,0.0,1,3003,买盘
846,14:17:04,30.05,0.02,2,6009,中性盘
847,14:17:33,30.04,-0.01,1,3004,中性盘
848,14:18:04,30.03,-0.01,2,6006,卖盘
849,14:18:34,30.03,0.0,1,3003,卖盘
850,14:18:43,30.03,0.0,2,6006,卖盘
851,14:19:04,30.03,0.0,1,3003,卖盘
852,14:19:34,30.03,0.0,2,6006,卖盘
853,14:19:39,30.03,0.0,24,72072,卖盘
854,14:19:52,30.02,-0.01,16,48040,卖盘
855,14:19:57,30.02,0.0,10,30020,买盘
856,14:20:04,30.01,-0.01,1,3001,卖盘
857,14:20:09,30.0,-0.01,10,30000,卖盘
858,14:20:13,30.02,0.02,2,6004,买盘
859,14:20:16,30.02,0.0,10,30019,买盘
860,14:20:22,30.02,0.0,5,15010,买盘
861,14:20:25,30.02,0.0,5,15010,买盘
862,14:20:34,30.0,-0.02,1,3000,卖盘
863,14:20:37,30.02,0.02,3,9006,买盘
864,14:21:04,30.02,0.0,2,6004,卖盘
865,14:21:06,30.02,0.0,10,30020,卖盘
866,14:21:34,30.02,0.0,1,3002,卖盘
867,14:21:52,29.99,-0.03,114,342014,卖盘
868,14:22:00,29.98,-0.01,1,180,卖盘
869,14:22:04,29.97,-0.01,1,2998,买盘
870,14:22:07,29.97,0.0,4,11988,卖盘
871,14:22:34,29.97,0.0,1,5814,卖盘
872,14:22:46,29.99,0.02,1,2999,卖盘
873,14:23:04,29.96,-0.03,1,2996,卖盘
874,14:23:28,29.96,0.0,1,2996,卖盘
875,14:23:37,29.96,0.0,1,2996,卖盘
876,14:23:46,29.96,0.0,7,20972,卖盘
877,14:24:04,29.95,-0.01,1,2995,卖盘
878,14:24:37,29.94,-0.01,1,2994,卖盘
879,14:24:51,29.96,0.02,5,14978,买盘
880,14:25:16,29.96,0.0,1,2996,卖盘
881,14:25:37,29.97,0.01,4,11988,买盘
882,14:25:49,29.96,-0.01,1,2996,卖盘
883,14:26:07,29.97,0.01,46,137862,买盘
884,14:26:18,29.97,0.0,1,2997,卖盘
885,14:26:40,29.98,0.01,2,5996,卖盘
886,14:27:19,29.97,-0.01,1,2997,卖盘
887,14:27:49,29.97,0.0,1,2997,卖盘
888,14:28:19,29.97,0.0,1,2997,卖盘
889,14:28:43,29.98,0.01,1,2998,买盘
890,14:29:00,29.97,-0.01,31,92907,卖盘
891,14:29:04,29.97,0.0,2,5994,买盘
892,14:29:19,29.96,-0.01,1,2996,卖盘
893,14:29:22,29.97,0.01,10,29970,买盘
894,14:29:27,29.97,0.0,1,2997,买盘
895,14:29:33,29.97,0.0,3,8991,买盘
896,14:29:37,29.97,0.0,3,8991,买盘
897,14:29:40,29.96,-0.01,7,20974,卖盘
898,14:29:49,29.96,0.0,1,2996,卖盘
899,14:30:19,29.96,0.0,1,2996,卖盘
900,14:31:01,29.99,0.03,200,599748,买盘
901,14:31:19,29.96,-0.03,1,2996,卖盘
902,14:31:49,29.96,0.0,1,2996,卖盘
903,14:32:04,29.96,0.0,4,11984,卖盘
904,14:32:19,29.96,0.0,1,2996,卖盘
905,14:32:39,29.97,0.01,1,2997,买盘
906,14:33:04,29.96,-0.01,5,14980,卖盘
907,14:33:19,29.96,0.0,1,2996,卖盘
908,14:33:49,29.96,0.0,1,2996,卖盘
909,14:34:01,29.96,0.0,7,20972,卖盘
910,14:34:22,29.96,0.0,16,47936,卖盘
911,14:34:28,29.95,-0.01,5,14975,卖盘
912,14:34:40,29.95,0.0,12,35940,卖盘
913,14:34:52,29.95,0.0,1,2995,卖盘
914,14:34:58,29.95,0.0,2,5990,卖盘
915,14:35:10,29.95,0.0,32,95840,卖盘
916,14:35:15,29.95,0.0,3,8985,卖盘
917,14:35:22,29.95,0.0,1,2995,卖盘
918,14:35:25,29.95,0.0,6,17970,卖盘
919,14:35:36,29.95,0.0,27,80865,卖盘
920,14:35:51,29.96,0.01,1,2996,中性盘
921,14:35:55,29.94,-0.02,31,92820,卖盘
922,14:35:57,29.94,0.0,3,8982,卖盘
923,14:36:12,29.9,-0.04,42,125687,卖盘
924,14:36:40,29.89,-0.01,10,29890,买盘
925,14:36:51,29.89,0.0,65,194042,买盘
926,14:37:00,29.89,0.0,2,5978,卖盘
927,14:37:13,29.89,0.0,1,2989,卖盘
928,14:37:22,29.89,0.0,1,2989,卖盘
929,14:37:28,29.89,0.0,2,5978,卖盘
930,14:37:43,29.89,0.0,2,5978,卖盘
931,14:37:52,29.89,0.0,1,2989,卖盘
932,14:38:03,29.87,-0.02,17,50785,卖盘
933,14:38:16,29.9,0.03,1,2990,买盘
934,14:38:22,29.9,0.0,1,2990,买盘
935,14:38:27,29.87,-0.03,3,8961,卖盘
936,14:38:43,29.9,0.03,6,17936,买盘
937,14:38:52,29.87,-0.03,1,2987,卖盘
938,14:39:22,29.87,0.0,1,2987,卖盘
939,14:39:33,29.87,0.0,3,8961,卖盘
940,14:39:36,29.9,0.03,10,29900,买盘
941,14:39:52,29.87,-0.03,1,2987,卖盘
942,14:40:52,29.88,0.01,1,2988,卖盘
943,14:41:10,29.9,0.02,4,11960,买盘
944,14:41:22,29.88,-0.02,1,2988,卖盘
945,14:41:28,29.88,0.0,3,8964,卖盘
946,14:41:34,29.88,0.0,1,2988,卖盘
947,14:41:37,29.9,0.02,1,2990,买盘
948,14:41:49,29.88,-0.02,1,2988,卖盘
949,14:42:13,29.88,0.0,2,5976,卖盘
950,14:42:22,29.87,-0.01,18,53766,卖盘
951,14:42:25,29.87,0.0,1,2987,卖盘
952,14:42:34,29.87,0.0,9,26883,卖盘
953,14:42:52,29.88,0.01,2,5976,买盘
954,14:42:55,29.83,-0.05,1,2983,卖盘
955,14:42:58,29.83,0.0,1,2983,卖盘
956,14:43:04,29.88,0.05,49,146411,买盘
957,14:43:12,29.82,-0.06,27,80611,卖盘
958,14:43:25,29.87,0.05,2,5970,买盘
959,14:43:37,29.87,0.0,8,23896,卖盘
960,14:43:46,29.87,0.0,1,2987,买盘
961,14:43:49,29.87,0.0,7,20909,买盘
962,14:44:10,29.87,0.0,3,8961,卖盘
963,14:44:24,29.82,-0.05,1,2982,卖盘
964,14:44:49,29.87,0.05,1,2987,买盘
965,14:44:55,29.82,-0.05,1,2982,卖盘
966,14:45:13,29.82,0.0,13,38766,卖盘
967,14:45:16,29.82,0.0,2,5964,卖盘
968,14:45:25,29.82,0.0,1,2982,卖盘
969,14:45:37,29.87,0.05,4,11948,买盘
970,14:46:22,29.87,0.0,10,29870,买盘
971,14:46:25,29.86,-0.01,1,2986,卖盘
972,14:46:55,29.86,0.0,2,5972,卖盘
973,14:47:13,29.86,0.0,11,32846,卖盘
974,14:47:25,29.82,-0.04,1,2982,卖盘
975,14:47:55,29.82,0.0,5,14910,卖盘
976,14:48:10,29.78,-0.04,50,148974,卖盘
977,14:48:13,29.65,-0.13,50,148670,卖盘
978,14:48:28,29.65,0.0,1,2965,卖盘
979,14:48:31,29.64,-0.01,4,11880,卖盘
980,14:48:58,29.65,0.01,7,20755,卖盘
981,14:49:28,29.66,0.01,20,59324,卖盘
982,14:49:49,29.67,0.01,18,53406,买盘
983,14:49:58,29.67,0.0,2,5934,买盘
984,14:50:28,29.8,0.13,4,11920,买盘
985,14:51:58,29.69,-0.11,1,2969,卖盘
986,14:52:04,29.69,0.0,10,29690,卖盘
987,14:52:25,29.69,0.0,1,2969,买盘
988,14:52:34,29.68,-0.01,6,17808,卖盘
989,14:52:37,29.68,0.0,2,5936,买盘
990,14:52:52,29.68,0.0,2,5937,中性盘
991,14:52:55,29.68,0.0,4,11872,买盘
992,14:52:58,29.68,0.0,1,2968,卖盘
993,14:53:10,29.67,-0.01,9,26705,卖盘
994,14:53:25,29.69,0.02,1,2969,买盘
995,14:53:46,29.67,-0.02,1,2967,卖盘
996,14:53:49,29.65,-0.02,84,249079,卖盘
997,14:53:52,29.65,0.0,15,44475,买盘
998,14:53:55,29.64,-0.01,1,2964,卖盘
999,14:54:01,29.64,0.0,1,2964,卖盘
1000,14:54:04,29.64,0.0,2,5928,卖盘
1001,14:54:10,29.63,-0.01,4,11852,卖盘
1002,14:54:13,29.63,0.0,3,8889,卖盘
1003,14:54:28,29.6,-0.03,23,68129,卖盘
1004,14:54:37,29.6,0.0,7,20720,卖盘
1005,14:54:55,29.55,-0.05,28,82782,卖盘
1006,14:54:58,29.55,0.0,1,2955,买盘
1007,14:55:04,29.6,0.05,40,118345,买盘
1008,14:55:07,29.58,-0.02,1,2958,中性盘
1009,14:55:10,29.51,-0.07,24,70859,卖盘
1010,14:55:16,29.55,0.04,9,26595,中性盘
1011,14:55:19,29.55,0.0,6,17735,卖盘
1012,14:55:25,29.5,-0.05,52,153506,卖盘
1013,14:55:28,29.55,0.05,1,2955,买盘
1014,14:55:31,29.51,-0.04,104,306841,卖盘
1015,14:55:34,29.63,0.12,1,2963,买盘
1016,14:55:46,29.51,-0.12,1,2951,卖盘
1017,14:55:49,29.5,-0.01,232,684444,卖盘
1018,14:55:52,29.6,0.1,3,8880,买盘
1019,14:55:55,29.52,-0.08,8,23608,中性盘
1020,14:55:58,29.51,-0.01,9,26560,卖盘
1021,14:56:04,29.5,-0.01,26,76700,卖盘
1022,14:56:07,29.5,0.0,51,150469,卖盘
1023,14:56:10,29.51,0.01,25,73748,买盘
1024,14:56:13,29.51,0.0,5,14776,卖盘
1025,14:56:19,29.51,0.0,1,2951,卖盘
1026,14:56:22,29.51,0.0,1,2951,卖盘
1027,14:56:25,29.5,-0.01,10,29508,卖盘
1028,14:56:40,29.5,0.0,6,17705,卖盘
1029,14:56:43,29.6,0.1,2,5920,买盘
1030,14:56:46,29.59,-0.01,1,2959,买盘
1031,14:56:49,29.59,0.0,1,2959,买盘
1032,14:56:52,29.4,-0.19,73,215262,卖盘
1033,14:56:55,29.4,0.0,23,67620,买盘
1034,14:57:04,29.4,0.0,37,108780,买盘
1035,15:00:05,29.41,0.01,436,1282276,卖盘
