,time,price,change,volume,amount,type
0,09:25:04,3.81,0.01,175,66675,卖盘
1,09:30:04,3.83,0.02,266,101723,买盘
2,09:30:07,3.82,-0.01,15,5730,卖盘
3,09:30:09,3.83,0.01,2,766,买盘
4,09:30:15,3.82,-0.01,157,59974,卖盘
5,09:30:19,3.82,0.0,110,42025,卖盘
6,09:30:22,3.82,0.0,5,1910,卖盘
7,09:30:27,3.82,0.0,252,96344,卖盘
8,09:30:31,3.82,0.0,21,8022,卖盘
9,09:30:33,3.83,0.01,61,23313,买盘
10,09:30:37,3.83,0.0,25,9575,买盘
11,09:30:40,3.83,0.0,452,173449,买盘
12,09:30:42,3.82,-0.01,196,74989,卖盘
13,09:30:45,3.83,0.01,137,52506,买盘
14,09:30:48,3.83,0.0,34,13045,买盘
15,09:30:55,3.83,0.0,21,8043,买盘
16,09:30:58,3.83,0.0,129,49427,买盘
17,09:31:04,3.83,0.0,157,60131,卖盘
18,09:31:06,3.83,0.0,202,77366,买盘
19,09:31:10,3.82,-0.01,37,14141,卖盘
20,09:31:13,3.83,0.01,6,2298,买盘
21,09:31:16,3.83,0.0,160,61220,买盘
22,09:31:21,3.83,0.0,38,14554,买盘
23,09:31:25,3.83,0.0,3,1149,买盘
24,09:31:28,3.83,0.0,30,11490,买盘
25,09:31:30,3.82,-0.01,132,50424,卖盘
26,09:31:36,3.83,0.01,305,116815,买盘
27,09:31:42,3.83,0.0,93,35619,卖盘
28,09:31:46,3.83,0.0,110,42160,卖盘
29,09:31:49,3.83,0.0,88,33724,卖盘
30,09:31:57,3.83,0.0,20,7660,买盘
31,09:32:01,3.83,0.0,71,27193,买盘
32,09:32:04,3.83,0.0,16,6128,买盘
33,09:32:07,3.83,0.0,18,6894,买盘
34,09:32:09,3.83,0.0,67,25661,买盘
35,09:32:13,3.83,0.0,10,3830,卖盘
36,09:32:15,3.84,0.01,100,38400,买盘
37,09:32:19,3.84,0.0,41,15708,买盘
38,09:32:21,3.83,-0.01,15,5745,卖盘
39,09:32:24,3.83,0.0,5,1915,卖盘
40,09:32:31,3.84,0.01,231,88619,买盘
41,09:32:36,3.83,-0.01,25,9575,卖盘
42,09:32:39,3.84,0.01,31,11904,买盘
43,09:32:42,3.84,0.0,71,27264,买盘
44,09:32:45,3.83,-0.01,50,19150,卖盘
45,09:32:49,3.84,0.01,11,4224,买盘
46,09:32:55,3.84,0.0,600,230400,买盘
47,09:32:57,3.84,0.0,47,18048,买盘
48,09:33:04,3.84,0.0,149,57216,买盘
49,09:33:06,3.84,0.0,16,6144,买盘
50,09:33:10,3.84,0.0,1,384,买盘
51,09:33:13,3.84,0.0,442,169728,买盘
52,09:33:16,3.85,0.01,220,84637,买盘
53,09:33:19,3.84,-0.01,537,206245,卖盘
54,09:33:27,3.85,0.01,2,770,买盘
55,09:33:30,3.84,-0.01,130,49950,卖盘
56,09:33:34,3.85,0.01,201,77375,买盘
57,09:33:36,3.85,0.0,56,21560,买盘
58,09:33:40,3.85,0.0,5,1925,买盘
59,09:33:46,3.85,0.0,94,36150,买盘
60,09:33:49,3.85,0.0,4,1540,买盘
61,09:33:52,3.85,0.0,37,14245,买盘
62,09:33:54,3.84,-0.01,110,42250,卖盘
63,09:34:04,3.84,0.0,79,30336,卖盘
64,09:34:07,3.85,0.01,94,36106,买盘
65,09:34:12,3.84,-0.01,94,36156,卖盘
66,09:34:16,3.85,0.01,135,51950,买盘
67,09:34:22,3.85,0.0,6,2310,买盘
68,09:34:24,3.85,0.0,52,20020,买盘
69,09:34:27,3.85,0.0,100,38500,买盘
70,09:34:34,3.85,0.0,2,770,买盘
71,09:34:37,3.85,0.0,41,15785,买盘
72,09:34:40,3.85,0.0,6,2309,买盘
73,09:34:42,3.84,-0.01,52,19968,卖盘
74,09:34:45,3.84,0.0,25,9620,卖盘
75,09:34:49,3.84,0.0,458,176124,卖盘
76,09:34:52,3.85,0.01,40,15400,买盘
77,09:34:55,3.85,0.0,140,53856,买盘
78,09:34:57,3.84,-0.01,305,117120,卖盘
79,09:35:04,3.84,0.0,338,129775,买盘
80,09:35:07,3.83,-0.01,1,383,卖盘
81,09:35:18,3.83,0.0,30,11510,卖盘
82,09:35:22,3.84,0.01,1,384,买盘
83,09:35:27,3.83,-0.01,13,4979,卖盘
84,09:35:34,3.84,0.01,454,174336,买盘
85,09:35:36,3.83,-0.01,1,383,卖盘
86,09:35:40,3.83,0.0,24,9214,卖盘
87,09:35:45,3.84,0.01,35,13440,买盘
88,09:35:48,3.84,0.0,99,38016,买盘
89,09:36:06,3.85,0.01,5,1925,买盘
90,09:36:09,3.84,-0.01,123,47255,卖盘
91,09:36:12,3.84,0.0,1,384,买盘
92,09:36:16,3.84,0.0,105,40320,买盘
93,09:36:19,3.84,0.0,28,10752,买盘
94,09:36:22,3.84,0.0,100,38400,买盘
95,09:36:25,3.85,0.01,9,3465,买盘
96,09:36:37,3.84,-0.01,29,11164,卖盘
97,09:36:40,3.85,0.01,91,35035,买盘
98,09:36:46,3.85,0.0,6,2310,买盘
99,09:36:52,3.85,0.0,488,187880,买盘
100,09:36:57,3.85,0.0,336,129360,买盘
101,09:37:01,3.85,0.0,220,84700,买盘
102,09:37:04,3.85,0.0,33,12728,卖盘
103,09:37:07,3.85,0.0,10,3850,卖盘
104,09:37:16,3.85,0.0,106,40851,卖盘
105,09:37:21,3.86,0.01,592,228512,买盘
106,09:37:25,3.86,0.0,10,3860,买盘
107,09:37:28,3.86,0.0,35,13510,买盘
108,09:37:31,3.86,0.0,100,38600,买盘
109,09:37:33,3.86,0.0,91,35126,买盘
110,09:37:43,3.87,0.01,59,22833,买盘
111,09:37:46,3.87,0.0,70,27090,买盘
112,09:37:51,3.88,0.01,766,296826,买盘
113,09:37:58,3.88,0.0,29,11252,买盘
114,09:38:01,3.88,0.0,30,11640,买盘
115,09:38:04,3.88,0.0,10,3880,买盘
116,09:38:07,3.88,0.0,39,15132,买盘
117,09:38:10,3.88,0.0,50,19400,买盘
118,09:38:13,3.88,0.0,10,3880,卖盘
119,09:38:15,3.88,0.0,5,1940,卖盘
120,09:38:18,3.88,0.0,50,19400,卖盘
121,09:38:22,3.88,0.0,67,25996,卖盘
122,09:38:24,3.89,0.01,80,31070,买盘
123,09:38:27,3.88,-0.01,17,6596,卖盘
124,09:38:31,3.89,0.01,76,29522,买盘
125,09:38:34,3.89,0.0,71,27573,买盘
126,09:38:37,3.89,0.0,175,68005,买盘
127,09:38:40,3.88,-0.01,16,6208,卖盘
128,09:38:43,3.89,0.01,2,778,买盘
129,09:38:45,3.89,0.0,50,19450,买盘
130,09:38:49,3.89,0.0,7,2723,买盘
131,09:38:54,3.89,0.0,87,33840,买盘
132,09:38:58,3.89,0.0,38,14782,买盘
133,09:39:04,3.88,-0.01,201,78051,卖盘
134,09:39:06,3.88,0.0,443,171914,卖盘
135,09:39:10,3.87,-0.01,110,42600,卖盘
136,09:39:13,3.87,0.0,9,3483,卖盘
137,09:39:16,3.88,0.01,129,50041,买盘
138,09:39:19,3.87,-0.01,19,7356,卖盘
139,09:39:22,3.88,0.01,96,37220,买盘
140,09:39:24,3.87,-0.01,175,67750,卖盘
141,09:39:27,3.87,0.0,2,774,买盘
142,09:39:34,3.87,0.0,89,34443,买盘
143,09:39:37,3.87,0.0,67,25929,买盘
144,09:39:40,3.87,0.0,578,224141,买盘
145,09:39:42,3.87,0.0,31,11996,买盘
146,09:39:49,3.87,0.0,5,1935,买盘
147,09:39:55,3.87,0.0,10,3870,买盘
148,09:39:57,3.87,0.0,3,1161,买盘
149,09:40:00,3.87,0.0,5,1935,买盘
150,09:40:04,3.87,0.0,162,62557,买盘
151,09:40:06,3.87,0.0,13,5031,买盘
152,09:40:13,3.87,0.0,184,71203,买盘
153,09:40:16,3.87,0.0,186,71982,买盘
154,09:40:21,3.87,0.0,44,17028,买盘
155,09:40:24,3.86,-0.01,100,38648,卖盘
156,09:40:28,3.87,0.01,3,1161,中性盘
157,09:40:34,3.87,0.0,43,16641,买盘
158,09:40:36,3.86,-0.01,35,13543,卖盘
159,09:40:40,3.87,0.01,75,29025,买盘
160,09:40:42,3.86,-0.01,21,8106,卖盘
161,09:40:45,3.88,0.02,11,4264,买盘
162,09:40:58,3.87,-0.01,7,2709,中性盘
163,09:41:00,3.87,0.0,45,17415,买盘
164,09:41:04,3.88,0.01,100,38783,买盘
165,09:41:06,3.88,0.0,2,776,买盘
166,09:41:09,3.88,0.0,61,23653,买盘
167,09:41:12,3.88,0.0,10,3880,买盘
168,09:41:18,3.87,-0.01,57,22059,卖盘
169,09:41:22,3.87,0.0,66,25542,买盘
170,09:41:25,3.87,0.0,10,3870,卖盘
171,09:41:30,3.88,0.01,13,5032,买盘
172,09:41:33,3.88,0.0,100,38800,买盘
173,09:41:37,3.88,0.0,64,24832,买盘
174,09:41:40,3.88,0.0,178,69064,买盘
175,09:41:43,3.88,0.0,4,1552,买盘
176,09:41:46,3.88,0.0,8,3104,买盘
177,09:41:48,3.88,0.0,371,143948,买盘
178,09:41:51,3.88,0.0,216,83808,买盘
179,09:41:57,3.88,0.0,31,12028,买盘
180,09:42:04,3.88,0.0,17,6596,买盘
181,09:42:07,3.88,0.0,2,776,买盘
182,09:42:10,3.88,0.0,25,9700,买盘
183,09:42:12,3.88,0.0,53,20564,买盘
184,09:42:15,3.88,0.0,18,6984,买盘
185,09:42:18,3.87,-0.01,5,1935,卖盘
186,09:42:22,3.88,0.01,13,5044,买盘
187,09:42:25,3.88,0.0,404,156752,买盘
188,09:42:28,3.88,0.0,9,3492,买盘
189,09:42:31,3.88,0.0,52,20176,买盘
190,09:42:33,3.88,0.0,15,5820,买盘
191,09:42:36,3.87,-0.01,69,26771,卖盘
192,09:42:39,3.88,0.01,150,58200,买盘
193,09:42:43,3.87,-0.01,180,69660,卖盘
194,09:42:51,3.87,0.0,100,38700,卖盘
195,09:43:06,3.87,0.0,100,38702,卖盘
196,09:43:15,3.87,0.0,17,6579,卖盘
197,09:43:19,3.87,0.0,22,8514,卖盘
198,09:43:22,3.87,0.0,112,43344,卖盘
199,09:43:24,3.87,0.0,6,2322,卖盘
200,09:43:27,3.87,0.0,118,45667,卖盘
201,09:43:30,3.87,0.0,101,39087,卖盘
202,09:43:34,3.87,0.0,75,29025,卖盘
203,09:43:37,3.87,0.0,126,48765,卖盘
204,09:43:42,3.87,0.0,16,6192,买盘
205,09:43:45,3.87,0.0,5,1935,买盘
206,09:43:48,3.87,0.0,6,2322,买盘
207,09:43:52,3.87,0.0,31,11997,买盘
208,09:43:58,3.86,-0.01,249,96314,卖盘
209,09:44:04,3.86,0.0,100,38600,卖盘
210,09:44:06,3.87,0.01,2,774,买盘
211,09:44:15,3.87,0.0,240,92840,买盘
212,09:44:19,3.87,0.0,3,1161,买盘
213,09:44:22,3.87,0.0,70,27090,买盘
214,09:44:30,3.87,0.0,2,774,卖盘
215,09:44:36,3.88,0.01,3,1164,买盘
216,09:44:46,3.88,0.0,49,19012,买盘
217,09:44:54,3.87,-0.01,324,125539,卖盘
218,09:44:58,3.88,0.01,282,109389,买盘
219,09:45:06,3.88,0.0,3,1164,买盘
220,09:45:21,3.87,-0.01,1,387,卖盘
221,09:45:28,3.87,0.0,20,7740,卖盘
222,09:45:31,3.87,0.0,51,19737,卖盘
223,09:45:34,3.87,0.0,20,7740,卖盘
224,09:45:39,3.87,0.0,1,387,卖盘
225,09:45:42,3.88,0.01,3,1164,买盘
226,09:45:45,3.87,-0.01,10,3870,卖盘
227,09:45:49,3.87,0.0,10,3870,卖盘
228,09:45:51,3.87,0.0,273,105651,卖盘
229,09:45:54,3.87,0.0,27,10449,买盘
230,09:46:22,3.87,0.0,3,1161,买盘
231,09:46:27,3.86,-0.01,65,25090,卖盘
232,09:46:34,3.87,0.01,82,31734,买盘
233,09:46:39,3.87,0.0,191,73917,买盘
234,09:46:46,3.87,0.0,8,3096,买盘
235,09:46:52,3.87,0.0,11,4257,买盘
236,09:47:16,3.87,0.0,339,131193,买盘
237,09:47:36,3.87,0.0,2,774,卖盘
238,09:47:40,3.87,0.0,8,3096,卖盘
239,09:47:55,3.88,0.01,4,1552,买盘
240,09:47:58,3.87,-0.01,500,193500,卖盘
241,09:48:06,3.87,0.0,74,28668,卖盘
242,09:48:22,3.88,0.01,10,3880,买盘
243,09:48:27,3.88,0.0,11,4268,买盘
244,09:48:30,3.88,0.0,11,4268,买盘
245,09:48:34,3.88,0.0,4,1552,买盘
246,09:48:45,3.88,0.0,11,4268,买盘
247,09:48:49,3.88,0.0,364,141232,买盘
248,09:48:55,3.88,0.0,20,7760,买盘
249,09:49:00,3.88,0.0,115,44620,买盘
250,09:49:04,3.88,0.0,32,12416,买盘
251,09:49:06,3.88,0.0,5,1940,买盘
252,09:49:09,3.88,0.0,322,124754,买盘
253,09:49:12,3.88,0.0,50,19400,卖盘
254,09:49:16,3.88,0.0,10,3880,卖盘
255,09:49:18,3.88,0.0,1,388,卖盘
256,09:49:21,3.89,0.01,3,1165,买盘
257,09:49:25,3.89,0.0,1,389,买盘
258,09:49:28,3.88,-0.01,50,19400,卖盘
259,09:49:36,3.89,0.01,7,2723,买盘
260,09:49:39,3.89,0.0,20,7780,买盘
261,09:49:42,3.89,0.0,71,27619,买盘
262,09:49:45,3.89,0.0,228,88692,买盘
263,09:49:49,3.88,-0.01,200,77600,卖盘
264,09:49:52,3.89,0.01,325,126325,买盘
265,09:50:01,3.89,0.0,87,33843,买盘
266,09:50:04,3.89,0.0,358,139262,买盘
267,09:50:10,3.89,0.0,400,155600,买盘
268,09:50:13,3.89,0.0,27,10503,买盘
269,09:50:16,3.89,0.0,132,51348,买盘
270,09:50:19,3.89,0.0,30,11670,卖盘
271,09:50:22,3.89,0.0,10,3890,卖盘
272,09:50:24,3.89,0.0,50,19450,卖盘
273,09:50:28,3.89,0.0,50,19450,卖盘
274,09:50:31,3.89,0.0,20,7780,卖盘
275,09:50:34,3.89,0.0,10,3890,卖盘
276,09:50:37,3.89,0.0,101,39289,卖盘
277,09:50:39,3.89,0.0,62,24170,卖盘
278,09:50:49,3.89,0.0,11,4285,卖盘
279,09:50:51,3.89,0.0,50,19450,卖盘
280,09:50:54,3.9,0.01,6,2339,买盘
281,09:50:57,3.89,-0.01,20,7780,卖盘
282,09:51:00,3.9,0.01,147,57315,买盘
283,09:51:07,3.89,-0.01,119,46323,卖盘
284,09:51:10,3.9,0.01,11,4290,买盘
285,09:51:13,3.9,0.0,120,46710,买盘
286,09:51:19,3.9,0.0,30,11694,买盘
287,09:51:22,3.9,0.0,121,47088,买盘
288,09:51:24,3.89,-0.01,163,63407,卖盘
289,09:51:28,3.89,0.0,187,72763,卖盘
290,09:51:37,3.88,-0.01,19,7390,卖盘
291,09:51:45,3.88,0.0,119,46241,卖盘
292,09:51:55,3.89,0.01,5,1945,买盘
293,09:51:57,3.89,0.0,10,3890,买盘
294,09:52:04,3.88,-0.01,50,19400,卖盘
295,09:52:07,3.88,0.0,42,16296,卖盘
296,09:52:09,3.89,0.01,6,2334,买盘
297,09:52:12,3.89,0.0,39,15171,买盘
298,09:52:15,3.88,-0.01,50,19400,卖盘
299,09:52:21,3.88,0.0,5,1940,卖盘
300,09:52:28,3.88,0.0,20,7760,卖盘
301,09:52:36,3.88,0.0,119,46176,卖盘
302,09:52:48,3.88,0.0,245,95060,卖盘
303,09:52:58,3.88,0.0,43,16684,卖盘
304,09:53:04,3.88,0.0,14,5436,卖盘
305,09:53:19,3.88,0.0,16,6208,卖盘
306,09:53:22,3.88,0.0,10,3880,卖盘
307,09:53:25,3.88,0.0,166,64408,卖盘
308,09:53:37,3.88,0.0,2,776,买盘
309,09:53:51,3.87,-0.01,5,1935,卖盘
310,09:54:00,3.88,0.01,2,776,买盘
311,09:54:04,3.88,0.0,143,55484,买盘
312,09:54:06,3.88,0.0,2,776,买盘
313,09:54:09,3.88,0.0,1,388,买盘
314,09:54:19,3.88,0.0,2,776,买盘
315,09:54:21,3.88,0.0,1,388,买盘
316,09:54:33,3.87,-0.01,20,7740,卖盘
317,09:54:37,3.88,0.01,2,776,买盘
318,09:54:39,3.88,0.0,2,775,买盘
319,09:54:42,3.88,0.0,20,7760,买盘
320,09:54:52,3.88,0.0,42,16296,买盘
321,09:54:57,3.89,0.01,300,116533,买盘
322,09:55:04,3.88,-0.01,6,2328,买盘
323,09:55:07,3.88,0.0,2,776,买盘
324,09:55:15,3.88,0.0,28,10859,买盘
325,09:55:33,3.88,0.0,9,3492,买盘
326,09:55:40,3.88,0.0,205,79539,买盘
327,09:55:42,3.88,0.0,78,30264,卖盘
328,09:55:58,3.87,-0.01,14,5418,卖盘
329,09:56:46,3.87,0.0,7,2709,卖盘
330,09:56:52,3.87,0.0,32,12386,卖盘
331,09:57:04,3.88,0.01,11,4268,买盘
332,09:57:06,3.88,0.0,82,31816,买盘
333,09:57:10,3.87,-0.01,128,49564,卖盘
334,09:57:16,3.87,0.0,20,7740,卖盘
335,09:57:18,3.87,0.0,6,2322,卖盘
336,09:57:24,3.88,0.01,116,45008,买盘
337,09:57:27,3.87,-0.01,1,387,卖盘
338,09:57:30,3.87,0.0,20,7740,卖盘
339,09:57:33,3.88,0.01,182,70616,买盘
340,09:57:37,3.88,0.0,10,3880,买盘
341,09:57:40,3.89,0.01,537,208441,买盘
342,09:57:42,3.9,0.01,3056,1190762,买盘
343,09:57:45,3.9,0.0,84,32760,买盘
344,09:57:48,3.9,0.0,300,117000,买盘
345,09:57:52,3.9,0.0,126,49140,买盘
346,09:57:55,3.91,0.01,61,23851,买盘
347,09:57:57,3.92,0.01,262,102569,买盘
348,09:58:00,3.9,-0.02,5,1950,卖盘
349,09:58:04,3.92,0.02,464,181883,买盘
350,09:58:09,3.93,0.01,318,124730,买盘
351,09:58:12,3.93,0.0,432,169776,买盘
352,09:58:15,3.93,0.0,106,41648,买盘
353,09:58:19,3.93,0.0,327,128324,买盘
354,09:58:24,3.92,-0.01,1,392,卖盘
355,09:58:27,3.92,0.0,255,100194,卖盘
356,09:58:30,3.92,0.0,8,3136,买盘
357,09:58:33,3.92,0.0,278,108821,买盘
358,09:58:36,3.92,0.0,75,29400,买盘
359,09:58:39,3.91,-0.01,29,11339,卖盘
360,09:58:43,3.91,0.0,48,18759,卖盘
361,09:58:45,3.9,-0.01,13,5070,卖盘
362,09:58:48,3.91,0.01,29,11332,买盘
363,09:58:51,3.9,-0.01,4,1560,卖盘
364,09:58:54,3.9,0.0,24,9378,卖盘
365,09:58:58,3.9,0.0,2,780,卖盘
366,09:59:00,3.91,0.01,84,32792,买盘
367,09:59:04,3.9,-0.01,42,16380,卖盘
368,09:59:06,3.9,0.0,27,10530,卖盘
369,09:59:15,3.9,0.0,9,3510,卖盘
370,09:59:18,3.9,0.0,200,78000,卖盘
371,09:59:21,3.9,0.0,12,4680,卖盘
372,09:59:25,3.91,0.01,754,294793,买盘
373,09:59:28,3.91,0.0,123,48093,卖盘
374,09:59:31,3.91,0.0,9,3519,卖盘
375,09:59:34,3.91,0.0,32,12512,卖盘
376,09:59:36,3.91,0.0,133,52024,卖盘
377,09:59:39,3.91,0.0,89,34799,卖盘
378,09:59:42,3.91,0.0,156,61073,卖盘
379,09:59:45,3.91,0.0,2,782,卖盘
380,09:59:48,3.91,0.0,40,15640,卖盘
381,09:59:51,3.92,0.01,25,9797,买盘
382,09:59:54,3.91,-0.01,76,29716,中性盘
383,09:59:57,3.91,0.0,10,3910,买盘
384,10:00:00,3.91,0.0,50,19550,买盘
385,10:00:04,3.91,0.0,7,2737,买盘
386,10:00:09,3.91,0.0,40,15640,买盘
387,10:00:15,3.9,-0.01,23,8973,卖盘
388,10:00:18,3.91,0.01,16,6256,买盘
389,10:00:21,3.9,-0.01,37,14430,卖盘
390,10:00:28,3.9,0.0,43,16773,卖盘
391,10:00:31,3.91,0.01,10,3910,买盘
392,10:00:33,3.91,0.0,29,11339,买盘
393,10:00:37,3.9,-0.01,40,15600,卖盘
394,10:00:39,3.91,0.01,327,127855,买盘
395,10:00:49,3.92,0.01,41,16052,买盘
396,10:00:54,3.91,-0.01,20,7820,卖盘
397,10:00:57,3.91,0.0,5,1955,卖盘
398,10:01:00,3.91,0.0,67,26197,卖盘
399,10:01:04,3.92,0.01,858,336335,买盘
400,10:01:06,3.91,-0.01,13,5086,卖盘
401,10:01:19,3.91,0.0,100,39100,卖盘
402,10:01:21,3.91,0.0,116,45356,卖盘
403,10:01:24,3.91,0.0,17,6647,买盘
404,10:01:27,3.91,0.0,20,7820,买盘
405,10:01:30,3.91,0.0,33,12903,买盘
406,10:01:33,3.91,0.0,30,11730,买盘
407,10:01:40,3.91,0.0,50,19550,买盘
408,10:01:43,3.91,0.0,106,41446,买盘
409,10:01:51,3.92,0.01,230,89958,买盘
410,10:01:54,3.91,-0.01,27,10557,中性盘
411,10:01:57,3.91,0.0,2,782,卖盘
412,10:02:04,3.91,0.0,42,16422,卖盘
413,10:02:06,3.91,0.0,4,1564,买盘
414,10:02:09,3.91,0.0,1,391,买盘
415,10:02:13,3.9,-0.01,36,14040,卖盘
416,10:02:15,3.92,0.02,150,58670,买盘
417,10:02:18,3.91,-0.01,3,1173,卖盘
418,10:02:25,3.92,0.01,10,3920,买盘
419,10:02:34,3.92,0.0,52,20384,买盘
420,10:02:36,3.92,0.0,60,23520,买盘
421,10:02:39,3.91,-0.01,1,391,卖盘
422,10:02:42,3.92,0.01,104,40768,买盘
423,10:02:45,3.91,-0.01,210,82110,卖盘
424,10:02:49,3.92,0.01,56,21952,买盘
425,10:02:51,3.91,-0.01,60,23460,卖盘
426,10:02:55,3.92,0.01,30,11760,买盘
427,10:03:00,3.92,0.0,69,27048,买盘
428,10:03:04,3.92,0.0,38,14896,买盘
429,10:03:06,3.92,0.0,3,1176,买盘
430,10:03:13,3.92,0.0,100,39200,买盘
431,10:03:16,3.92,0.0,45,17620,买盘
432,10:03:24,3.92,0.0,39,15288,买盘
433,10:03:27,3.91,-0.01,10,3910,卖盘
434,10:03:30,3.92,0.01,30,11759,买盘
435,10:03:33,3.92,0.0,2,784,买盘
436,10:03:36,3.91,-0.01,700,273700,卖盘
437,10:03:39,3.91,0.0,872,340961,卖盘
438,10:03:42,3.9,-0.01,35,13680,卖盘
439,10:03:45,3.9,0.0,4,1560,卖盘
440,10:03:49,3.91,0.01,377,147448,买盘
441,10:03:54,3.91,0.0,30,11730,卖盘
442,10:03:57,3.91,0.0,140,54740,卖盘
443,10:04:00,3.91,0.0,21,8211,卖盘
444,10:04:04,3.91,0.0,11,4301,卖盘
445,10:04:07,3.91,0.0,11,4301,卖盘
446,10:04:09,3.92,0.01,50,19578,买盘
447,10:04:21,3.91,-0.01,7,2737,买盘
448,10:04:33,3.91,0.0,67,26135,买盘
449,10:04:36,3.92,0.01,172,67290,买盘
450,10:04:40,3.9,-0.02,1,390,卖盘
451,10:04:45,3.91,0.01,5,1955,买盘
452,10:04:51,3.91,0.0,13,5083,买盘
453,10:05:00,3.9,-0.01,13,5070,卖盘
454,10:05:06,3.91,0.01,67,26142,买盘
455,10:05:15,3.91,0.0,5,1955,买盘
456,10:05:21,3.9,-0.01,30,11700,卖盘
457,10:05:31,3.91,0.01,10,3910,买盘
458,10:05:36,3.9,-0.01,6,2340,卖盘
459,10:05:40,3.9,0.0,1,390,卖盘
460,10:05:42,3.9,0.0,20,7800,卖盘
461,10:05:57,3.9,0.0,43,16770,卖盘
462,10:06:01,3.9,0.0,80,31200,卖盘
463,10:06:04,3.9,0.0,9,3510,卖盘
464,10:06:07,3.9,0.0,100,39000,卖盘
465,10:06:09,3.9,0.0,29,11310,卖盘
466,10:06:12,3.9,0.0,101,39390,卖盘
467,10:06:15,3.9,0.0,12,4680,卖盘
468,10:06:21,3.9,0.0,100,39000,卖盘
469,10:06:24,3.9,0.0,105,40950,卖盘
470,10:06:27,3.9,0.0,33,12870,卖盘
471,10:06:30,3.9,0.0,60,23400,卖盘
472,10:06:33,3.9,0.0,10,3900,卖盘
473,10:06:36,3.9,0.0,32,12480,卖盘
474,10:06:39,3.89,-0.01,1,389,卖盘
475,10:06:48,3.89,0.0,140,54460,卖盘
476,10:06:54,3.9,0.01,1,390,买盘
477,10:07:04,3.9,0.0,7,2730,买盘
478,10:07:07,3.9,0.0,20,7800,买盘
479,10:07:09,3.9,0.0,3,1170,买盘
480,10:07:12,3.89,-0.01,10,3890,卖盘
481,10:07:19,3.89,0.0,10,3890,卖盘
482,10:07:27,3.9,0.01,20,7800,买盘
483,10:07:33,3.89,-0.01,48,18672,卖盘
484,10:07:39,3.89,0.0,14,5446,卖盘
485,10:07:43,3.89,0.0,20,7780,卖盘
486,10:07:45,3.89,0.0,55,21395,卖盘
487,10:07:48,3.89,0.0,85,33065,卖盘
488,10:07:57,3.9,0.01,101,39390,买盘
489,10:08:04,3.89,-0.01,32,12456,卖盘
490,10:08:07,3.89,0.0,40,15560,卖盘
491,10:08:18,3.89,0.0,4,1556,卖盘
492,10:08:27,3.89,0.0,30,11670,卖盘
493,10:08:30,3.89,0.0,27,10503,卖盘
494,10:08:33,3.89,0.0,179,69631,卖盘
495,10:08:37,3.89,0.0,30,11670,卖盘
496,10:08:39,3.89,0.0,77,29953,卖盘
497,10:08:42,3.89,0.0,346,134594,卖盘
498,10:08:54,3.88,-0.01,5,1940,卖盘
499,10:09:03,3.88,0.0,922,357736,卖盘
500,10:09:07,3.88,0.0,14,5432,买盘
501,10:09:09,3.88,0.0,50,19400,买盘
502,10:09:15,3.87,-0.01,151,58437,卖盘
503,10:09:24,3.87,0.0,23,8911,卖盘
504,10:09:30,3.87,0.0,5,1935,卖盘
505,10:09:37,3.87,0.0,58,22446,卖盘
506,10:09:39,3.87,0.0,1,387,卖盘
507,10:09:42,3.88,0.01,109,42292,买盘
508,10:09:45,3.87,-0.01,200,77400,卖盘
509,10:09:54,3.87,0.0,100,38700,卖盘
510,10:10:09,3.87,0.0,20,7740,卖盘
511,10:10:12,3.87,0.0,30,11610,卖盘
512,10:10:19,3.87,0.0,225,87100,卖盘
513,10:10:22,3.87,0.0,31,11998,卖盘
514,10:10:24,3.88,0.01,46,17848,买盘
515,10:10:36,3.87,-0.01,51,19737,卖盘
516,10:10:48,3.88,0.01,115,44526,买盘
517,10:10:51,3.88,0.0,667,258629,买盘
518,10:10:58,3.88,0.0,40,15520,买盘
519,10:11:04,3.88,0.0,100,38800,买盘
520,10:11:06,3.88,0.0,20,7760,买盘
521,10:11:09,3.88,0.0,27,10476,买盘
522,10:11:18,3.88,0.0,20,7760,买盘
523,10:11:27,3.87,-0.01,20,7740,卖盘
524,10:11:30,3.88,0.01,95,36860,买盘
525,10:11:33,3.88,0.0,78,30264,买盘
526,10:11:36,3.88,0.0,3,1164,买盘
527,10:11:39,3.87,-0.01,4,1548,卖盘
528,10:11:48,3.88,0.01,1,388,买盘
529,10:11:54,3.87,-0.01,50,19350,卖盘
530,10:11:58,3.88,0.01,15,5818,买盘
531,10:12:00,3.88,0.0,11,4268,买盘
532,10:12:04,3.88,0.0,69,26772,买盘
533,10:12:07,3.87,-0.01,52,20126,卖盘
534,10:12:15,3.88,0.01,8,3104,买盘
535,10:12:21,3.88,0.0,11,4268,买盘
536,10:12:24,3.88,0.0,100,38800,买盘
537,10:12:30,3.88,0.0,7,2716,买盘
538,10:12:36,3.88,0.0,2,776,买盘
539,10:12:48,3.88,0.0,1,388,买盘
540,10:12:52,3.88,0.0,51,19788,买盘
541,10:13:01,3.88,0.0,12,4656,买盘
542,10:13:04,3.88,0.0,8,3104,买盘
543,10:13:06,3.88,0.0,67,25996,买盘
544,10:13:09,3.87,-0.01,8,3096,卖盘
545,10:13:21,3.87,0.0,30,11615,卖盘
546,10:13:24,3.88,0.01,20,7760,买盘
547,10:13:30,3.88,0.0,87,33756,买盘
548,10:13:33,3.88,0.0,24,9304,买盘
549,10:13:37,3.88,0.0,1,388,买盘
550,10:13:39,3.87,-0.01,2,774,卖盘
551,10:13:42,3.88,0.01,79,30652,买盘
552,10:14:12,3.88,0.0,50,19400,卖盘
553,10:14:21,3.88,0.0,131,50828,卖盘
554,10:14:24,3.89,0.01,199,77367,买盘
555,10:14:28,3.89,0.0,28,10882,买盘
556,10:14:30,3.89,0.0,83,32287,买盘
557,10:14:40,3.89,0.0,66,25674,买盘
558,10:14:45,3.89,0.0,12,4668,买盘
559,10:14:48,3.89,0.0,4,1556,买盘
560,10:14:51,3.89,0.0,333,129537,买盘
561,10:14:58,3.89,0.0,7,2723,买盘
562,10:15:01,3.89,0.0,19,7391,买盘
563,10:15:04,3.89,0.0,7,2723,买盘
564,10:15:06,3.89,0.0,23,8947,买盘
565,10:15:09,3.9,0.01,88,34255,买盘
566,10:15:12,3.9,0.0,20,7800,买盘
567,10:15:36,3.89,-0.01,21,8183,卖盘
568,10:15:45,3.89,0.0,72,28014,卖盘
569,10:15:57,3.89,0.0,54,21006,买盘
570,10:16:00,3.89,0.0,6,2334,买盘
571,10:16:21,3.89,0.0,39,15171,卖盘
572,10:16:42,3.88,-0.01,1,388,卖盘
573,10:16:57,3.88,0.0,87,33806,卖盘
574,10:17:18,3.89,0.01,58,22562,买盘
575,10:17:24,3.89,0.0,1,389,买盘
576,10:17:27,3.89,0.0,45,17505,买盘
577,10:17:30,3.89,0.0,2,778,买盘
578,10:17:52,3.88,-0.01,10,3880,卖盘
579,10:18:34,3.88,0.0,1,388,卖盘
580,10:18:39,3.88,0.0,1,388,卖盘
581,10:19:03,3.89,0.01,2,778,买盘
582,10:19:21,3.88,-0.01,30,11640,卖盘
583,10:19:28,3.88,0.0,86,33368,卖盘
584,10:19:39,3.88,0.0,1,388,卖盘
585,10:19:45,3.89,0.01,10,3890,买盘
586,10:19:48,3.89,0.0,3,1167,买盘
587,10:19:57,3.89,0.0,88,34232,买盘
588,10:20:04,3.89,0.0,27,10503,买盘
589,10:20:06,3.89,0.0,20,7780,买盘
590,10:20:09,3.89,0.0,20,7780,买盘
591,10:20:21,3.89,0.0,140,54460,买盘
592,10:20:24,3.89,0.0,20,7780,卖盘
593,10:20:27,3.89,0.0,20,7780,卖盘
594,10:20:39,3.89,0.0,1,389,卖盘
595,10:21:06,3.9,0.01,9,3510,买盘
596,10:21:12,3.89,-0.01,11,4279,卖盘
597,10:21:15,3.9,0.01,2,780,买盘
598,10:21:18,3.9,0.0,59,23010,买盘
599,10:21:25,3.9,0.0,1,390,买盘
600,10:21:51,3.9,0.0,52,20280,买盘
601,10:22:03,3.9,0.0,7,2730,买盘
602,10:22:15,3.9,0.0,11,4281,买盘
603,10:22:22,3.89,-0.01,111,43179,卖盘
604,10:22:24,3.89,0.0,10,3890,卖盘
605,10:22:27,3.89,0.0,8,3112,卖盘
606,10:22:30,3.89,0.0,8,3112,卖盘
607,10:22:33,3.89,0.0,5,1945,卖盘
608,10:22:36,3.89,0.0,7,2723,卖盘
609,10:22:39,3.89,0.0,6,2334,卖盘
610,10:22:42,3.89,0.0,8,3112,卖盘
611,10:23:00,3.89,0.0,30,11670,卖盘
612,10:23:06,3.89,0.0,113,43957,卖盘
613,10:23:12,3.89,0.0,22,8560,卖盘
614,10:23:21,3.89,0.0,5,1945,卖盘
615,10:23:33,3.9,0.01,14,5460,买盘
616,10:24:04,3.9,0.0,8,3120,买盘
617,10:24:15,3.9,0.0,2,780,买盘
618,10:24:27,3.89,-0.01,18,7002,卖盘
619,10:24:39,3.89,0.0,1,389,卖盘
620,10:24:42,3.89,0.0,49,19061,卖盘
621,10:24:45,3.89,0.0,3,1167,卖盘
622,10:24:48,3.9,0.01,320,124500,买盘
623,10:24:51,3.89,-0.01,1,389,卖盘
624,10:24:55,3.89,0.0,11,4279,卖盘
625,10:24:57,3.89,0.0,16,6224,卖盘
626,10:25:04,3.89,0.0,21,8169,卖盘
627,10:25:06,3.89,0.0,1,389,买盘
628,10:25:12,3.89,0.0,19,7391,买盘
629,10:25:27,3.88,-0.01,10,3880,卖盘
630,10:25:39,3.89,0.01,9,3501,买盘
631,10:25:42,3.89,0.0,40,15560,买盘
632,10:25:45,3.88,-0.01,1200,465600,卖盘
633,10:25:51,3.88,0.0,10,3880,卖盘
634,10:25:57,3.88,0.0,76,29538,卖盘
635,10:26:00,3.89,0.01,2,778,买盘
636,10:26:03,3.89,0.0,7,2723,买盘
637,10:26:18,3.88,-0.01,20,7760,卖盘
638,10:26:24,3.88,0.0,50,19400,卖盘
639,10:26:30,3.88,0.0,36,13968,卖盘
640,10:26:48,3.88,0.0,53,20615,卖盘
641,10:27:27,3.89,0.01,19,7375,买盘
642,10:27:45,3.89,0.0,46,17887,买盘
643,10:27:51,3.89,0.0,361,140429,买盘
644,10:27:57,3.89,0.0,76,29564,买盘
645,10:28:00,3.89,0.0,10,3890,买盘
646,10:28:04,3.89,0.0,8,3112,买盘
647,10:28:07,3.89,0.0,20,7780,买盘
648,10:28:10,3.89,0.0,11,4279,买盘
649,10:28:33,3.88,-0.01,10,3880,卖盘
650,10:29:00,3.89,0.01,7,2723,买盘
651,10:29:04,3.89,0.0,8,3112,买盘
652,10:29:39,3.88,-0.01,7,2722,卖盘
653,10:30:12,3.88,0.0,56,21728,卖盘
654,10:30:24,3.88,0.0,2,776,卖盘
655,10:30:39,3.88,0.0,1,388,卖盘
656,10:31:01,3.89,0.01,338,131482,买盘
657,10:31:12,3.89,0.0,20,7780,卖盘
658,10:31:18,3.9,0.01,21,8170,买盘
659,10:31:33,3.9,0.0,9,3510,买盘
660,10:31:36,3.9,0.0,2,780,买盘
661,10:31:39,3.89,-0.01,1,389,卖盘
662,10:31:52,3.9,0.01,11,4290,买盘
663,10:31:54,3.89,-0.01,100,38900,卖盘
664,10:32:04,3.9,0.01,9,3510,买盘
665,10:32:09,3.89,-0.01,5,1945,卖盘
666,10:32:15,3.9,0.01,21,8190,买盘
667,10:32:33,3.9,0.0,90,35100,买盘
668,10:32:36,3.9,0.0,10,3900,买盘
669,10:32:51,3.9,0.0,3,1170,买盘
670,10:33:04,3.9,0.0,9,3510,买盘
671,10:33:21,3.9,0.0,78,30420,买盘
672,10:33:25,3.9,0.0,91,35490,买盘
673,10:33:39,3.89,-0.01,2,778,卖盘
674,10:33:42,3.9,0.01,5,1950,买盘
675,10:33:54,3.89,-0.01,10,3890,卖盘
676,10:34:09,3.9,0.01,2,780,买盘
677,10:34:24,3.9,0.0,6,2340,买盘
678,10:34:36,3.89,-0.01,13,5058,卖盘
679,10:34:39,3.89,0.0,1,389,卖盘
680,10:34:42,3.9,0.01,7,2730,买盘
681,10:34:45,3.9,0.0,81,31590,买盘
682,10:34:51,3.9,0.0,60,23400,买盘
683,10:34:57,3.9,0.0,2,780,买盘
684,10:35:00,3.9,0.0,8,3120,买盘
685,10:35:04,3.9,0.0,8,3120,买盘
686,10:35:12,3.9,0.0,2,780,买盘
687,10:35:15,3.9,0.0,100,39000,买盘
688,10:35:33,3.9,0.0,10,3900,买盘
689,10:35:40,3.9,0.0,300,117000,买盘
690,10:35:51,3.9,0.0,4,1560,买盘
691,10:35:54,3.89,-0.01,2,778,卖盘
692,10:36:00,3.9,0.01,69,26910,买盘
693,10:36:04,3.9,0.0,114,44460,买盘
694,10:36:09,3.9,0.0,117,45630,买盘
695,10:36:12,3.9,0.0,2,780,买盘
696,10:36:36,3.9,0.0,50,19500,买盘
697,10:36:42,3.9,0.0,1,390,买盘
698,10:36:49,3.9,0.0,506,197070,买盘
699,10:37:03,3.9,0.0,7,2730,买盘
700,10:37:16,3.9,0.0,16,6240,买盘
701,10:37:22,3.89,-0.01,1,389,卖盘
702,10:37:27,3.9,0.01,5,1950,买盘
703,10:37:39,3.89,-0.01,1,389,卖盘
704,10:37:48,3.9,0.01,27,10530,买盘
705,10:37:51,3.89,-0.01,40,15597,卖盘
706,10:38:06,3.9,0.01,40,15600,买盘
707,10:38:21,3.9,0.0,33,12870,买盘
708,10:38:27,3.89,-0.01,4,1556,卖盘
709,10:38:39,3.9,0.01,38,14819,买盘
710,10:38:42,3.9,0.0,14,5460,买盘
711,10:39:04,3.9,0.0,23,8970,买盘
712,10:39:06,3.9,0.0,6,2340,买盘
713,10:39:09,3.9,0.0,2,780,买盘
714,10:39:12,3.9,0.0,21,8190,买盘
715,10:39:30,3.9,0.0,20,7800,买盘
716,10:39:36,3.9,0.0,8,3120,买盘
717,10:39:39,3.89,-0.01,113,43957,卖盘
718,10:39:42,3.9,0.01,309,120510,买盘
719,10:40:00,3.91,0.01,7,2737,买盘
720,10:40:04,3.91,0.0,8,3128,买盘
721,10:40:22,3.91,0.0,100,39100,买盘
722,10:40:37,3.91,0.0,4,1564,买盘
723,10:40:39,3.91,0.0,10,3910,买盘
724,10:40:42,3.91,0.0,89,34799,买盘
725,10:40:58,3.91,0.0,6,2346,买盘
726,10:41:00,3.91,0.0,30,11730,买盘
727,10:41:04,3.91,0.0,15,5865,买盘
728,10:41:06,3.91,0.0,55,21505,买盘
729,10:41:12,3.91,0.0,20,7820,买盘
730,10:41:21,3.91,0.0,50,19550,买盘
731,10:41:24,3.91,0.0,3,1173,买盘
732,10:41:33,3.91,0.0,200,78200,买盘
733,10:42:04,3.91,0.0,8,3128,买盘
734,10:42:09,3.91,0.0,10,3910,买盘
735,10:42:19,3.91,0.0,2,782,买盘
736,10:42:21,3.91,0.0,20,7820,买盘
737,10:42:39,3.9,-0.01,2,780,卖盘
738,10:42:48,3.9,0.0,10,3900,卖盘
739,10:42:51,3.91,0.01,6,2346,买盘
740,10:42:54,3.9,-0.01,5,1950,卖盘
741,10:42:57,3.91,0.01,39,15249,买盘
742,10:43:00,3.91,0.0,12,4692,买盘
743,10:43:04,3.91,0.0,8,3128,买盘
744,10:43:25,3.91,0.0,20,7820,买盘
745,10:43:30,3.91,0.0,2,782,买盘
746,10:43:33,3.9,-0.01,100,39000,卖盘
747,10:43:36,3.91,0.01,142,55522,买盘
748,10:43:39,3.9,-0.01,90,35100,卖盘
749,10:43:54,3.9,0.0,36,14040,卖盘
750,10:43:57,3.91,0.01,51,19941,买盘
751,10:44:04,3.91,0.0,8,3128,买盘
752,10:44:06,3.91,0.0,1,391,买盘
753,10:44:09,3.9,-0.01,5,1950,卖盘
754,10:44:21,3.9,0.0,423,165103,卖盘
755,10:44:24,3.9,0.0,6,2340,卖盘
756,10:44:27,3.9,0.0,75,29250,卖盘
757,10:44:30,3.9,0.0,180,70200,卖盘
758,10:44:39,3.89,-0.01,83,32369,卖盘
759,10:44:48,3.9,0.01,1,390,买盘
760,10:44:51,3.9,0.0,1,390,买盘
761,10:44:57,3.9,0.0,12,4680,买盘
762,10:45:00,3.9,0.0,89,34710,买盘
763,10:45:06,3.9,0.0,20,7800,卖盘
764,10:45:09,3.9,0.0,200,78142,买盘
765,10:45:12,3.91,0.01,151,58977,买盘
766,10:45:22,3.91,0.0,659,257669,买盘
767,10:45:24,3.91,0.0,28,10948,卖盘
768,10:45:30,3.91,0.0,84,32844,卖盘
769,10:45:33,3.91,0.0,1,391,卖盘
770,10:45:36,3.92,0.01,60,23520,买盘
771,10:45:42,3.92,0.0,320,125420,买盘
772,10:45:51,3.92,0.0,4,1568,买盘
773,10:45:57,3.91,-0.01,100,39100,卖盘
774,10:46:00,3.92,0.01,30,11760,买盘
775,10:46:04,3.92,0.0,5,1960,买盘
776,10:46:12,3.91,-0.01,20,7820,卖盘
777,10:46:15,3.91,0.0,141,55131,卖盘
778,10:46:18,3.92,0.01,278,108716,买盘
779,10:46:24,3.91,-0.01,84,32844,卖盘
780,10:46:27,3.91,0.0,127,49657,买盘
781,10:46:33,3.91,0.0,200,78200,卖盘
782,10:46:36,3.91,0.0,120,46920,卖盘
783,10:46:39,3.91,0.0,9,3519,卖盘
784,10:46:42,3.91,0.0,44,17204,卖盘
785,10:46:45,3.91,0.0,26,10166,卖盘
786,10:46:48,3.91,0.0,6,2346,卖盘
787,10:46:51,3.91,0.0,5,1955,卖盘
788,10:46:54,3.91,0.0,3,1173,卖盘
789,10:46:57,3.92,0.01,36,14090,买盘
790,10:47:04,3.91,-0.01,1,391,卖盘
791,10:47:06,3.91,0.0,1,391,卖盘
792,10:47:09,3.91,0.0,33,12903,卖盘
793,10:47:12,3.91,0.0,1,391,卖盘
794,10:47:15,3.91,0.0,1,391,卖盘
795,10:47:18,3.91,0.0,50,19550,卖盘
796,10:47:27,3.91,0.0,404,158268,卖盘
797,10:47:33,3.91,0.0,22,8602,卖盘
798,10:47:39,3.9,-0.01,5,1954,卖盘
799,10:48:04,3.9,0.0,39,15210,卖盘
800,10:48:24,3.9,0.0,25,9750,卖盘
801,10:48:30,3.9,0.0,5,1950,卖盘
802,10:48:39,3.9,0.0,1,390,卖盘
803,10:48:42,3.91,0.01,4,1564,买盘
804,10:48:45,3.91,0.0,49,19159,买盘
805,10:48:57,3.9,-0.01,12,4680,卖盘
806,10:49:06,3.91,0.01,2,782,买盘
807,10:49:18,3.91,0.0,4,1564,买盘
808,10:49:21,3.91,0.0,376,147016,买盘
809,10:49:24,3.9,-0.01,42,16402,卖盘
810,10:49:30,3.9,0.0,20,7800,卖盘
811,10:49:39,3.9,0.0,1,390,卖盘
812,10:49:51,3.91,0.01,3,1173,买盘
813,10:49:54,3.91,0.0,9,3519,买盘
814,10:50:04,3.91,0.0,8,3128,买盘
815,10:50:12,3.91,0.0,7,2737,买盘
816,10:51:04,3.91,0.0,18,7038,买盘
817,10:51:27,3.9,-0.01,74,28860,卖盘
818,10:51:39,3.9,0.0,1,390,卖盘
819,10:51:46,3.9,0.0,100,39000,卖盘
820,10:51:48,3.9,0.0,19,7410,卖盘
821,10:51:54,3.91,0.01,101,39391,买盘
822,10:52:04,3.91,0.0,7,2737,买盘
823,10:52:42,3.9,-0.01,62,24180,卖盘
824,10:52:48,3.9,0.0,4,1560,卖盘
825,10:52:51,3.9,0.0,140,54600,卖盘
826,10:52:54,3.9,0.0,10,3900,卖盘
827,10:53:12,3.9,0.0,1,390,卖盘
828,10:53:21,3.9,0.0,2,780,卖盘
829,10:53:27,3.9,0.0,7,2730,卖盘
830,10:53:30,3.9,0.0,50,19500,卖盘
831,10:53:39,3.9,0.0,3,1170,卖盘
832,10:53:48,3.9,0.0,9,3510,卖盘
833,10:53:54,3.9,0.0,311,121290,卖盘
834,10:53:57,3.9,0.0,50,19500,买盘
835,10:54:03,3.9,0.0,8,3120,买盘
836,10:54:06,3.9,0.0,1,390,买盘
837,10:54:22,3.9,0.0,3,1170,买盘
838,10:54:27,3.9,0.0,4,1560,买盘
839,10:54:51,3.9,0.0,1,390,买盘
840,10:55:03,3.9,0.0,8,3120,买盘
841,10:55:39,3.89,-0.01,1,389,卖盘
842,10:55:45,3.89,0.0,5,1945,卖盘
843,10:55:51,3.9,0.01,70,27300,买盘
844,10:56:03,3.9,0.0,7,2730,买盘
845,10:56:06,3.9,0.0,2,780,买盘
846,10:56:27,3.9,0.0,3,1170,买盘
847,10:56:30,3.9,0.0,3,1170,买盘
848,10:56:36,3.9,0.0,10,3900,买盘
849,10:56:49,3.9,0.0,4,1560,买盘
850,10:57:04,3.9,0.0,8,3120,买盘
851,10:57:39,3.89,-0.01,1,389,卖盘
852,10:58:00,3.9,0.01,1,390,买盘
853,10:58:03,3.9,0.0,8,3120,买盘
854,10:58:09,3.89,-0.01,14,5446,卖盘
855,10:58:15,3.89,0.0,18,7002,卖盘
856,10:58:51,3.89,0.0,5,1945,卖盘
857,10:59:04,3.9,0.01,8,3120,买盘
858,10:59:30,3.9,0.0,2,780,买盘
859,10:59:57,3.9,0.0,8,3120,买盘
860,11:00:06,3.9,0.0,11,4290,买盘
861,11:00:18,3.9,0.0,4,1560,买盘
862,11:00:39,3.89,-0.01,3,1169,卖盘
863,11:01:30,3.89,0.0,100,38900,卖盘
864,11:01:48,3.89,0.0,3,1167,卖盘
865,11:01:51,3.9,0.01,50,19500,买盘
866,11:01:54,3.9,0.0,2,780,买盘
867,11:02:46,3.9,0.0,100,39000,买盘
868,11:03:15,3.9,0.0,2,780,买盘
869,11:03:30,3.9,0.0,1,390,买盘
870,11:03:39,3.89,-0.01,2,778,卖盘
871,11:04:09,3.89,0.0,20,7780,卖盘
872,11:04:18,3.89,0.0,99,38511,卖盘
873,11:04:30,3.89,0.0,10,3890,卖盘
874,11:04:36,3.9,0.01,102,39780,买盘
875,11:04:39,3.89,-0.01,78,30419,卖盘
876,11:04:57,3.9,0.01,2,780,买盘
877,11:05:09,3.9,0.0,10,3900,买盘
878,11:05:24,3.9,0.0,9,3510,买盘
879,11:05:58,3.89,-0.01,2,778,卖盘
880,11:06:00,3.9,0.01,2,780,买盘
881,11:06:12,3.9,0.0,1,390,买盘
882,11:07:00,3.9,0.0,5,1950,买盘
883,11:07:12,3.9,0.0,2,780,买盘
884,11:07:15,3.89,-0.01,15,5835,卖盘
885,11:07:21,3.9,0.01,1,390,买盘
886,11:07:45,3.9,0.0,7,2730,买盘
887,11:08:03,3.9,0.0,4,1560,买盘
888,11:08:15,3.9,0.0,10,3900,买盘
889,11:08:31,3.9,0.0,3,1170,买盘
890,11:08:33,3.9,0.0,15,5850,买盘
891,11:08:42,3.89,-0.01,2,778,卖盘
892,11:09:27,3.89,0.0,50,19450,卖盘
893,11:09:54,3.9,0.01,2,780,买盘
894,11:10:10,3.9,0.0,7,2730,买盘
895,11:10:45,3.89,-0.01,216,84024,卖盘
896,11:11:15,3.89,0.0,36,14004,卖盘
897,11:11:18,3.9,0.01,2,780,买盘
898,11:11:36,3.89,-0.01,30,11670,卖盘
899,11:11:39,3.89,0.0,1,389,卖盘
900,11:11:45,3.89,0.0,100,38900,卖盘
901,11:11:51,3.89,0.0,927,360603,卖盘
902,11:11:54,3.89,0.0,1,389,卖盘
903,11:12:06,3.89,0.0,1,389,买盘
904,11:12:42,3.89,0.0,20,7770,买盘
905,11:13:33,3.88,-0.01,2,776,卖盘
906,11:13:39,3.88,0.0,1,388,卖盘
907,11:14:15,3.88,0.0,100,38800,卖盘
908,11:14:18,3.88,0.0,110,42680,卖盘
909,11:14:21,3.88,0.0,10,3880,卖盘
910,11:14:27,3.88,0.0,49,19012,卖盘
911,11:14:55,3.88,0.0,10,3880,卖盘
912,11:15:06,3.88,0.0,100,38800,卖盘
913,11:15:10,3.88,0.0,320,124160,卖盘
914,11:15:18,3.88,0.0,1,388,买盘
915,11:15:36,3.88,0.0,1,388,买盘
916,11:15:51,3.88,0.0,30,11640,买盘
917,11:17:15,3.88,0.0,8,3104,买盘
918,11:17:24,3.88,0.0,49,19012,买盘
919,11:18:12,3.88,0.0,2,776,买盘
920,11:18:24,3.87,-0.01,21,8127,卖盘
921,11:18:30,3.87,0.0,159,61533,卖盘
922,11:18:54,3.87,0.0,34,13158,卖盘
923,11:19:03,3.88,0.01,3,1164,买盘
924,11:19:21,3.87,-0.01,1,387,卖盘
925,11:19:27,3.87,0.0,960,371520,卖盘
926,11:19:36,3.87,0.0,9,3483,卖盘
927,11:20:00,3.87,0.0,61,23607,卖盘
928,11:20:06,3.87,0.0,5,1935,买盘
929,11:20:21,3.87,0.0,3,1161,买盘
930,11:20:36,3.87,0.0,1,387,买盘
931,11:20:42,3.86,-0.01,27,10422,卖盘
932,11:20:54,3.87,0.01,89,34443,买盘
933,11:20:57,3.87,0.0,100,38700,买盘
934,11:21:06,3.87,0.0,31,11997,买盘
935,11:21:36,3.87,0.0,1,387,买盘
936,11:21:48,3.87,0.0,1,387,买盘
937,11:21:51,3.87,0.0,1,387,买盘
938,11:21:57,3.87,0.0,12,4644,买盘
939,11:22:04,3.87,0.0,20,7740,买盘
940,11:22:06,3.87,0.0,11,4257,买盘
941,11:22:09,3.87,0.0,1,387,买盘
942,11:22:27,3.86,-0.01,65,25095,卖盘
943,11:22:31,3.87,0.01,1,387,买盘
944,11:22:33,3.87,0.0,10,3870,买盘
945,11:22:36,3.87,0.0,101,39087,买盘
946,11:22:57,3.87,0.0,13,5031,买盘
947,11:23:16,3.87,0.0,10,3870,卖盘
948,11:23:24,3.87,0.0,11,4257,卖盘
949,11:23:33,3.87,0.0,1,387,卖盘
950,11:23:45,3.87,0.0,76,29412,卖盘
951,11:23:51,3.87,0.0,144,55728,卖盘
952,11:23:54,3.87,0.0,1,387,买盘
953,11:24:12,3.86,-0.01,1,386,卖盘
954,11:24:21,3.87,0.01,1,387,买盘
955,11:24:28,3.87,0.0,17,6579,买盘
956,11:24:33,3.87,0.0,1,387,卖盘
957,11:24:36,3.88,0.01,2,776,买盘
958,11:24:51,3.87,-0.01,63,24383,卖盘
959,11:25:15,3.87,0.0,1,387,卖盘
960,11:25:18,3.87,0.0,101,39087,卖盘
961,11:25:39,3.87,0.0,1,387,卖盘
962,11:25:42,3.88,0.01,40,15520,买盘
963,11:25:45,3.88,0.0,2,776,买盘
964,11:25:57,3.87,-0.01,36,13932,卖盘
965,11:26:00,3.87,0.0,31,11997,卖盘
966,11:26:09,3.87,0.0,10,3870,卖盘
967,11:26:24,3.88,0.01,21,8142,买盘
968,11:26:45,3.87,-0.01,12,4644,卖盘
969,11:27:00,3.87,0.0,100,38700,卖盘
970,11:27:09,3.87,0.0,5,1939,卖盘
971,11:27:30,3.87,0.0,1,387,卖盘
972,11:27:36,3.87,0.0,100,38700,卖盘
973,11:27:39,3.87,0.0,3,1161,卖盘
974,11:27:51,3.87,0.0,1,387,卖盘
975,11:28:00,3.87,0.0,30,11610,卖盘
976,11:28:09,3.87,0.0,2,774,卖盘
977,11:28:33,3.88,0.01,155,60140,买盘
978,11:28:51,3.88,0.0,2,776,买盘
979,11:29:04,3.87,-0.01,20,7740,卖盘
980,11:29:36,3.88,0.01,1,388,买盘
981,11:30:01,3.88,0.0,20,7760,买盘
982,13:00:04,3.88,0.0,414,160595,买盘
983,13:00:07,3.87,-0.01,5,1935,卖盘
984,13:00:09,3.88,0.01,2,776,买盘
985,13:00:21,3.88,0.0,54,20952,买盘
986,13:01:00,3.88,0.0,25,9700,买盘
987,13:01:06,3.87,-0.01,5,1935,卖盘
988,13:01:42,3.87,0.0,87,33669,卖盘
989,13:01:54,3.88,0.01,1,388,买盘
990,13:02:15,3.87,-0.01,195,75465,卖盘
991,13:02:42,3.87,0.0,2,774,买盘
992,13:02:51,3.86,-0.01,102,39374,卖盘
993,13:03:09,3.87,0.01,1,387,买盘
994,13:03:33,3.87,0.0,35,13545,买盘
995,13:03:36,3.87,0.0,2,774,买盘
996,13:03:57,3.87,0.0,50,19350,买盘
997,13:04:09,3.87,0.0,1,387,买盘
998,13:04:21,3.87,0.0,2,774,买盘
999,13:04:24,3.86,-0.01,8,3088,卖盘
1000,13:04:36,3.87,0.01,1,387,买盘
1001,13:04:39,3.86,-0.01,400,154400,卖盘
1002,13:05:27,3.87,0.01,11,4257,买盘
1003,13:05:30,3.86,-0.01,135,52110,卖盘
1004,13:05:36,3.86,0.0,5,1930,卖盘
1005,13:05:45,3.87,0.01,2,774,买盘
1006,13:05:48,3.87,0.0,28,10836,买盘
1007,13:05:54,3.87,0.0,12,4644,买盘
1008,13:06:00,3.87,0.0,95,36764,买盘
1009,13:06:04,3.87,0.0,10,3870,买盘
1010,13:06:06,3.87,0.0,31,11997,买盘
1011,13:06:09,3.87,0.0,5,1935,买盘
1012,13:06:24,3.87,0.0,9,3483,买盘
1013,13:07:03,3.87,0.0,20,7740,买盘
1014,13:07:21,3.86,-0.01,200,77200,卖盘
1015,13:07:39,3.86,0.0,96,37056,卖盘
1016,13:07:51,3.86,0.0,39,15054,卖盘
1017,13:07:57,3.86,0.0,196,75656,卖盘
1018,13:08:00,3.86,0.0,1,386,卖盘
1019,13:08:21,3.86,0.0,114,44004,卖盘
1020,13:08:24,3.86,0.0,40,15440,卖盘
1021,13:08:54,3.87,0.01,28,10836,买盘
1022,13:09:04,3.87,0.0,249,96363,买盘
1023,13:09:09,3.87,0.0,50,19350,买盘
1024,13:09:21,3.87,0.0,11,4257,买盘
1025,13:09:24,3.87,0.0,1,387,买盘
1026,13:10:30,3.87,0.0,257,99459,买盘
1027,13:10:33,3.88,0.01,10,3880,买盘
1028,13:10:36,3.87,-0.01,100,38700,卖盘
1029,13:10:57,3.88,0.01,24,9312,买盘
1030,13:12:06,3.88,0.0,1,388,买盘
1031,13:12:09,3.88,0.0,5,1940,买盘
1032,13:12:18,3.87,-0.01,1,387,卖盘
1033,13:12:33,3.88,0.01,58,22504,买盘
1034,13:12:39,3.87,-0.01,1,387,卖盘
1035,13:12:45,3.87,0.0,300,116100,卖盘
1036,13:14:45,3.88,0.01,61,23668,买盘
1037,13:14:55,3.87,-0.01,18,6966,卖盘
1038,13:15:06,3.88,0.01,11,4268,买盘
1039,13:15:09,3.88,0.0,9,3492,买盘
1040,13:15:21,3.88,0.0,9,3492,买盘
1041,13:15:57,3.88,0.0,10,3880,买盘
1042,13:16:12,3.87,-0.01,4,1548,卖盘
1043,13:16:37,3.88,0.01,443,171884,买盘
1044,13:16:48,3.88,0.0,1,388,买盘
1045,13:17:30,3.88,0.0,60,23280,买盘
1046,13:17:33,3.87,-0.01,8,3096,卖盘
1047,13:17:36,3.88,0.01,1,388,买盘
1048,13:18:04,3.88,0.0,85,32980,买盘
1049,13:18:09,3.88,0.0,22,8536,卖盘
1050,13:18:30,3.88,0.0,3,1164,卖盘
1051,13:18:54,3.88,0.0,157,60916,卖盘
1052,13:19:18,3.88,0.0,50,19400,买盘
1053,13:19:45,3.88,0.0,132,51216,买盘
1054,13:20:00,3.87,-0.01,3,1161,卖盘
1055,13:20:09,3.87,0.0,1,387,卖盘
1056,13:20:12,3.87,0.0,1,387,卖盘
1057,13:20:36,3.88,0.01,1,388,买盘
1058,13:20:48,3.87,-0.01,6,2322,卖盘
1059,13:20:51,3.88,0.01,30,11640,买盘
1060,13:20:54,3.88,0.0,1,388,买盘
1061,13:21:07,3.88,0.0,10,3880,买盘
1062,13:22:33,3.87,-0.01,6,2322,卖盘
1063,13:23:15,3.87,0.0,77,29799,卖盘
1064,13:23:27,3.88,0.01,14,5427,买盘
1065,13:23:39,3.88,0.0,117,45396,买盘
1066,13:24:06,3.87,-0.01,179,69273,卖盘
1067,13:24:18,3.87,0.0,49,18963,卖盘
1068,13:24:24,3.87,0.0,9,3483,卖盘
1069,13:24:27,3.88,0.01,26,10088,买盘
1070,13:24:33,3.87,-0.01,39,15093,卖盘
1071,13:24:36,3.88,0.01,7,2716,买盘
1072,13:25:06,3.87,-0.01,83,32121,卖盘
1073,13:25:21,3.87,0.0,39,15093,卖盘
1074,13:25:39,3.87,0.0,58,22446,卖盘
1075,13:25:45,3.87,0.0,50,19350,卖盘
1076,13:26:00,3.88,0.01,19,7372,买盘
1077,13:26:33,3.88,0.0,10,3880,买盘
1078,13:26:36,3.87,-0.01,10,3870,卖盘
1079,13:26:39,3.87,0.0,2,774,卖盘
1080,13:26:45,3.87,0.0,35,13545,卖盘
1081,13:27:04,3.87,0.0,35,13545,卖盘
1082,13:27:12,3.87,0.0,1,387,卖盘
1083,13:27:15,3.88,0.01,11,4267,买盘
1084,13:27:18,3.88,0.0,168,65184,买盘
1085,13:27:21,3.87,-0.01,1,387,卖盘
1086,13:27:27,3.87,0.0,26,10062,卖盘
1087,13:27:30,3.88,0.01,10,3880,买盘
1088,13:27:39,3.88,0.0,10,3880,买盘
1089,13:27:54,3.88,0.0,10,3880,买盘
1090,13:28:15,3.87,-0.01,66,25542,卖盘
1091,13:28:22,3.87,0.0,20,7740,卖盘
1092,13:28:27,3.88,0.01,9,3492,买盘
1093,13:28:36,3.88,0.0,61,23668,买盘
1094,13:28:39,3.87,-0.01,187,72419,卖盘
1095,13:28:45,3.88,0.01,3,1164,买盘
1096,13:29:04,3.87,-0.01,4,1548,卖盘
1097,13:29:18,3.87,0.0,15,5805,卖盘
1098,13:29:42,3.87,0.0,3,1161,卖盘
1099,13:29:51,3.87,0.0,20,7740,卖盘
1100,13:29:54,3.87,0.0,15,5805,卖盘
1101,13:30:06,3.88,0.01,1,388,买盘
1102,13:30:18,3.88,0.0,40,15520,买盘
1103,13:30:21,3.87,-0.01,50,19350,卖盘
1104,13:30:42,3.87,0.0,1,387,卖盘
1105,13:30:45,3.87,0.0,1,387,卖盘
1106,13:30:48,3.87,0.0,1,387,卖盘
1107,13:30:51,3.87,0.0,1,387,卖盘
1108,13:30:54,3.87,0.0,19,7353,卖盘
1109,13:31:00,3.87,0.0,19,7353,买盘
1110,13:31:06,3.87,0.0,55,21285,买盘
1111,13:31:09,3.87,0.0,16,6192,卖盘
1112,13:31:12,3.87,0.0,61,23607,卖盘
1113,13:31:15,3.87,0.0,1,387,卖盘
1114,13:31:18,3.87,0.0,1,387,卖盘
1115,13:31:21,3.87,0.0,1,387,卖盘
1116,13:31:27,3.88,0.01,23,8904,买盘
1117,13:31:33,3.87,-0.01,4,1548,卖盘
1118,13:31:36,3.87,0.0,10,3870,卖盘
1119,13:31:39,3.87,0.0,1,387,卖盘
1120,13:31:42,3.87,0.0,1,387,卖盘
1121,13:31:45,3.87,0.0,1,387,卖盘
1122,13:31:48,3.87,0.0,1,387,卖盘
1123,13:31:51,3.87,0.0,3,1161,卖盘
1124,13:32:04,3.88,0.01,100,38752,买盘
1125,13:32:15,3.88,0.0,1,388,买盘
1126,13:32:18,3.86,-0.02,61,23577,卖盘
1127,13:32:27,3.88,0.02,4,1552,买盘
1128,13:32:34,3.87,-0.01,8,3096,卖盘
1129,13:32:54,3.87,0.0,100,38700,卖盘
1130,13:32:57,3.87,0.0,134,51858,卖盘
1131,13:33:10,3.88,0.01,20,7760,买盘
1132,13:34:21,3.87,-0.01,5,1935,卖盘
1133,13:34:30,3.87,0.0,2,774,卖盘
1134,13:34:36,3.87,0.0,190,73530,卖盘
1135,13:34:39,3.87,0.0,1,387,买盘
1136,13:35:06,3.86,-0.01,31,11966,卖盘
1137,13:35:09,3.87,0.01,2,774,买盘
1138,13:35:27,3.86,-0.01,100,38600,卖盘
1139,13:36:19,3.87,0.01,83,32121,买盘
1140,13:36:42,3.87,0.0,1,387,买盘
1141,13:36:45,3.87,0.0,10,3870,买盘
1142,13:36:48,3.87,0.0,10,3870,买盘
1143,13:36:57,3.87,0.0,26,10062,买盘
1144,13:37:36,3.87,0.0,100,38700,买盘
1145,13:38:09,3.86,-0.01,30,11580,卖盘
1146,13:38:39,3.86,0.0,9,3474,卖盘
1147,13:38:51,3.87,0.01,1,387,买盘
1148,13:38:54,3.86,-0.01,3,1158,卖盘
1149,13:39:00,3.86,0.0,1,386,卖盘
1150,13:39:06,3.87,0.01,10,3870,买盘
1151,13:39:12,3.86,-0.01,3,1158,卖盘
1152,13:39:21,3.86,0.0,1,386,卖盘
1153,13:39:30,3.86,0.0,1,386,卖盘
1154,13:39:39,3.86,0.0,745,287570,卖盘
1155,13:40:27,3.87,0.01,11,4257,买盘
1156,13:40:42,3.86,-0.01,8,3089,卖盘
1157,13:40:48,3.87,0.01,104,40150,买盘
1158,13:40:51,3.87,0.0,2,774,买盘
1159,13:40:54,3.87,0.0,226,87462,买盘
1160,13:40:57,3.86,-0.01,5,1930,卖盘
1161,13:41:12,3.87,0.01,2,774,买盘
1162,13:41:24,3.86,-0.01,10,3860,卖盘
1163,13:41:36,3.87,0.01,1,387,买盘
1164,13:41:51,3.87,0.0,1,387,买盘
1165,13:41:57,3.87,0.0,87,33669,买盘
1166,13:42:15,3.86,-0.01,29,11194,卖盘
1167,13:42:21,3.87,0.01,1,387,买盘
1168,13:42:27,3.87,0.0,46,17802,买盘
1169,13:42:30,3.87,0.0,1,387,买盘
1170,13:42:36,3.87,0.0,2,774,买盘
1171,13:42:45,3.87,0.0,27,10449,买盘
1172,13:42:48,3.87,0.0,1,387,卖盘
1173,13:42:51,3.87,0.0,1,387,卖盘
1174,13:42:54,3.87,0.0,7,2709,卖盘
1175,13:42:57,3.87,0.0,1,387,卖盘
1176,13:43:00,3.87,0.0,19,7353,卖盘
1177,13:43:06,3.87,0.0,1,387,买盘
1178,13:43:09,3.87,0.0,1,387,卖盘
1179,13:43:12,3.87,0.0,1,387,卖盘
1180,13:43:15,3.87,0.0,1,387,卖盘
1181,13:43:18,3.87,0.0,1,387,卖盘
1182,13:43:24,3.87,0.0,1,387,卖盘
1183,13:43:27,3.87,0.0,1,387,卖盘
1184,13:43:30,3.88,0.01,4,1551,买盘
1185,13:43:33,3.87,-0.01,1,387,卖盘
1186,13:43:36,3.87,0.0,1,387,卖盘
1187,13:43:39,3.87,0.0,1,387,卖盘
1188,13:43:42,3.87,0.0,1,387,卖盘
1189,13:43:45,3.87,0.0,1,387,卖盘
1190,13:43:48,3.87,0.0,1,387,卖盘
1191,13:43:51,3.87,0.0,4,1548,卖盘
1192,13:43:54,3.87,0.0,1,387,卖盘
1193,13:43:57,3.87,0.0,1,387,卖盘
1194,13:44:00,3.87,0.0,1,387,卖盘
1195,13:44:04,3.87,0.0,1,387,卖盘
1196,13:44:06,3.87,0.0,6,2322,卖盘
1197,13:44:09,3.88,0.01,3,1163,买盘
1198,13:44:12,3.87,-0.01,1,387,卖盘
1199,13:44:15,3.87,0.0,1,387,卖盘
1200,13:44:18,3.87,0.0,1,387,卖盘
1201,13:44:21,3.87,0.0,1,387,卖盘
1202,13:44:39,3.87,0.0,1,387,卖盘
1203,13:44:42,3.87,0.0,1,387,卖盘
1204,13:44:45,3.87,0.0,1,387,卖盘
1205,13:44:52,3.87,0.0,1,387,卖盘
1206,13:44:54,3.87,0.0,1,387,卖盘
1207,13:44:57,3.87,0.0,1,387,卖盘
1208,13:45:00,3.87,0.0,1,387,卖盘
1209,13:45:03,3.87,0.0,1,387,卖盘
1210,13:45:06,3.87,0.0,124,47988,卖盘
1211,13:45:09,3.87,0.0,10,3870,卖盘
1212,13:45:12,3.87,0.0,16,6192,卖盘
1213,13:45:16,3.87,0.0,2,774,卖盘
1214,13:45:37,3.87,0.0,16,6192,买盘
1215,13:45:40,3.87,0.0,1,387,卖盘
1216,13:45:42,3.87,0.0,1,387,卖盘
1217,13:45:45,3.88,0.01,2,775,买盘
1218,13:45:48,3.87,-0.01,1,387,卖盘
1219,13:45:51,3.87,0.0,1,387,卖盘
1220,13:45:57,3.87,0.0,1,387,卖盘
1221,13:46:00,3.87,0.0,1,387,卖盘
1222,13:46:24,3.87,0.0,4,1548,卖盘
1223,13:46:28,3.87,0.0,5,1935,卖盘
1224,13:46:30,3.87,0.0,8,3096,卖盘
1225,13:46:33,3.87,0.0,17,6588,卖盘
1226,13:46:36,3.87,0.0,130,50310,卖盘
1227,13:46:39,3.87,0.0,66,25542,卖盘
1228,13:46:57,3.87,0.0,4,1548,卖盘
1229,13:47:00,3.87,0.0,3,1161,卖盘
1230,13:47:04,3.87,0.0,3,1161,卖盘
1231,13:47:06,3.87,0.0,3,1161,卖盘
1232,13:47:09,3.87,0.0,3,1161,卖盘
1233,13:47:12,3.87,0.0,10,3870,卖盘
1234,13:47:18,3.87,0.0,1,387,卖盘
1235,13:47:21,3.87,0.0,1,387,卖盘
1236,13:47:24,3.87,0.0,1,387,卖盘
1237,13:47:27,3.87,0.0,1,387,卖盘
1238,13:47:31,3.87,0.0,1,387,卖盘
1239,13:47:33,3.87,0.0,1,387,卖盘
1240,13:47:37,3.87,0.0,1,387,卖盘
1241,13:47:39,3.87,0.0,1,387,卖盘
1242,13:47:42,3.87,0.0,20,7740,卖盘
1243,13:47:45,3.88,0.01,2,775,买盘
1244,13:47:48,3.87,-0.01,1,387,卖盘
1245,13:47:51,3.87,0.0,1,387,卖盘
1246,13:47:54,3.87,0.0,1,387,卖盘
1247,13:47:57,3.87,0.0,1,387,卖盘
1248,13:48:00,3.87,0.0,1,387,卖盘
1249,13:48:04,3.87,0.0,1,387,卖盘
1250,13:48:06,3.87,0.0,1,387,卖盘
1251,13:48:10,3.87,0.0,1,387,卖盘
1252,13:48:12,3.87,0.0,1,387,卖盘
1253,13:48:15,3.87,0.0,1,387,卖盘
1254,13:48:18,3.87,0.0,1,387,卖盘
1255,13:48:21,3.87,0.0,1,387,卖盘
1256,13:48:30,3.87,0.0,15,5805,卖盘
1257,13:48:33,3.87,0.0,7,2709,买盘
1258,13:48:36,3.87,0.0,8,3096,买盘
1259,13:48:39,3.87,0.0,9,3483,买盘
1260,13:48:43,3.87,0.0,6,2322,买盘
1261,13:48:51,3.86,-0.01,14,5404,卖盘
1262,13:49:24,3.87,0.01,1,387,买盘
1263,13:49:36,3.87,0.0,50,19350,买盘
1264,13:49:54,3.87,0.0,7,2709,买盘
1265,13:50:00,3.87,0.0,44,17028,买盘
1266,13:50:15,3.86,-0.01,30,11580,卖盘
1267,13:50:18,3.87,0.01,1,387,买盘
1268,13:50:45,3.87,0.0,1,387,买盘
1269,13:50:48,3.87,0.0,96,37152,买盘
1270,13:50:51,3.87,0.0,8,3096,卖盘
1271,13:50:54,3.87,0.0,96,37152,卖盘
1272,13:51:12,3.86,-0.01,141,54566,卖盘
1273,13:51:15,3.87,0.01,48,18576,买盘
1274,13:51:24,3.88,0.01,13,5039,买盘
1275,13:51:27,3.87,-0.01,1,387,卖盘
1276,13:51:31,3.87,0.0,1,387,卖盘
1277,13:51:34,3.88,0.01,2,775,买盘
1278,13:51:36,3.87,-0.01,1,387,卖盘
1279,13:51:39,3.87,0.0,1,387,卖盘
1280,13:51:42,3.87,0.0,23,8901,卖盘
1281,13:51:57,3.87,0.0,6,2322,买盘
1282,13:52:04,3.86,-0.01,14,5404,卖盘
1283,13:52:21,3.87,0.01,2,774,买盘
1284,13:52:24,3.87,0.0,7,2709,买盘
1285,13:52:33,3.87,0.0,6,2322,买盘
1286,13:52:36,3.87,0.0,1,387,买盘
1287,13:52:45,3.87,0.0,2,774,买盘
1288,13:52:48,3.87,0.0,1,387,卖盘
1289,13:52:52,3.87,0.0,1,387,卖盘
1290,13:52:54,3.87,0.0,1,387,卖盘
1291,13:52:57,3.87,0.0,1,387,卖盘
1292,13:53:00,3.87,0.0,4,1548,卖盘
1293,13:53:03,3.87,0.0,1,387,卖盘
1294,13:53:06,3.87,0.0,1,387,卖盘
1295,13:53:09,3.87,0.0,1,387,卖盘
1296,13:53:12,3.87,0.0,1,387,卖盘
1297,13:53:15,3.87,0.0,1,387,卖盘
1298,13:53:18,3.87,0.0,1,387,卖盘
1299,13:53:21,3.87,0.0,1,387,卖盘
1300,13:53:24,3.87,0.0,2,774,卖盘
1301,13:53:27,3.87,0.0,1,387,卖盘
1302,13:53:30,3.87,0.0,1,387,卖盘
1303,13:53:33,3.87,0.0,1,387,卖盘
1304,13:53:36,3.87,0.0,1,387,卖盘
1305,13:53:39,3.87,0.0,1,387,卖盘
1306,13:53:42,3.88,0.01,2,775,买盘
1307,13:53:45,3.88,0.0,101,39187,买盘
1308,13:54:04,3.88,0.0,12,4656,买盘
1309,13:54:21,3.88,0.0,402,155976,买盘
1310,13:54:24,3.88,0.0,45,17460,买盘
1311,13:54:51,3.87,-0.01,1,387,卖盘
1312,13:55:27,3.88,0.01,6,2328,买盘
1313,13:55:48,3.88,0.0,1,388,买盘
1314,13:56:21,3.89,0.01,1740,675821,买盘
1315,13:56:48,3.89,0.0,105,40919,买盘
1316,13:56:51,3.89,0.0,1,389,卖盘
1317,13:56:54,3.89,0.0,5,1945,卖盘
1318,13:56:57,3.89,0.0,1,389,卖盘
1319,13:57:00,3.89,0.0,21,8169,卖盘
1320,13:57:03,3.9,0.01,60,23354,买盘
1321,13:57:06,3.89,-0.01,1,389,卖盘
1322,13:57:10,3.89,0.0,1,389,卖盘
1323,13:57:12,3.89,0.0,126,48940,卖盘
1324,13:57:15,3.89,0.0,2,778,卖盘
1325,13:57:18,3.89,0.0,6,2334,买盘
1326,13:57:30,3.89,0.0,73,28397,买盘
1327,13:57:33,3.89,0.0,89,34621,买盘
1328,13:57:39,3.89,0.0,34,13226,买盘
1329,13:57:42,3.89,0.0,1,389,卖盘
1330,13:57:45,3.89,0.0,1,389,卖盘
1331,13:57:48,3.89,0.0,1,389,卖盘
1332,13:57:51,3.88,-0.01,91,35317,卖盘
1333,13:58:06,3.9,0.02,41,15959,买盘
1334,13:58:09,3.89,-0.01,1,389,卖盘
1335,13:58:12,3.89,0.0,1,389,卖盘
1336,13:58:15,3.89,0.0,1,389,卖盘
1337,13:58:18,3.89,0.0,2,778,卖盘
1338,13:58:21,3.89,0.0,1,389,卖盘
1339,13:58:24,3.89,0.0,1,389,卖盘
1340,13:58:27,3.89,0.0,1,389,卖盘
1341,13:58:30,3.89,0.0,1,389,卖盘
1342,13:58:33,3.89,0.0,1,389,卖盘
1343,13:58:36,3.89,0.0,1,389,卖盘
1344,13:58:39,3.89,0.0,82,31898,卖盘
1345,13:59:00,3.89,0.0,1,389,卖盘
1346,13:59:06,3.89,0.0,26,10114,卖盘
1347,13:59:10,3.89,0.0,109,42401,卖盘
1348,13:59:19,3.9,0.01,200,78000,买盘
1349,13:59:27,3.89,-0.01,1,389,卖盘
1350,13:59:30,3.89,0.0,1,389,卖盘
1351,13:59:33,3.89,0.0,1,389,卖盘
1352,13:59:48,3.89,0.0,188,73232,卖盘
1353,14:00:21,3.89,0.0,100,38900,卖盘
1354,14:00:24,3.89,0.0,109,42401,卖盘
1355,14:00:36,3.91,0.02,1500,585643,买盘
1356,14:00:45,3.9,-0.01,4,1560,卖盘
1357,14:00:48,3.9,0.0,3,1170,卖盘
1358,14:00:51,3.91,0.01,474,185330,买盘
1359,14:00:54,3.91,0.0,122,47702,卖盘
1360,14:00:57,3.91,0.0,104,40664,卖盘
1361,14:01:00,3.92,0.01,1,392,买盘
1362,14:01:03,3.91,-0.01,13,5083,卖盘
1363,14:01:10,3.91,0.0,301,117691,卖盘
1364,14:01:12,3.92,0.01,27,10584,买盘
1365,14:01:19,3.91,-0.01,130,50830,卖盘
1366,14:01:21,3.91,0.0,360,140760,卖盘
1367,14:01:28,3.9,-0.01,59,23010,卖盘
1368,14:01:45,3.91,0.01,2,782,买盘
1369,14:01:48,3.9,-0.01,10,3900,卖盘
1370,14:01:51,3.9,0.0,3,1170,卖盘
1371,14:02:00,3.9,0.0,3,1170,买盘
1372,14:02:07,3.9,0.0,12,4680,买盘
1373,14:02:09,3.91,0.01,20,7820,买盘
1374,14:02:21,3.9,-0.01,11,4290,卖盘
1375,14:02:24,3.9,0.0,89,34710,买盘
1376,14:02:27,3.91,0.01,35,13685,买盘
1377,14:02:30,3.9,-0.01,76,29640,卖盘
1378,14:02:33,3.9,0.0,112,43680,卖盘
1379,14:03:19,3.9,0.0,2,780,卖盘
1380,14:04:12,3.9,0.0,131,51090,买盘
1381,14:04:18,3.9,0.0,60,23400,卖盘
1382,14:04:27,3.91,0.01,1,391,买盘
1383,14:04:42,3.9,-0.01,20,7800,卖盘
1384,14:04:45,3.91,0.01,100,39100,买盘
1385,14:04:51,3.91,0.0,178,69598,买盘
1386,14:05:12,3.91,0.0,38,14858,买盘
1387,14:05:21,3.9,-0.01,1,390,卖盘
1388,14:05:58,3.91,0.01,128,50048,买盘
1389,14:06:15,3.9,-0.01,3,1170,卖盘
1390,14:06:27,3.91,0.01,884,345644,买盘
1391,14:06:30,3.91,0.0,116,45356,卖盘
1392,14:06:36,3.92,0.01,1,392,买盘
1393,14:06:39,3.91,-0.01,4,1564,卖盘
1394,14:06:42,3.94,0.03,5500,2160099,买盘
1395,14:06:45,3.95,0.01,727,286604,买盘
1396,14:06:48,3.92,-0.03,159,62709,卖盘
1397,14:06:51,3.95,0.03,829,326552,买盘
1398,14:06:54,3.95,0.0,94,37130,买盘
1399,14:06:57,3.95,0.0,550,217250,买盘
1400,14:07:00,3.96,0.01,1265,499523,买盘
1401,14:07:04,3.95,-0.01,367,144965,卖盘
1402,14:07:06,3.95,0.0,502,198691,卖盘
1403,14:07:10,3.96,0.01,360,142490,买盘
1404,14:07:12,3.96,0.0,56,22176,买盘
1405,14:07:15,3.97,0.01,44,17443,买盘
1406,14:07:18,3.97,0.0,290,115130,买盘
1407,14:07:21,3.97,0.0,369,146493,买盘
1408,14:07:24,3.97,0.0,69,27393,买盘
1409,14:07:27,3.97,0.0,121,48017,买盘
1410,14:07:30,3.97,0.0,469,186158,买盘
1411,14:07:33,3.97,0.0,259,102831,买盘
1412,14:07:36,3.96,-0.01,140,55550,卖盘
1413,14:07:40,3.97,0.01,81,32157,买盘
1414,14:07:42,3.97,0.0,149,59069,买盘
1415,14:07:46,3.97,0.0,368,145796,买盘
1416,14:07:48,3.96,-0.01,124,49131,卖盘
1417,14:07:51,3.96,0.0,27,10692,买盘
1418,14:07:57,3.96,0.0,56,22157,买盘
1419,14:08:00,3.96,0.0,84,33264,买盘
1420,14:08:04,3.96,0.0,222,87912,买盘
1421,14:08:06,3.96,0.0,126,49896,买盘
1422,14:08:12,3.96,0.0,94,37238,卖盘
1423,14:08:15,3.96,0.0,107,42377,卖盘
1424,14:08:18,3.97,0.01,199,78815,买盘
1425,14:08:21,3.97,0.0,156,61847,买盘
1426,14:08:24,3.96,-0.01,98,38815,卖盘
1427,14:08:27,3.96,0.0,208,82396,卖盘
1428,14:08:30,3.95,-0.01,140,55390,卖盘
1429,14:08:33,3.95,0.0,85,33659,卖盘
1430,14:08:36,3.95,0.0,51,20145,卖盘
1431,14:08:39,3.95,0.0,326,129052,卖盘
1432,14:08:42,3.95,0.0,5,1975,卖盘
1433,14:08:45,3.96,0.01,12,4741,中性盘
1434,14:08:48,3.96,0.0,8,3168,买盘
1435,14:08:51,3.96,0.0,31,12276,买盘
1436,14:08:55,3.95,-0.01,127,50323,卖盘
1437,14:09:00,3.95,0.0,38,15010,买盘
1438,14:09:04,3.95,0.0,30,11850,买盘
1439,14:09:09,3.95,0.0,155,61225,买盘
1440,14:09:12,3.95,0.0,6,2370,买盘
1441,14:09:15,3.95,0.0,34,13430,买盘
1442,14:09:19,3.95,0.0,4,1580,买盘
1443,14:09:22,3.95,0.0,10,3950,买盘
1444,14:09:30,3.94,-0.01,20,7880,卖盘
1445,14:09:36,3.95,0.01,66,26040,买盘
1446,14:09:42,3.95,0.0,14,5530,买盘
1447,14:09:45,3.94,-0.01,10,3940,卖盘
1448,14:09:48,3.94,0.0,18,7092,卖盘
1449,14:09:54,3.95,0.01,15,5925,买盘
1450,14:10:04,3.95,0.0,17,6715,买盘
1451,14:10:06,3.94,-0.01,10,3940,卖盘
1452,14:10:12,3.94,0.0,21,8278,卖盘
1453,14:10:21,3.95,0.01,20,7900,买盘
1454,14:10:24,3.94,-0.01,8,3152,卖盘
1455,14:10:27,3.94,0.0,29,11426,卖盘
1456,14:10:34,3.95,0.01,2,790,买盘
1457,14:10:36,3.94,-0.01,20,7880,卖盘
1458,14:10:39,3.95,0.01,100,39500,买盘
1459,14:10:42,3.94,-0.01,100,39400,卖盘
1460,14:10:45,3.94,0.0,30,11820,卖盘
1461,14:10:48,3.95,0.01,12,4730,买盘
1462,14:10:51,3.94,-0.01,7,2758,卖盘
1463,14:10:54,3.95,0.01,30,11850,买盘
1464,14:11:00,3.95,0.0,75,29565,买盘
1465,14:11:04,3.95,0.0,90,35550,买盘
1466,14:11:18,3.94,-0.01,71,27974,卖盘
1467,14:11:27,3.94,0.0,2,788,卖盘
1468,14:11:30,3.94,0.0,13,5122,卖盘
1469,14:11:36,3.94,0.0,162,63985,卖盘
1470,14:11:39,3.95,0.01,62,24485,买盘
1471,14:11:45,3.94,-0.01,4,1576,卖盘
1472,14:11:51,3.95,0.01,1,395,买盘
1473,14:11:57,3.94,-0.01,113,44522,卖盘
1474,14:12:00,3.95,0.01,1015,400702,买盘
1475,14:12:09,3.94,-0.01,105,41375,卖盘
1476,14:12:12,3.95,0.01,202,79790,买盘
1477,14:12:21,3.95,0.0,50,19750,买盘
1478,14:12:24,3.95,0.0,30,11850,买盘
1479,14:12:27,3.95,0.0,94,37130,买盘
1480,14:12:30,3.95,0.0,5,1975,买盘
1481,14:12:33,3.95,0.0,30,11850,买盘
1482,14:12:36,3.95,0.0,5,1975,买盘
1483,14:12:39,3.95,0.0,187,73865,买盘
1484,14:12:45,3.94,-0.01,114,44966,卖盘
1485,14:12:48,3.94,0.0,34,13413,卖盘
1486,14:12:51,3.96,0.02,68,26874,买盘
1487,14:12:58,3.95,-0.01,36,14220,卖盘
1488,14:13:00,3.95,0.0,59,23305,买盘
1489,14:13:06,3.95,0.0,4,1580,卖盘
1490,14:13:21,3.96,0.01,2,792,买盘
1491,14:13:30,3.96,0.0,13,5145,买盘
1492,14:13:33,3.96,0.0,11,4346,买盘
1493,14:13:42,3.95,-0.01,2,790,卖盘
1494,14:13:45,3.95,0.0,200,79000,卖盘
1495,14:13:48,3.95,0.0,13,5136,卖盘
1496,14:13:51,3.96,0.01,23,9108,买盘
1497,14:13:57,3.95,-0.01,250,98750,卖盘
1498,14:14:00,3.95,0.0,6,2370,卖盘
1499,14:14:07,3.95,0.0,65,25678,卖盘
1500,14:14:10,3.95,0.0,224,88501,卖盘
1501,14:14:12,3.95,0.0,60,23700,卖盘
1502,14:14:15,3.95,0.0,122,48190,卖盘
1503,14:14:21,3.95,0.0,19,7505,买盘
1504,14:14:36,3.95,0.0,1,395,买盘
1505,14:14:42,3.94,-0.01,68,26792,卖盘
1506,14:15:04,3.94,0.0,31,12214,卖盘
1507,14:15:06,3.95,0.01,49,19355,买盘
1508,14:15:09,3.94,-0.01,20,7880,卖盘
1509,14:15:15,3.94,0.0,5,1970,卖盘
1510,14:15:24,3.94,0.0,104,40980,卖盘
1511,14:15:30,3.94,0.0,98,38612,卖盘
1512,14:15:33,3.95,0.01,6,2370,买盘
1513,14:15:39,3.94,-0.01,37,14578,卖盘
1514,14:15:42,3.94,0.0,96,37835,卖盘
1515,14:15:48,3.94,0.0,60,23640,卖盘
1516,14:15:51,3.94,0.0,10,3941,卖盘
1517,14:15:54,3.94,0.0,7,2758,卖盘
1518,14:15:57,3.94,0.0,67,26398,卖盘
1519,14:16:00,3.95,0.01,95,37505,买盘
1520,14:16:04,3.94,-0.01,63,24822,卖盘
1521,14:16:12,3.94,0.0,20,7880,买盘
1522,14:16:18,3.95,0.01,1,395,买盘
1523,14:16:21,3.94,-0.01,52,20488,卖盘
1524,14:16:27,3.94,0.0,54,21276,卖盘
1525,14:16:30,3.95,0.01,38,15010,买盘
1526,14:16:36,3.94,-0.01,5,1970,卖盘
1527,14:16:39,3.94,0.0,184,72496,卖盘
1528,14:16:42,3.94,0.0,30,11820,买盘
1529,14:16:54,3.94,0.0,18,7092,买盘
1530,14:16:57,3.94,0.0,86,33884,买盘
1531,14:17:00,3.94,0.0,30,11820,买盘
1532,14:17:03,3.93,-0.01,45,17715,卖盘
1533,14:17:06,3.94,0.01,43,16942,买盘
1534,14:17:27,3.94,0.0,27,10638,买盘
1535,14:17:39,3.94,0.0,97,38218,买盘
1536,14:17:57,3.94,0.0,8,3152,买盘
1537,14:18:01,3.94,0.0,4,1573,买盘
1538,14:18:04,3.94,0.0,3,1182,买盘
1539,14:18:27,3.94,0.0,37,14578,买盘
1540,14:18:33,3.94,0.0,15,5910,买盘
1541,14:18:39,3.93,-0.01,75,29506,卖盘
1542,14:18:57,3.93,0.0,50,19650,卖盘
1543,14:19:00,3.93,0.0,2,786,卖盘
1544,14:19:12,3.93,0.0,3,1179,卖盘
1545,14:19:19,3.94,0.01,20,7880,买盘
1546,14:19:21,3.94,0.0,162,63789,买盘
1547,14:19:24,3.94,0.0,5,1970,买盘
1548,14:19:27,3.94,0.0,212,83528,买盘
1549,14:19:30,3.94,0.0,25,9850,买盘
1550,14:19:33,3.94,0.0,351,138294,买盘
1551,14:19:45,3.94,0.0,41,16154,买盘
1552,14:19:54,3.94,0.0,44,17336,买盘
1553,14:20:06,3.94,0.0,32,12608,买盘
1554,14:20:09,3.94,0.0,17,6698,买盘
1555,14:20:22,3.94,0.0,108,42552,买盘
1556,14:20:27,3.94,0.0,36,14184,买盘
1557,14:20:30,3.94,0.0,178,70132,买盘
1558,14:20:36,3.94,0.0,49,19306,买盘
1559,14:20:43,3.94,0.0,222,87468,买盘
1560,14:20:49,3.94,0.0,70,27580,买盘
1561,14:20:57,3.93,-0.01,50,19650,卖盘
1562,14:21:00,3.94,0.01,1,394,买盘
1563,14:21:12,3.93,-0.01,21,8272,卖盘
1564,14:21:15,3.94,0.01,20,7880,买盘
1565,14:21:39,3.94,0.0,1,394,买盘
1566,14:21:54,3.94,0.0,10,3940,买盘
1567,14:21:57,3.94,0.0,27,10638,买盘
1568,14:22:06,3.94,0.0,4,1576,买盘
1569,14:22:09,3.94,0.0,151,59443,买盘
1570,14:22:21,3.93,-0.01,30,11790,卖盘
1571,14:22:39,3.93,0.0,2,786,卖盘
1572,14:22:54,3.93,0.0,9,3537,卖盘
1573,14:23:13,3.93,0.0,6,2358,卖盘
1574,14:23:15,3.94,0.01,34,13396,买盘
1575,14:23:18,3.94,0.0,1,394,买盘
1576,14:23:39,3.93,-0.01,62,24366,卖盘
1577,14:23:45,3.93,0.0,10,3930,卖盘
1578,14:23:48,3.93,0.0,8,3144,卖盘
1579,14:23:55,3.93,0.0,5,1965,卖盘
1580,14:24:00,3.93,0.0,120,47260,卖盘
1581,14:24:15,3.93,0.0,170,66810,卖盘
1582,14:24:18,3.93,0.0,58,22794,卖盘
1583,14:24:27,3.94,0.01,48,18912,买盘
1584,14:24:33,3.94,0.0,2,788,买盘
1585,14:24:39,3.94,0.0,10,3940,买盘
1586,14:25:12,3.93,-0.01,28,11004,卖盘
1587,14:25:15,3.94,0.01,1,394,买盘
1588,14:25:21,3.93,-0.01,10,3930,卖盘
1589,14:25:36,3.93,0.0,50,19650,卖盘
1590,14:26:06,3.93,0.0,120,47160,卖盘
1591,14:26:10,3.93,0.0,7,2751,卖盘
1592,14:26:12,3.93,0.0,130,51090,卖盘
1593,14:26:15,3.93,0.0,23,9039,卖盘
1594,14:26:21,3.93,0.0,14,5502,卖盘
1595,14:26:24,3.93,0.0,20,7860,卖盘
1596,14:26:30,3.93,0.0,39,15327,卖盘
1597,14:26:39,3.93,0.0,146,57378,卖盘
1598,14:26:42,3.93,0.0,11,4323,卖盘
1599,14:26:45,3.94,0.01,60,23590,买盘
1600,14:26:48,3.93,-0.01,9,3537,卖盘
1601,14:26:51,3.93,0.0,34,13362,卖盘
1602,14:26:54,3.93,0.0,5,1965,卖盘
1603,14:26:57,3.93,0.0,30,11790,卖盘
1604,14:27:00,3.93,0.0,11,4323,卖盘
1605,14:27:18,3.93,0.0,50,19650,买盘
1606,14:27:24,3.92,-0.01,2,784,卖盘
1607,14:27:37,3.93,0.01,2,786,买盘
1608,14:27:42,3.93,0.0,4,1572,买盘
1609,14:27:45,3.93,0.0,48,18864,买盘
1610,14:27:51,3.92,-0.01,30,11780,卖盘
1611,14:27:54,3.93,0.01,99,38907,卖盘
1612,14:28:00,3.93,0.0,20,7860,买盘
1613,14:28:04,3.92,-0.01,11,4312,卖盘
1614,14:28:19,3.93,0.01,78,30651,买盘
1615,14:28:27,3.93,0.0,10,3930,卖盘
1616,14:28:33,3.93,0.0,12,4716,卖盘
1617,14:29:06,3.93,0.0,20,7860,卖盘
1618,14:29:09,3.93,0.0,4,1572,卖盘
1619,14:29:13,3.93,0.0,1,393,卖盘
1620,14:29:16,3.94,0.01,31,12214,买盘
1621,14:29:18,3.93,-0.01,71,27904,卖盘
1622,14:29:25,3.94,0.01,5,1970,买盘
1623,14:29:45,3.93,-0.01,29,11397,卖盘
1624,14:29:48,3.94,0.01,5,1970,买盘
1625,14:30:15,3.94,0.0,42,16548,买盘
1626,14:30:24,3.94,0.0,132,52008,买盘
1627,14:30:40,3.94,0.0,1,394,买盘
1628,14:30:54,3.94,0.0,1,394,买盘
1629,14:30:57,3.93,-0.01,53,20829,卖盘
1630,14:31:21,3.93,0.0,8,3144,卖盘
1631,14:31:42,3.93,0.0,2,786,卖盘
1632,14:32:15,3.94,0.01,30,11820,买盘
1633,14:32:18,3.94,0.0,2,788,买盘
1634,14:32:24,3.93,-0.01,10,3930,卖盘
1635,14:32:40,3.94,0.01,30,11820,买盘
1636,14:33:12,3.94,0.0,30,11820,买盘
1637,14:33:15,3.94,0.0,2,788,买盘
1638,14:33:24,3.94,0.0,134,52796,买盘
1639,14:33:39,3.93,-0.01,100,39300,卖盘
1640,14:34:04,3.93,0.0,87,34191,卖盘
1641,14:34:09,3.93,0.0,10,3930,卖盘
1642,14:34:12,3.94,0.01,1,394,买盘
1643,14:34:30,3.93,-0.01,310,121830,卖盘
1644,14:34:42,3.93,0.0,220,86460,卖盘
1645,14:34:48,3.93,0.0,1,393,卖盘
1646,14:35:00,3.93,0.0,10,3930,卖盘
1647,14:35:07,3.93,0.0,22,8646,卖盘
1648,14:35:15,3.94,0.01,29,11426,买盘
1649,14:35:33,3.94,0.0,146,57524,买盘
1650,14:35:49,3.94,0.0,5,1970,买盘
1651,14:36:04,3.93,-0.01,25,9825,卖盘
1652,14:36:27,3.93,0.0,49,19257,卖盘
1653,14:36:30,3.93,0.0,200,78600,卖盘
1654,14:36:33,3.93,0.0,82,32226,卖盘
1655,14:36:42,3.93,0.0,10,3930,买盘
1656,14:36:54,3.93,0.0,8,3144,买盘
1657,14:37:00,3.93,0.0,10,3930,买盘
1658,14:37:24,3.93,0.0,4,1572,买盘
1659,14:37:48,3.93,0.0,5,1965,买盘
1660,14:38:22,3.92,-0.01,97,38089,卖盘
1661,14:38:24,3.92,0.0,2,784,卖盘
1662,14:38:33,3.92,0.0,2,784,卖盘
1663,14:38:57,3.92,0.0,44,17248,卖盘
1664,14:39:00,3.92,0.0,25,9800,卖盘
1665,14:39:04,3.92,0.0,9,3528,卖盘
1666,14:39:12,3.92,0.0,38,14896,卖盘
1667,14:39:18,3.92,0.0,25,9800,卖盘
1668,14:39:24,3.93,0.01,27,10611,买盘
1669,14:39:46,3.92,-0.01,1,392,卖盘
1670,14:40:03,3.92,0.0,1,392,卖盘
1671,14:40:09,3.92,0.0,3,1176,卖盘
1672,14:40:37,3.93,0.01,54,21222,买盘
1673,14:40:58,3.93,0.0,99,38907,买盘
1674,14:41:06,3.93,0.0,50,19650,买盘
1675,14:41:18,3.93,0.0,51,20033,买盘
1676,14:41:21,3.93,0.0,299,117507,买盘
1677,14:41:45,3.93,0.0,40,15720,卖盘
1678,14:41:54,3.94,0.01,14,5516,买盘
1679,14:42:00,3.94,0.0,30,11820,买盘
1680,14:42:24,3.94,0.0,9,3546,买盘
1681,14:42:40,3.93,-0.01,26,10218,卖盘
1682,14:42:42,3.94,0.01,314,123696,买盘
1683,14:42:48,3.93,-0.01,16,6288,卖盘
1684,14:43:04,3.93,0.0,10,3932,卖盘
1685,14:43:15,3.94,0.01,1,394,买盘
1686,14:43:18,3.93,-0.01,11,4323,卖盘
1687,14:43:31,3.93,0.0,5,1965,卖盘
1688,14:43:51,3.93,0.0,50,19650,卖盘
1689,14:44:03,3.93,0.0,266,104638,卖盘
1690,14:44:12,3.93,0.0,500,196500,卖盘
1691,14:44:15,3.93,0.0,15,5900,卖盘
1692,14:44:18,3.93,0.0,253,99454,卖盘
1693,14:44:22,3.93,0.0,140,55020,卖盘
1694,14:44:33,3.93,0.0,5,1965,卖盘
1695,14:44:36,3.93,0.0,90,35370,卖盘
1696,14:44:48,3.93,0.0,15,5895,买盘
1697,14:45:01,3.93,0.0,20,7860,买盘
1698,14:45:12,3.92,-0.01,97,38024,卖盘
1699,14:45:21,3.92,0.0,41,16074,卖盘
1700,14:45:33,3.93,0.01,13,5109,买盘
1701,14:45:42,3.93,0.0,2,786,买盘
1702,14:46:12,3.93,0.0,5,1965,买盘
1703,14:46:18,3.93,0.0,767,301431,买盘
1704,14:46:27,3.93,0.0,30,11790,卖盘
1705,14:46:34,3.93,0.0,8,3144,卖盘
1706,14:47:04,3.93,0.0,8,3144,卖盘
1707,14:47:09,3.94,0.01,20,7862,买盘
1708,14:47:15,3.94,0.0,1,394,买盘
1709,14:47:19,3.93,-0.01,594,233442,卖盘
1710,14:47:25,3.94,0.01,7,2758,买盘
1711,14:47:27,3.93,-0.01,15,5895,卖盘
1712,14:47:34,3.93,0.0,45,17685,卖盘
1713,14:47:36,3.93,0.0,8,3144,卖盘
1714,14:47:55,3.94,0.01,1,394,买盘
1715,14:48:04,3.94,0.0,130,51220,买盘
1716,14:48:06,3.94,0.0,7,2758,买盘
1717,14:48:19,3.93,-0.01,25,9825,卖盘
1718,14:48:37,3.93,0.0,11,4323,卖盘
1719,14:48:39,3.93,0.0,9,3537,卖盘
1720,14:48:42,3.94,0.01,10,3940,买盘
1721,14:48:51,3.94,0.0,961,378634,买盘
1722,14:48:57,3.94,0.0,12,4728,买盘
1723,14:49:01,3.94,0.0,63,24822,买盘
1724,14:49:03,3.94,0.0,188,74072,买盘
1725,14:49:06,3.94,0.0,10,3940,买盘
1726,14:49:12,3.94,0.0,10,3940,买盘
1727,14:49:28,3.93,-0.01,40,15750,卖盘
1728,14:49:36,3.93,0.0,154,60522,卖盘
1729,14:49:39,3.94,0.01,10,3940,买盘
1730,14:49:43,3.93,-0.01,13,5109,卖盘
1731,14:49:45,3.94,0.01,53,20882,买盘
1732,14:49:51,3.93,-0.01,23,9039,卖盘
1733,14:50:00,3.93,0.0,2,786,卖盘
1734,14:50:04,3.93,0.0,14,5502,卖盘
1735,14:50:10,3.93,0.0,21,8253,卖盘
1736,14:50:16,3.93,0.0,29,11397,卖盘
1737,14:50:22,3.93,0.0,1,393,卖盘
1738,14:50:24,3.93,0.0,50,19650,卖盘
1739,14:50:30,3.93,0.0,7,2751,卖盘
1740,14:50:33,3.94,0.01,1,394,买盘
1741,14:51:13,3.93,-0.01,10,3930,卖盘
1742,14:51:19,3.94,0.01,10,3940,买盘
1743,14:51:31,3.94,0.0,392,154100,买盘
1744,14:51:34,3.94,0.0,11,4334,买盘
1745,14:51:36,3.94,0.0,6,2359,买盘
1746,14:51:39,3.94,0.0,2,788,买盘
1747,14:51:42,3.93,-0.01,131,51483,卖盘
1748,14:51:48,3.93,0.0,4,1572,卖盘
1749,14:51:51,3.94,0.01,100,39400,买盘
1750,14:52:01,3.93,-0.01,8,3144,卖盘
1751,14:52:04,3.94,0.01,31,12214,买盘
1752,14:52:12,3.94,0.0,6,2364,买盘
1753,14:52:18,3.93,-0.01,5,1965,卖盘
1754,14:52:24,3.93,0.0,1,393,卖盘
1755,14:52:27,3.94,0.01,6,2364,买盘
1756,14:52:31,3.93,-0.01,15,5895,卖盘
1757,14:52:37,3.94,0.01,32,12608,买盘
1758,14:52:45,3.93,-0.01,100,39300,卖盘
1759,14:52:49,3.93,0.0,38,14934,卖盘
1760,14:52:52,3.94,0.01,43,16932,买盘
1761,14:52:54,3.93,-0.01,53,20829,卖盘
1762,14:53:00,3.94,0.01,36,14184,买盘
1763,14:53:06,3.93,-0.01,10,3930,卖盘
1764,14:53:22,3.93,0.0,24,9432,卖盘
1765,14:53:28,3.93,0.0,31,12183,卖盘
1766,14:53:39,3.93,0.0,3,1179,卖盘
1767,14:53:45,3.93,0.0,20,7860,卖盘
1768,14:53:48,3.93,0.0,55,21616,卖盘
1769,14:53:57,3.93,0.0,20,7860,卖盘
1770,14:54:01,3.93,0.0,80,31440,卖盘
1771,14:54:10,3.93,0.0,10,3930,卖盘
1772,14:54:13,3.93,0.0,100,39300,卖盘
1773,14:54:19,3.94,0.01,327,128838,买盘
1774,14:54:25,3.93,-0.01,185,72735,卖盘
1775,14:54:31,3.93,0.0,200,78600,卖盘
1776,14:54:33,3.94,0.01,430,169380,买盘
1777,14:54:49,3.93,-0.01,5,1965,卖盘
1778,14:54:51,3.93,0.0,60,23590,卖盘
1779,14:54:57,3.93,0.0,50,19650,卖盘
1780,14:55:01,3.94,0.01,11,4334,买盘
1781,14:55:04,3.93,-0.01,1,393,卖盘
1782,14:55:06,3.93,0.0,40,15720,卖盘
1783,14:55:09,3.93,0.0,10,3930,卖盘
1784,14:55:18,3.94,0.01,36,14154,买盘
1785,14:55:24,3.94,0.0,30,11820,买盘
1786,14:55:30,3.93,-0.01,6,2358,卖盘
1787,14:55:36,3.93,0.0,1,393,卖盘
1788,14:55:39,3.94,0.01,4,1576,买盘
1789,14:55:42,3.94,0.0,46,18124,买盘
1790,14:55:45,3.94,0.0,5,1970,买盘
1791,14:55:57,3.94,0.0,71,27974,买盘
1792,14:56:01,3.94,0.0,47,18518,买盘
1793,14:56:04,3.93,-0.01,13,5109,卖盘
1794,14:56:06,3.94,0.01,24,9456,买盘
1795,14:56:13,3.93,-0.01,26,10218,卖盘
1796,14:56:22,3.94,0.01,211,83134,买盘
1797,14:56:24,3.93,-0.01,60,23580,卖盘
1798,14:56:28,3.94,0.01,390,153630,买盘
1799,14:56:37,3.94,0.0,1,394,买盘
1800,14:56:40,3.94,0.0,4,1576,买盘
1801,14:56:46,3.94,0.0,470,185180,买盘
1802,14:56:49,3.93,-0.01,27,10631,卖盘
1803,14:56:52,3.94,0.01,5,1970,买盘
1804,14:56:55,3.94,0.0,10,3940,买盘
1805,14:57:01,3.93,-0.01,20,7860,卖盘
1806,15:00:04,3.94,0.01,1436,565784,卖盘
