,time,price,change,volume,amount,type
0,09:25:05,11.83,0.05,22,26026,卖盘
1,09:30:07,11.71,-0.12,11,12881,卖盘
2,09:30:22,11.8,0.09,12,14160,卖盘
3,09:30:43,11.79,-0.01,5,5895,买盘
4,09:31:16,11.79,0.0,1,1179,买盘
5,09:31:19,11.79,0.0,1,1179,买盘
6,09:31:31,11.8,0.01,4,4720,买盘
7,09:31:40,11.8,0.0,15,17700,买盘
8,09:31:58,11.8,0.0,1,1180,买盘
9,09:32:58,11.82,0.02,4,4728,买盘
10,09:33:10,11.82,0.0,16,18912,买盘
11,09:33:13,11.82,0.0,15,17730,买盘
12,09:33:16,11.82,0.0,2,2364,卖盘
13,09:33:22,11.83,0.01,10,11830,买盘
14,09:33:25,11.82,-0.01,1,1182,卖盘
15,09:33:34,11.83,0.01,16,18928,买盘
16,09:33:46,11.83,0.0,21,24843,买盘
17,09:34:04,11.83,0.0,6,7098,卖盘
18,09:34:22,11.83,0.0,10,11830,卖盘
19,09:34:25,11.83,0.0,4,4732,卖盘
20,09:34:31,11.83,0.0,4,4732,买盘
21,09:34:37,11.82,-0.01,4,4728,卖盘
22,09:34:40,11.83,0.01,3,3549,买盘
23,09:34:43,11.83,0.0,4,4732,卖盘
24,09:34:46,11.83,0.0,5,5915,卖盘
25,09:34:49,11.83,0.0,3,3549,卖盘
26,09:34:55,11.82,-0.01,2,2364,卖盘
27,09:35:31,11.82,0.0,2,2364,买盘
28,09:35:34,11.82,0.0,1,1182,卖盘
29,09:35:52,11.82,0.0,1,1182,卖盘
30,09:36:01,11.83,0.01,2,2366,买盘
31,09:36:04,11.83,0.0,3,3549,卖盘
32,09:36:13,11.82,-0.01,23,27201,卖盘
33,09:36:31,11.83,0.01,2,2366,买盘
34,09:36:37,11.82,-0.01,1,1182,卖盘
35,09:36:49,11.82,0.0,6,7092,卖盘
36,09:37:10,11.8,-0.02,10,11800,卖盘
37,09:37:28,11.75,-0.05,2,2350,卖盘
38,09:37:34,11.75,0.0,22,25850,买盘
39,09:37:40,11.75,0.0,10,11750,买盘
40,09:37:43,11.75,0.0,15,17625,买盘
41,09:37:46,11.75,0.0,2,2350,买盘
42,09:37:49,11.75,0.0,16,18800,买盘
43,09:37:52,11.75,0.0,3,3525,买盘
44,09:38:25,11.75,0.0,3,3525,卖盘
45,09:38:34,11.75,0.0,4,4700,卖盘
46,09:38:46,11.75,0.0,12,14100,卖盘
47,09:40:13,11.75,0.0,3,3525,卖盘
48,09:40:22,11.71,-0.04,68,79732,卖盘
49,09:40:25,11.75,0.04,1,1175,买盘
50,09:40:37,11.71,-0.04,11,12881,卖盘
51,09:40:52,11.75,0.04,3,3525,买盘
52,09:40:55,11.74,-0.01,3,3522,中性盘
53,09:41:13,11.73,-0.01,50,58650,买盘
54,09:41:22,11.74,0.01,6,7044,买盘
55,09:41:31,11.74,0.0,1,1174,卖盘
56,09:41:49,11.74,0.0,24,28176,卖盘
57,09:41:58,11.75,0.01,2,2350,买盘
58,09:42:22,11.78,0.03,9,10602,买盘
59,09:42:25,11.78,0.0,11,12958,卖盘
60,09:42:28,11.78,0.0,10,11780,卖盘
61,09:42:34,11.75,-0.03,2,2350,卖盘
62,09:42:43,11.73,-0.02,2,2346,卖盘
63,09:42:58,11.73,0.0,16,18768,卖盘
64,09:43:52,11.78,0.05,17,20026,买盘
65,09:44:16,11.79,0.01,20,23580,买盘
66,09:45:10,11.79,0.0,15,17685,买盘
67,09:45:22,11.79,0.0,75,88425,卖盘
68,09:46:34,11.75,-0.04,2,2350,卖盘
69,09:47:01,11.75,0.0,18,21150,卖盘
70,09:47:52,11.74,-0.01,13,15264,卖盘
71,09:48:19,11.74,0.0,10,11740,中性盘
72,09:48:37,11.73,-0.01,351,411723,卖盘
73,09:48:52,11.74,0.01,1,1174,卖盘
74,09:49:19,11.73,-0.01,3,3519,卖盘
75,09:49:28,11.73,0.0,4,4692,买盘
76,09:49:34,11.71,-0.02,4,4684,卖盘
77,09:49:37,11.71,0.0,3,3513,卖盘
78,09:49:40,11.73,0.02,15,17595,买盘
79,09:50:13,11.73,0.0,54,63330,买盘
80,09:50:16,11.73,0.0,50,58650,买盘
81,09:50:19,11.78,0.05,22,25851,买盘
82,09:50:52,11.78,0.0,1,1178,买盘
83,09:50:58,11.71,-0.07,14,16394,卖盘
84,09:51:19,11.71,0.0,1,1171,卖盘
85,09:52:16,11.71,0.0,2,2342,卖盘
86,09:52:46,11.72,0.01,2,2344,卖盘
87,09:52:54,11.76,0.04,7,8232,买盘
88,09:53:13,11.77,0.01,9,10593,买盘
89,09:54:22,11.72,-0.05,5,5860,卖盘
90,09:55:28,11.77,0.05,1,1177,买盘
91,09:55:43,11.78,0.01,4,4712,买盘
92,09:55:58,11.78,0.0,12,14136,卖盘
93,09:56:10,11.77,-0.01,9,10593,卖盘
94,09:56:49,11.73,-0.04,5,5865,卖盘
95,09:57:01,11.73,0.0,2,2346,卖盘
96,09:57:15,11.78,0.05,3,3534,卖盘
97,09:57:31,11.72,-0.06,4,4691,卖盘
98,09:57:37,11.74,0.02,20,23480,中性盘
99,09:58:19,11.74,0.0,10,11740,卖盘
100,09:58:58,11.74,0.0,8,9392,买盘
101,09:59:04,11.74,0.0,10,11740,买盘
102,09:59:06,11.74,0.0,11,12914,买盘
103,09:59:19,11.74,0.0,60,70440,买盘
104,09:59:25,11.74,0.0,8,9392,买盘
105,09:59:31,11.74,0.0,2,2348,买盘
106,09:59:34,11.74,0.0,1,1174,买盘
107,09:59:49,11.74,0.0,1,1174,卖盘
108,10:01:10,11.74,0.0,1,1174,卖盘
109,10:02:10,11.74,0.0,1,1174,卖盘
110,10:02:31,11.77,0.03,8,9416,买盘
111,10:02:58,11.78,0.01,4,4712,买盘
112,10:03:10,11.79,0.01,16,18863,买盘
113,10:03:37,11.77,-0.02,4,4708,卖盘
114,10:03:52,11.79,0.02,6,7074,买盘
115,10:04:31,11.78,-0.01,4,4712,买盘
116,10:04:37,11.8,0.02,20,23597,买盘
117,10:04:43,11.79,-0.01,1,1179,卖盘
118,10:04:46,11.79,0.0,14,16506,卖盘
119,10:04:52,11.79,0.0,48,56592,买盘
120,10:05:10,11.77,-0.02,1,1177,卖盘
121,10:05:28,11.78,0.01,1,1178,买盘
122,10:05:34,11.79,0.01,35,41265,买盘
123,10:05:40,11.8,0.01,55,64900,买盘
124,10:05:49,11.81,0.01,24,28344,买盘
125,10:06:34,11.83,0.02,44,52052,买盘
126,10:06:40,11.84,0.01,1,1184,买盘
127,10:06:43,11.84,0.0,14,16576,买盘
128,10:06:55,11.85,0.01,10,11850,买盘
129,10:07:01,11.84,-0.01,22,26048,卖盘
130,10:07:04,11.88,0.04,13,15444,买盘
131,10:07:07,11.84,-0.04,1,1184,卖盘
132,10:07:25,11.88,0.04,8,9494,买盘
133,10:07:34,11.88,0.0,24,28512,买盘
134,10:07:43,11.88,0.0,18,21384,买盘
135,10:07:55,11.88,0.0,2,2376,买盘
136,10:08:04,11.88,0.0,2,2376,买盘
137,10:08:13,11.88,0.0,5,5940,买盘
138,10:08:22,11.88,0.0,4,4752,买盘
139,10:08:25,11.88,0.0,30,35640,买盘
140,10:08:34,11.91,0.03,22,26160,买盘
141,10:08:37,11.88,-0.03,4,4752,卖盘
142,10:08:40,11.91,0.03,14,16664,买盘
143,10:08:43,11.91,0.0,8,9528,买盘
144,10:08:46,11.92,0.01,8,9532,买盘
145,10:08:52,11.94,0.02,35,41739,买盘
146,10:08:58,11.94,0.0,32,38148,买盘
147,10:09:10,11.94,0.0,99,118142,买盘
148,10:09:34,11.93,-0.01,10,11929,买盘
149,10:09:43,11.92,-0.01,8,9536,买盘
150,10:09:49,11.93,0.01,26,30996,买盘
151,10:09:52,11.94,0.01,6,7160,买盘
152,10:09:55,11.94,0.0,16,19104,买盘
153,10:10:01,11.94,0.0,17,20298,买盘
154,10:10:04,11.94,0.0,41,48954,买盘
155,10:10:10,11.94,0.0,10,11940,买盘
156,10:10:13,11.94,0.0,1,1194,买盘
157,10:10:16,11.94,0.0,1,1194,卖盘
158,10:10:19,11.94,0.0,3,3582,卖盘
159,10:10:25,11.94,0.0,5,5970,买盘
160,10:10:34,11.94,0.0,13,15522,买盘
161,10:10:40,11.95,0.01,8,9560,买盘
162,10:10:43,11.94,-0.01,24,28656,卖盘
163,10:10:46,11.94,0.0,8,9552,买盘
164,10:10:55,11.95,0.01,16,19115,买盘
165,10:10:58,11.96,0.01,17,20316,买盘
166,10:11:19,11.89,-0.07,6,7134,卖盘
167,10:11:55,11.93,0.04,30,35790,买盘
168,10:12:22,11.96,0.03,8,9560,买盘
169,10:12:25,11.96,0.0,8,9568,买盘
170,10:12:28,11.89,-0.07,3,3567,卖盘
171,10:12:31,11.96,0.07,17,20332,买盘
172,10:12:37,11.98,0.02,16,19156,买盘
173,10:12:55,11.89,-0.09,3,3567,卖盘
174,10:12:58,11.89,0.0,2,2378,卖盘
175,10:13:01,11.89,0.0,2,2378,卖盘
176,10:13:04,11.89,0.0,3,3567,卖盘
177,10:13:07,11.89,0.0,21,24969,卖盘
178,10:13:10,11.89,0.0,6,7134,卖盘
179,10:14:07,11.89,0.0,1,1189,卖盘
180,10:14:37,11.9,0.01,4,4760,卖盘
181,10:14:58,11.94,0.04,11,13134,买盘
182,10:15:07,11.94,0.0,1,1194,卖盘
183,10:15:28,11.95,0.01,44,52580,买盘
184,10:15:34,11.94,-0.01,4,4776,卖盘
185,10:15:48,11.94,0.0,61,72834,卖盘
186,10:15:57,11.94,0.0,27,32238,买盘
187,10:16:07,11.94,0.0,1,1194,卖盘
188,10:16:25,11.94,0.0,2,2388,卖盘
189,10:16:31,11.94,0.0,56,66864,卖盘
190,10:17:06,11.94,0.0,1,1194,卖盘
191,10:17:25,11.94,0.0,5,5970,卖盘
192,10:17:34,11.94,0.0,38,45372,卖盘
193,10:17:49,11.9,-0.04,27,32130,卖盘
194,10:18:13,11.9,0.0,1,1190,卖盘
195,10:18:48,11.94,0.04,5,5970,买盘
196,10:18:57,11.94,0.0,18,21492,买盘
197,10:19:07,11.94,0.0,1,1194,卖盘
198,10:19:10,11.94,0.0,10,11940,卖盘
199,10:19:16,11.94,0.0,15,17910,卖盘
200,10:19:39,11.94,0.0,31,37014,买盘
201,10:21:04,11.93,-0.01,5,5965,买盘
202,10:21:16,11.93,0.0,46,54878,卖盘
203,10:21:31,11.93,0.0,24,28632,卖盘
204,10:22:07,11.9,-0.03,1,1190,卖盘
205,10:22:16,11.93,0.03,21,25053,买盘
206,10:22:21,11.93,0.0,1,1193,卖盘
207,10:22:28,11.93,0.0,19,22667,卖盘
208,10:22:46,11.9,-0.03,13,15470,卖盘
209,10:23:04,11.85,-0.05,1,1185,卖盘
210,10:24:07,11.86,0.01,2,2372,卖盘
211,10:24:34,11.9,0.04,5,5950,买盘
212,10:25:00,11.89,-0.01,1,1189,中性盘
213,10:25:27,11.86,-0.03,46,54556,卖盘
214,10:25:46,11.86,0.0,1,1186,卖盘
215,10:26:07,11.87,0.01,1,1187,卖盘
216,10:26:15,11.87,0.0,3,3561,卖盘
217,10:27:57,11.88,0.01,10,11880,买盘
218,10:32:49,11.87,-0.01,1,1187,卖盘
219,10:33:07,11.87,0.0,4,4748,卖盘
220,10:33:16,11.87,0.0,5,5935,卖盘
221,10:34:07,11.87,0.0,1,1187,卖盘
222,10:34:16,11.87,0.0,20,23740,卖盘
223,10:34:24,11.87,0.0,3,3561,卖盘
224,10:36:07,11.86,-0.01,3,3558,卖盘
225,10:36:24,11.86,0.0,6,7116,卖盘
226,10:37:46,11.86,0.0,2,2372,卖盘
227,10:37:58,11.86,0.0,41,48626,卖盘
228,10:38:01,11.86,0.0,1,1186,卖盘
229,10:38:04,11.86,0.0,11,13046,卖盘
230,10:38:10,11.86,0.0,2,2372,卖盘
231,10:38:31,11.85,-0.01,1,1185,卖盘
232,10:38:34,11.85,0.0,10,12431,卖盘
233,10:38:40,11.85,0.0,7,8295,卖盘
234,10:39:01,11.85,0.0,1,1185,卖盘
235,10:39:07,11.85,0.0,2,2370,卖盘
236,10:39:24,11.85,0.0,25,29044,卖盘
237,10:40:15,11.82,-0.03,45,53200,卖盘
238,10:40:28,11.82,0.0,5,5910,买盘
239,10:40:31,11.82,0.0,3,3544,中性盘
240,10:40:43,11.82,0.0,2,2364,卖盘
241,10:41:06,11.83,0.01,1,1183,中性盘
242,10:41:43,11.86,0.03,60,71152,买盘
243,10:41:55,11.88,0.02,12,14825,买盘
244,10:42:13,11.88,0.0,1,1188,卖盘
245,10:42:16,11.88,0.0,6,7128,卖盘
246,10:42:49,11.89,0.01,5,5945,买盘
247,10:43:07,11.89,0.0,1,1189,卖盘
248,10:43:13,11.89,0.0,5,5945,卖盘
249,10:43:46,11.89,0.0,4,4756,卖盘
250,10:45:16,11.89,0.0,5,5944,买盘
251,10:45:25,11.89,0.0,1,1189,卖盘
252,10:45:28,11.86,-0.03,1,1186,卖盘
253,10:46:21,11.84,-0.02,2,2368,卖盘
254,10:46:52,11.84,0.0,2,2368,卖盘
255,10:46:55,11.84,0.0,1,1184,卖盘
256,10:47:07,11.84,0.0,2,2368,卖盘
257,10:47:09,11.86,0.02,3,3556,买盘
258,10:47:16,11.93,0.07,34,40551,买盘
259,10:47:25,11.86,-0.07,3,3558,卖盘
260,10:48:10,11.95,0.09,91,108617,买盘
261,10:48:16,11.95,0.0,10,11950,卖盘
262,10:48:22,11.95,0.0,5,5975,卖盘
263,10:48:24,11.95,0.0,1,1195,卖盘
264,10:48:28,11.95,0.0,3,3585,卖盘
265,10:48:31,11.95,0.0,3,3585,卖盘
266,10:48:33,11.95,0.0,95,113525,卖盘
267,10:48:37,11.95,0.0,6,7172,卖盘
268,10:48:39,11.95,0.0,1,1195,卖盘
269,10:48:42,11.96,0.01,32,38271,买盘
270,10:48:46,11.95,-0.01,20,23900,卖盘
271,10:48:49,11.95,0.0,1,1195,卖盘
272,10:48:52,11.95,0.0,1,1195,卖盘
273,10:48:55,11.95,0.0,1,1195,卖盘
274,10:48:58,11.97,0.02,255,305215,买盘
275,10:49:01,11.97,0.0,46,55062,卖盘
276,10:49:10,11.95,-0.02,7,8365,卖盘
277,10:51:28,11.9,-0.05,1,1190,卖盘
278,10:51:34,11.9,0.0,1,1190,卖盘
279,10:51:55,11.97,0.07,170,203368,买盘
280,10:52:07,11.9,-0.07,20,23800,卖盘
281,10:52:31,11.91,0.01,3,3573,卖盘
282,10:53:07,11.91,0.0,1,1191,卖盘
283,10:54:25,11.95,0.04,8,9559,买盘
284,10:55:27,11.92,-0.03,1,1192,卖盘
285,10:56:07,11.92,0.0,2,2384,卖盘
286,10:57:07,11.92,0.0,1,1192,卖盘
287,10:57:34,11.92,0.0,1,1192,卖盘
288,10:57:45,11.94,0.02,1,1194,买盘
289,10:58:36,11.93,-0.01,1,1193,买盘
290,10:58:43,11.93,0.0,2,2386,买盘
291,10:58:45,11.93,0.0,7,8351,买盘
292,10:58:48,11.94,0.01,2,2388,买盘
293,10:58:52,11.94,0.0,3,3582,买盘
294,10:59:04,11.95,0.01,1,1195,买盘
295,10:59:07,11.94,-0.01,1,1194,卖盘
296,10:59:37,11.95,0.01,25,29875,买盘
297,11:00:01,11.96,0.01,10,11959,买盘
298,11:00:31,11.97,0.01,43,51471,买盘
299,11:00:48,11.97,0.0,2,2394,买盘
300,11:00:51,11.97,0.0,3,3591,买盘
301,11:00:58,11.97,0.0,44,52668,买盘
302,11:01:04,11.96,-0.01,21,25117,卖盘
303,11:01:07,11.97,0.01,41,49071,买盘
304,11:01:18,11.97,0.0,2,2394,卖盘
305,11:01:57,11.97,0.0,14,16758,买盘
306,11:02:21,11.96,-0.01,8,9568,卖盘
307,11:02:52,11.96,0.0,1,1196,买盘
308,11:02:57,11.96,0.0,1,1196,买盘
309,11:06:45,11.95,-0.01,11,13145,卖盘
310,11:07:04,11.92,-0.03,1,1192,卖盘
311,11:12:01,11.91,-0.01,1,1191,卖盘
312,11:13:28,11.91,0.0,1,1191,卖盘
313,11:14:01,11.92,0.01,1,1192,买盘
314,11:14:13,11.91,-0.01,5,5955,卖盘
315,11:14:19,11.9,-0.01,4,4760,卖盘
316,11:17:19,11.93,0.03,1,1193,买盘
317,11:17:25,11.93,0.0,5,5965,买盘
318,11:18:07,11.94,0.01,2,2388,买盘
319,11:18:51,11.93,-0.01,1,1193,卖盘
320,11:19:01,11.93,0.0,5,5965,卖盘
321,11:19:09,11.92,-0.01,9,10728,卖盘
322,11:19:39,11.92,0.0,2,2384,卖盘
323,11:20:16,11.92,0.0,43,51256,卖盘
324,11:20:24,11.92,0.0,7,8344,卖盘
325,11:21:19,11.93,0.01,2,2386,买盘
326,11:21:24,11.93,0.0,1,1193,买盘
327,11:21:31,11.93,0.0,1,1193,买盘
328,11:21:36,11.93,0.0,1,1193,买盘
329,11:21:42,11.93,0.0,1,1193,买盘
330,11:21:49,11.92,-0.01,1,1192,卖盘
331,11:24:04,11.92,0.0,185,220162,卖盘
332,11:24:25,11.9,-0.02,211,251470,卖盘
333,11:24:45,11.9,0.0,22,26180,买盘
334,11:26:39,11.86,-0.04,1,1186,卖盘
335,11:27:04,11.86,0.0,15,17790,卖盘
336,11:27:58,11.88,0.02,2,2376,买盘
337,11:29:42,11.88,0.0,10,11879,买盘
338,13:00:07,11.82,-0.06,68,80504,卖盘
339,13:00:13,11.81,-0.01,1,1181,卖盘
340,13:00:16,11.81,0.0,3,3543,卖盘
341,13:00:34,11.82,0.01,27,31906,买盘
342,13:00:52,11.81,-0.01,5,5905,卖盘
343,13:01:19,11.82,0.01,5,5910,买盘
344,13:01:27,11.82,0.0,87,102834,买盘
345,13:01:58,11.82,0.0,19,22458,卖盘
346,13:02:21,11.85,0.03,4,4740,买盘
347,13:02:42,11.81,-0.04,20,23620,卖盘
348,13:05:09,11.82,0.01,1,1182,卖盘
349,13:06:15,11.83,0.01,7,8281,中性盘
350,13:06:22,11.85,0.02,23,27255,买盘
351,13:09:19,11.84,-0.01,1,1184,买盘
352,13:10:25,11.85,0.01,38,45030,买盘
353,13:10:31,11.85,0.0,2,2370,卖盘
354,13:10:43,11.85,0.0,6,7110,卖盘
355,13:10:58,11.85,0.0,3,3555,卖盘
356,13:12:10,11.85,0.0,10,11850,卖盘
357,13:12:15,11.85,0.0,20,23700,卖盘
358,13:12:33,11.85,0.0,1,1185,卖盘
359,13:12:43,11.85,0.0,18,21330,卖盘
360,13:13:10,11.85,0.0,48,56880,买盘
361,13:14:31,11.84,-0.01,20,23680,买盘
362,13:16:10,11.82,-0.02,3,3546,卖盘
363,13:16:12,11.82,0.0,1,1182,卖盘
364,13:17:16,11.84,0.02,10,11840,买盘
365,13:18:37,11.83,-0.01,1,1183,买盘
366,13:18:46,11.83,0.0,2,2366,卖盘
367,13:18:51,11.83,0.0,1,1183,卖盘
368,13:18:57,11.83,0.0,1,1183,卖盘
369,13:20:01,11.83,0.0,3,3549,卖盘
370,13:20:25,11.83,0.0,2,2366,卖盘
371,13:23:39,11.82,-0.01,3,3546,卖盘
372,13:24:04,11.82,0.0,1,1182,卖盘
373,13:25:04,11.83,0.01,7,8281,买盘
374,13:25:10,11.83,0.0,20,23660,卖盘
375,13:25:25,11.82,-0.01,3,3546,卖盘
376,13:26:40,11.82,0.0,96,113472,卖盘
377,13:27:28,11.81,-0.01,3,3543,卖盘
378,13:27:46,11.81,0.0,9,10629,卖盘
379,13:28:04,11.81,0.0,3,3543,卖盘
380,13:28:18,11.82,0.01,4,4728,卖盘
381,13:28:22,11.81,-0.01,9,10634,卖盘
382,13:30:43,11.81,0.0,47,55507,卖盘
383,13:30:55,11.81,0.0,1,1181,卖盘
384,13:30:57,11.81,0.0,5,5905,卖盘
385,13:31:22,11.81,0.0,100,118100,卖盘
386,13:31:28,11.81,0.0,9,10629,卖盘
387,13:31:33,11.81,0.0,1,1181,卖盘
388,13:31:49,11.81,0.0,11,12991,卖盘
389,13:33:07,11.81,0.0,100,118100,卖盘
390,13:33:10,11.81,0.0,9,10629,卖盘
391,13:33:30,11.81,0.0,2,2362,卖盘
392,13:34:06,11.82,0.01,1,1182,买盘
393,13:34:10,11.8,-0.02,62,73172,卖盘
394,13:34:13,11.82,0.02,1,1182,买盘
395,13:34:34,11.82,0.0,5,5910,买盘
396,13:34:46,11.83,0.01,1,1183,买盘
397,13:34:49,11.83,0.0,15,17745,卖盘
398,13:35:07,11.83,0.0,15,17745,卖盘
399,13:35:16,11.82,-0.01,1,1182,卖盘
400,13:35:28,11.81,-0.01,1,1181,卖盘
401,13:35:34,11.83,0.02,5,5915,买盘
402,13:37:12,11.8,-0.03,10,11800,卖盘
403,13:38:25,11.81,0.01,1,1181,买盘
404,13:38:52,11.81,0.0,1,1181,卖盘
405,13:39:55,11.82,0.01,20,23640,买盘
406,13:39:58,11.82,0.0,5,5910,买盘
407,13:40:01,11.82,0.0,6,7092,买盘
408,13:42:07,11.81,-0.01,12,14172,卖盘
409,13:43:07,11.81,0.0,2,2362,卖盘
410,13:44:13,11.81,0.0,12,14172,卖盘
411,13:44:25,11.83,0.02,4,4732,买盘
412,13:45:43,11.83,0.0,3,3549,买盘
413,13:47:19,11.83,0.0,1,1183,卖盘
414,13:48:06,11.84,0.01,2,2368,买盘
415,13:48:18,11.84,0.0,1,1184,买盘
416,13:49:00,11.84,0.0,2,2368,卖盘
417,13:49:34,11.84,0.0,8,9472,卖盘
418,13:50:46,11.84,0.0,10,11840,买盘
419,13:50:55,11.84,0.0,10,11840,买盘
420,13:51:13,11.84,0.0,10,11840,买盘
421,13:51:16,11.85,0.01,103,122055,买盘
422,13:51:31,11.86,0.01,192,227712,买盘
423,13:51:58,11.88,0.02,9,10692,买盘
424,13:53:19,11.88,0.0,3,3564,买盘
425,13:54:13,11.88,0.0,2,2376,卖盘
426,13:54:21,11.88,0.0,1,1188,买盘
427,13:54:34,11.89,0.01,10,11890,买盘
428,13:54:37,11.88,-0.01,11,13068,卖盘
429,13:55:01,11.89,0.01,31,36855,买盘
430,13:55:49,11.93,0.04,44,52450,买盘
431,13:55:55,11.94,0.01,18,21492,买盘
432,13:56:01,11.94,0.0,6,7164,买盘
433,13:56:28,11.94,0.0,12,14328,买盘
434,13:57:37,11.93,-0.01,30,35790,卖盘
435,13:57:40,11.93,0.0,10,11930,卖盘
436,13:57:58,11.93,0.0,47,56071,卖盘
437,13:58:07,11.93,0.0,25,29825,卖盘
438,13:58:13,11.93,0.0,25,29825,卖盘
439,13:58:16,11.93,0.0,167,199231,卖盘
440,13:58:21,11.93,0.0,15,17895,卖盘
441,13:58:25,11.93,0.0,7,8351,卖盘
442,13:58:28,11.93,0.0,27,32211,卖盘
443,13:58:31,11.93,0.0,1,1193,卖盘
444,13:59:43,11.93,0.0,2,2385,买盘
445,14:00:10,11.87,-0.06,18,21366,卖盘
446,14:00:30,11.93,0.06,3,3579,买盘
447,14:00:43,11.94,0.01,84,100296,买盘
448,14:01:31,11.94,0.0,21,25074,卖盘
449,14:01:49,11.94,0.0,13,15522,卖盘
450,14:01:58,11.94,0.0,10,11940,卖盘
451,14:02:01,11.94,0.0,15,17910,卖盘
452,14:02:49,11.93,-0.01,30,35790,买盘
453,14:03:31,11.9,-0.03,14,16670,卖盘
454,14:03:34,11.9,0.0,12,14280,卖盘
455,14:03:40,11.9,0.0,6,7140,卖盘
456,14:03:43,11.9,0.0,3,3570,卖盘
457,14:03:46,11.9,0.0,7,8330,卖盘
458,14:04:04,11.94,0.04,59,70435,买盘
459,14:04:10,11.94,0.0,21,25074,卖盘
460,14:04:30,11.94,0.0,6,7164,卖盘
461,14:04:36,11.94,0.0,1,1194,卖盘
462,14:04:40,11.94,0.0,2,2388,卖盘
463,14:04:43,11.94,0.0,14,16716,卖盘
464,14:04:46,11.94,0.0,11,13134,卖盘
465,14:06:43,11.9,-0.04,4,4760,卖盘
466,14:07:31,11.9,0.0,1,1190,卖盘
467,14:08:19,11.91,0.01,7,8337,买盘
468,14:08:54,11.91,0.0,1,1191,卖盘
469,14:11:10,11.92,0.01,8,9536,买盘
470,14:11:34,11.92,0.0,7,8344,卖盘
471,14:11:46,11.92,0.0,9,10727,买盘
472,14:13:22,11.92,0.0,4,4768,卖盘
473,14:13:51,11.92,0.0,1,1192,卖盘
474,14:14:19,11.92,0.0,10,11920,卖盘
475,14:14:58,11.92,0.0,2,2384,卖盘
476,14:15:01,11.92,0.0,1,1192,卖盘
477,14:15:04,11.92,0.0,11,13112,卖盘
478,14:15:07,11.92,0.0,5,5960,卖盘
479,14:15:09,11.92,0.0,19,22648,卖盘
480,14:15:19,11.92,0.0,60,71570,卖盘
481,14:15:43,11.91,-0.01,58,69078,卖盘
482,14:17:04,11.9,-0.01,6,7140,卖盘
483,14:17:27,11.92,0.02,1,1192,买盘
484,14:18:58,11.91,-0.01,10,11910,卖盘
485,14:19:18,11.91,0.0,2,2382,卖盘
486,14:19:25,11.91,0.0,1,1191,买盘
487,14:19:31,11.91,0.0,1,1191,买盘
488,14:19:34,11.91,0.0,2,2382,买盘
489,14:19:58,11.9,-0.01,9,10710,卖盘
490,14:21:31,11.91,0.01,1,1191,买盘
491,14:23:52,11.91,0.0,1,1191,卖盘
492,14:24:04,11.91,0.0,1,1191,卖盘
493,14:24:46,11.91,0.0,1,1191,卖盘
494,14:24:55,11.91,0.0,10,11910,卖盘
495,14:25:00,11.92,0.01,29,34568,买盘
496,14:25:10,11.92,0.0,1,1192,买盘
497,14:27:13,11.92,0.0,33,39336,卖盘
498,14:27:40,11.92,0.0,14,16688,卖盘
499,14:27:42,11.93,0.01,7,8351,买盘
500,14:28:01,11.93,0.0,52,62036,买盘
501,14:28:04,11.93,0.0,13,15509,卖盘
502,14:30:42,11.94,0.01,1,1194,卖盘
503,14:30:55,11.95,0.01,30,35850,买盘
504,14:31:37,11.95,0.0,50,59750,买盘
505,14:31:49,11.95,0.0,27,32265,卖盘
506,14:31:58,11.94,-0.01,9,10746,卖盘
507,14:32:04,11.95,0.01,2,2390,买盘
508,14:32:16,11.94,-0.01,100,119400,卖盘
509,14:32:19,11.95,0.01,1,1195,买盘
510,14:32:22,11.95,0.0,7,8365,买盘
511,14:32:25,11.95,0.0,3,3585,买盘
512,14:32:31,11.95,0.0,11,13145,买盘
513,14:32:55,11.94,-0.01,1,1194,卖盘
514,14:33:01,11.94,0.0,28,33432,卖盘
515,14:35:48,11.93,-0.01,1,1193,卖盘
516,14:36:04,11.93,0.0,2,2386,卖盘
517,14:37:16,11.93,0.0,3,3579,卖盘
518,14:37:42,11.93,0.0,14,16690,买盘
519,14:38:25,11.91,-0.02,5,5955,卖盘
520,14:39:10,11.91,0.0,56,66696,卖盘
521,14:39:13,11.92,0.01,4,4768,买盘
522,14:39:49,11.9,-0.02,25,29762,卖盘
523,14:41:18,11.88,-0.02,1,1188,卖盘
524,14:44:55,11.9,0.02,2,2380,买盘
525,14:47:04,11.91,0.01,1,1191,卖盘
526,14:47:07,11.91,0.0,19,22629,卖盘
527,14:47:13,11.91,0.0,1,1191,卖盘
528,14:47:22,11.91,0.0,20,23820,卖盘
529,14:47:28,11.92,0.01,2,2384,买盘
530,14:47:42,11.91,-0.01,68,80988,卖盘
531,14:47:52,11.91,0.0,58,69078,买盘
532,14:47:58,11.91,0.0,6,7146,买盘
533,14:48:04,11.91,0.0,1,1191,买盘
534,14:48:10,11.91,0.0,38,45258,买盘
535,14:48:19,11.93,0.02,1,1193,买盘
536,14:48:42,11.93,0.0,1,1193,买盘
537,14:48:49,11.94,0.01,30,35791,买盘
538,14:49:28,11.94,0.0,1,1194,买盘
539,14:49:58,11.93,-0.01,1,1193,买盘
540,14:50:04,11.91,-0.02,12,14292,卖盘
541,14:50:07,11.93,0.02,71,84635,买盘
542,14:50:19,11.9,-0.03,1,1107,卖盘
543,14:50:58,11.93,0.03,18,21474,买盘
544,14:51:01,11.93,0.0,102,121684,买盘
545,14:51:04,11.94,0.01,6,7164,买盘
546,14:51:10,11.94,0.0,7,8358,买盘
547,14:51:13,11.94,0.0,1,1194,买盘
548,14:51:31,11.93,-0.01,26,31018,卖盘
549,14:51:55,11.93,0.0,20,23860,买盘
550,14:52:19,11.93,0.0,12,14308,买盘
551,14:52:34,11.94,0.01,15,17910,买盘
552,14:52:58,11.95,0.01,1,1195,买盘
553,14:53:07,11.94,-0.01,10,11940,卖盘
554,14:53:28,11.95,0.01,1,1195,买盘
555,14:53:34,11.94,-0.01,20,23880,卖盘
556,14:53:52,11.94,0.0,16,19104,卖盘
557,14:54:01,11.95,0.01,1,1195,买盘
558,14:54:10,11.95,0.0,10,11950,买盘
559,14:54:16,11.94,-0.01,50,59700,卖盘
560,14:54:28,11.95,0.01,2,2390,买盘
561,14:54:31,11.94,-0.01,1,1194,卖盘
562,14:54:40,11.94,0.0,14,16716,卖盘
563,14:54:52,11.94,0.0,2,2388,卖盘
564,14:55:28,11.92,-0.02,3,3576,卖盘
565,14:56:04,11.94,0.02,2,2388,买盘
566,14:56:13,11.94,0.0,1,1194,买盘
567,14:56:16,11.92,-0.02,45,53645,卖盘
568,14:56:28,11.92,0.0,50,59600,卖盘
569,14:56:37,11.93,0.01,3,3579,卖盘
570,14:56:43,11.93,0.0,3,3579,卖盘
571,14:56:58,11.94,0.01,6,7164,买盘
572,15:00:04,11.94,0.0,112,133728,卖盘
