,time,price,change,volume,amount,type
0,09:25:04,10.9,0.16,10,10900,卖盘
1,09:30:04,10.93,0.03,41,44801,买盘
2,09:30:07,10.93,0.0,59,64487,卖盘
3,09:30:10,10.92,-0.01,57,62276,卖盘
4,09:30:13,10.93,0.01,4,4372,卖盘
5,09:30:16,10.94,0.01,1,1094,买盘
6,09:30:19,10.93,-0.01,48,52509,卖盘
7,09:30:22,10.93,0.0,1,1093,卖盘
8,09:30:31,10.93,0.0,3,3279,卖盘
9,09:30:34,10.93,0.0,15,16395,卖盘
10,09:30:37,10.93,0.0,1,1093,卖盘
11,09:30:40,10.94,0.01,30,32793,买盘
12,09:30:46,10.93,-0.01,3,3279,卖盘
13,09:30:49,10.92,-0.01,42,45869,卖盘
14,09:30:52,10.93,0.01,1,1093,买盘
15,09:30:55,10.92,-0.01,8,8736,卖盘
16,09:30:58,10.93,0.01,3,3279,买盘
17,09:31:04,10.92,-0.01,113,123396,卖盘
18,09:31:13,10.9,-0.02,1,1090,卖盘
19,09:31:16,10.91,0.01,5,5453,买盘
20,09:31:19,10.9,-0.01,2,2180,卖盘
21,09:31:25,10.87,-0.03,35,38069,卖盘
22,09:31:28,10.88,0.01,2,2176,卖盘
23,09:31:31,10.87,-0.01,11,11972,卖盘
24,09:31:34,10.87,0.0,4,4348,卖盘
25,09:31:37,10.87,0.0,13,14131,卖盘
26,09:31:40,10.87,0.0,85,92395,卖盘
27,09:31:43,10.87,0.0,1,1087,买盘
28,09:31:52,10.85,-0.02,11,11937,卖盘
29,09:31:58,10.86,0.01,38,41231,中性盘
30,09:32:01,10.87,0.01,43,46724,买盘
31,09:32:07,10.85,-0.02,40,43420,卖盘
32,09:32:10,10.84,-0.01,9,9756,买盘
33,09:32:16,10.82,-0.02,14,15148,卖盘
34,09:32:22,10.83,0.01,26,28183,卖盘
35,09:32:25,10.8,-0.03,162,175106,卖盘
36,09:32:28,10.84,0.04,41,44352,买盘
37,09:32:36,10.85,0.01,3,3255,买盘
38,09:32:40,10.83,-0.02,2,2166,卖盘
39,09:32:43,10.83,0.0,2,2166,买盘
40,09:32:46,10.83,0.0,207,222954,买盘
41,09:32:55,10.8,-0.03,31,33480,卖盘
42,09:32:57,10.8,0.0,1,1080,买盘
43,09:33:01,10.8,0.0,3,3240,买盘
44,09:33:06,10.76,-0.04,20,21524,卖盘
45,09:33:09,10.83,0.07,5,5406,买盘
46,09:33:28,10.85,0.02,3,3255,买盘
47,09:33:37,10.84,-0.01,2,2168,买盘
48,09:33:40,10.84,0.0,1,1084,买盘
49,09:33:43,10.84,0.0,3,3251,买盘
50,09:33:46,10.83,-0.01,6,6500,卖盘
51,09:33:49,10.8,-0.03,56,60525,卖盘
52,09:33:52,10.83,0.03,10,10830,买盘
53,09:34:01,10.83,0.0,4,4329,买盘
54,09:34:13,10.8,-0.03,12,12966,卖盘
55,09:34:16,10.8,0.0,12,12960,卖盘
56,09:34:18,10.79,-0.01,24,25909,卖盘
57,09:34:24,10.77,-0.02,12,12924,卖盘
58,09:34:28,10.76,-0.01,30,32302,卖盘
59,09:34:31,10.76,0.0,4,4304,买盘
60,09:34:34,10.74,-0.02,49,52662,卖盘
61,09:34:37,10.76,0.02,136,146236,买盘
62,09:34:40,10.74,-0.02,4,4296,卖盘
63,09:34:43,10.74,0.0,8,8592,买盘
64,09:34:45,10.71,-0.03,14,14994,卖盘
65,09:34:48,10.74,0.03,18,19331,买盘
66,09:34:54,10.74,0.0,25,26830,买盘
67,09:34:57,10.74,0.0,3,3222,买盘
68,09:35:01,10.74,0.0,1,1074,买盘
69,09:35:04,10.74,0.0,67,71932,买盘
70,09:35:09,10.71,-0.03,180,193011,卖盘
71,09:35:19,10.74,0.03,7,7518,买盘
72,09:35:25,10.74,0.0,1,1074,卖盘
73,09:35:28,10.77,0.03,1,1077,买盘
74,09:35:33,10.77,0.0,3,3231,买盘
75,09:35:40,10.76,-0.01,1,1076,卖盘
76,09:35:43,10.76,0.0,2,2152,买盘
77,09:35:46,10.76,0.0,28,30128,买盘
78,09:35:55,10.76,0.0,6,6456,买盘
79,09:36:06,10.77,0.01,8,8616,买盘
80,09:36:21,10.8,0.03,8,8640,买盘
81,09:36:34,10.77,-0.03,9,9702,卖盘
82,09:36:39,10.77,0.0,13,14001,买盘
83,09:36:46,10.76,-0.01,5,5380,卖盘
84,09:36:49,10.79,0.03,57,61399,买盘
85,09:36:55,10.79,0.0,18,19422,买盘
86,09:37:01,10.79,0.0,6,6474,买盘
87,09:37:04,10.79,0.0,6,6472,买盘
88,09:37:07,10.77,-0.02,16,17251,卖盘
89,09:37:09,10.79,0.02,1,1079,买盘
90,09:37:19,10.78,-0.01,1,1078,卖盘
91,09:37:28,10.78,0.0,6,6469,卖盘
92,09:37:34,10.78,0.0,14,15092,买盘
93,09:37:43,10.78,0.0,17,18326,买盘
94,09:37:49,10.79,0.01,32,34518,买盘
95,09:37:52,10.79,0.0,74,79846,卖盘
96,09:37:54,10.8,0.01,11,11880,买盘
97,09:37:58,10.79,-0.01,31,33453,卖盘
98,09:38:00,10.79,0.0,4,4317,卖盘
99,09:38:04,10.79,0.0,166,179114,卖盘
100,09:38:07,10.8,0.01,15,16200,买盘
101,09:38:16,10.82,0.02,2,2164,买盘
102,09:38:21,10.8,-0.02,17,18360,卖盘
103,09:38:25,10.8,0.0,8,8640,中性盘
104,09:38:27,10.8,0.0,3,3240,买盘
105,09:38:31,10.79,-0.01,24,25896,卖盘
106,09:38:33,10.8,0.01,1,1080,买盘
107,09:38:37,10.79,-0.01,91,98189,卖盘
108,09:38:43,10.78,-0.01,78,84084,卖盘
109,09:38:49,10.78,0.0,15,16170,卖盘
110,09:38:51,10.79,0.01,45,48555,买盘
111,09:38:55,10.78,-0.01,127,136906,卖盘
112,09:38:58,10.78,0.0,26,28028,买盘
113,09:39:00,10.78,0.0,33,35573,买盘
114,09:39:04,10.77,-0.01,13,14004,卖盘
115,09:39:07,10.77,0.0,14,15078,卖盘
116,09:39:21,10.77,0.0,37,39849,卖盘
117,09:39:31,10.78,0.01,3,3234,买盘
118,09:39:34,10.78,0.0,1,1078,买盘
119,09:39:46,10.78,0.0,28,30184,买盘
120,09:39:52,10.78,0.0,1,1078,买盘
121,09:39:58,10.78,0.0,11,11858,买盘
122,09:40:04,10.78,0.0,1,1078,卖盘
123,09:40:07,10.79,0.01,1,1079,买盘
124,09:40:16,10.78,-0.01,36,38808,卖盘
125,09:40:22,10.78,0.0,30,32340,卖盘
126,09:40:25,10.78,0.0,6,6468,买盘
127,09:40:30,10.78,0.0,3,3234,买盘
128,09:40:34,10.77,-0.01,29,31233,卖盘
129,09:40:36,10.77,0.0,27,29079,买盘
130,09:40:40,10.77,0.0,31,33387,买盘
131,09:40:46,10.77,0.0,13,14001,买盘
132,09:41:01,10.78,0.01,1,1078,买盘
133,09:41:04,10.76,-0.02,18,19376,卖盘
134,09:41:09,10.77,0.01,17,18317,卖盘
135,09:41:16,10.77,0.0,21,22617,买盘
136,09:41:27,10.77,0.0,15,16155,卖盘
137,09:41:31,10.79,0.02,3,3234,买盘
138,09:41:42,10.77,-0.02,15,16155,买盘
139,09:41:46,10.76,-0.01,11,11836,卖盘
140,09:41:52,10.76,0.0,39,41964,买盘
141,09:41:58,10.76,0.0,3,3228,买盘
142,09:42:01,10.76,0.0,13,13988,买盘
143,09:42:07,10.75,-0.01,39,41937,卖盘
144,09:42:22,10.75,0.0,40,43039,卖盘
145,09:42:27,10.77,0.02,323,347204,买盘
146,09:42:34,10.77,0.0,102,109854,卖盘
147,09:42:37,10.73,-0.04,19,20415,卖盘
148,09:42:40,10.76,0.03,10,10760,中性盘
149,09:42:49,10.74,-0.02,13,13962,卖盘
150,09:42:55,10.73,-0.01,23,24679,卖盘
151,09:43:01,10.73,0.0,54,57894,买盘
152,09:43:04,10.72,-0.01,2,2144,卖盘
153,09:43:06,10.72,0.0,61,65392,卖盘
154,09:43:10,10.72,0.0,3,3216,买盘
155,09:43:13,10.71,-0.01,109,116739,卖盘
156,09:43:16,10.71,0.0,10,10710,卖盘
157,09:43:18,10.71,0.0,28,29988,卖盘
158,09:43:22,10.71,0.0,5,5355,卖盘
159,09:43:24,10.7,-0.01,120,128474,卖盘
160,09:43:28,10.7,0.0,39,41750,卖盘
161,09:43:31,10.72,0.02,1,1072,买盘
162,09:43:37,10.7,-0.02,1,1070,卖盘
163,09:43:42,10.7,0.0,47,50290,卖盘
164,09:43:55,10.7,0.0,3,3210,卖盘
165,09:43:57,10.7,0.0,52,55640,卖盘
166,09:44:00,10.7,0.0,3,3210,买盘
167,09:44:13,10.7,0.0,10,10700,买盘
168,09:44:22,10.68,-0.02,10,10680,卖盘
169,09:44:31,10.7,0.02,47,50290,买盘
170,09:44:43,10.71,0.01,2,2142,卖盘
171,09:44:46,10.7,-0.01,37,39612,卖盘
172,09:45:01,10.7,0.0,18,19261,卖盘
173,09:45:04,10.62,-0.08,309,328874,卖盘
174,09:45:07,10.69,0.07,2,2138,买盘
175,09:45:16,10.69,0.0,1,1069,买盘
176,09:45:25,10.69,0.0,33,35277,卖盘
177,09:45:27,10.66,-0.03,3,3198,中性盘
178,09:45:34,10.69,0.03,1,1069,买盘
179,09:45:36,10.69,0.0,3,3207,买盘
180,09:45:43,10.69,0.0,22,23518,买盘
181,09:45:57,10.7,0.01,40,42800,买盘
182,09:46:04,10.7,0.0,26,27818,买盘
183,09:46:16,10.7,0.0,8,8560,买盘
184,09:46:33,10.71,0.01,3,3213,买盘
185,09:46:37,10.71,0.0,39,41769,买盘
186,09:46:40,10.71,0.0,3,3213,买盘
187,09:46:43,10.7,-0.01,40,42800,卖盘
188,09:46:46,10.7,0.0,4,4280,卖盘
189,09:46:48,10.71,0.01,10,10710,买盘
190,09:47:01,10.71,0.0,4,4287,卖盘
191,09:47:07,10.72,0.01,22,23584,买盘
192,09:47:10,10.73,0.01,10,10730,买盘
193,09:47:25,10.72,-0.01,35,37520,卖盘
194,09:47:31,10.73,0.01,3,3219,买盘
195,09:47:34,10.73,0.0,1,1073,买盘
196,09:47:46,10.72,-0.01,1,1072,卖盘
197,09:47:55,10.73,0.01,29,31117,买盘
198,09:47:57,10.73,0.0,2,2146,买盘
199,09:48:00,10.73,0.0,94,100862,买盘
200,09:48:03,10.74,0.01,69,74072,买盘
201,09:48:10,10.74,0.0,55,59050,买盘
202,09:48:19,10.74,0.0,56,60065,买盘
203,09:48:21,10.74,0.0,30,32220,买盘
204,09:48:33,10.74,0.0,4,4296,买盘
205,09:48:36,10.73,-0.01,28,30044,卖盘
206,09:48:52,10.73,0.0,10,10730,买盘
207,09:48:55,10.73,0.0,282,302586,买盘
208,09:48:58,10.72,-0.01,8,8576,卖盘
209,09:49:07,10.74,0.02,2,2147,买盘
210,09:49:28,10.73,-0.01,122,130870,买盘
211,09:49:31,10.71,-0.02,2,2142,卖盘
212,09:49:33,10.73,0.02,1,1073,买盘
213,09:49:36,10.74,0.01,12,12881,买盘
214,09:49:46,10.74,0.0,63,67662,买盘
215,09:49:51,10.74,0.0,78,83772,买盘
216,09:49:54,10.74,0.0,25,26850,买盘
217,09:49:58,10.74,0.0,33,35442,买盘
218,09:50:01,10.75,0.01,68,73038,买盘
219,09:50:06,10.74,-0.01,162,174120,卖盘
220,09:50:10,10.75,0.01,27,29025,买盘
221,09:50:13,10.75,0.0,35,37625,买盘
222,09:50:19,10.75,0.0,12,12900,卖盘
223,09:50:34,10.75,0.0,3,3225,买盘
224,09:50:37,10.74,-0.01,2,2149,卖盘
225,09:50:43,10.75,0.01,30,32250,买盘
226,09:50:46,10.74,-0.01,1,1074,卖盘
227,09:50:57,10.74,0.0,21,22557,卖盘
228,09:51:04,10.74,0.0,1,1074,买盘
229,09:51:09,10.74,0.0,1,1074,买盘
230,09:51:19,10.74,0.0,17,18258,卖盘
231,09:51:25,10.73,-0.01,37,39701,卖盘
232,09:51:27,10.74,0.01,3,3222,买盘
233,09:51:34,10.73,-0.01,12,12876,卖盘
234,09:51:37,10.74,0.01,1,1074,买盘
235,09:51:40,10.73,-0.01,5,5365,卖盘
236,09:51:42,10.73,0.0,25,26825,卖盘
237,09:51:52,10.73,0.0,2,2146,卖盘
238,09:51:55,10.73,0.0,1,1073,卖盘
239,09:51:58,10.73,0.0,1,1073,买盘
240,09:52:04,10.73,0.0,115,123395,买盘
241,09:52:09,10.73,0.0,15,16095,卖盘
242,09:52:13,10.73,0.0,20,21460,卖盘
243,09:52:16,10.73,0.0,10,10730,卖盘
244,09:52:18,10.73,0.0,50,53650,买盘
245,09:52:25,10.71,-0.02,1,1071,卖盘
246,09:52:27,10.73,0.02,1,1073,买盘
247,09:52:31,10.73,0.0,49,52577,买盘
248,09:52:52,10.73,0.0,1,1073,卖盘
249,09:52:57,10.73,0.0,3,3219,买盘
250,09:53:07,10.71,-0.02,60,64260,卖盘
251,09:53:12,10.71,0.0,18,19278,卖盘
252,09:53:28,10.71,0.0,32,34272,卖盘
253,09:53:30,10.71,0.0,3,3213,买盘
254,09:53:37,10.71,0.0,1,1071,买盘
255,09:53:46,10.7,-0.01,1,1070,卖盘
256,09:53:54,10.7,0.0,20,21400,卖盘
257,09:54:01,10.71,0.01,3,3213,买盘
258,09:54:06,10.71,0.0,1,1071,买盘
259,09:54:13,10.71,0.0,29,31059,买盘
260,09:54:16,10.7,-0.01,15,16050,卖盘
261,09:54:19,10.7,0.0,19,20330,买盘
262,09:54:24,10.7,0.0,71,75970,买盘
263,09:54:30,10.7,0.0,1,1070,买盘
264,09:54:33,10.7,0.0,25,26750,买盘
265,09:54:43,10.7,0.0,4,4280,卖盘
266,09:54:57,10.71,0.01,3,3213,买盘
267,09:55:04,10.71,0.0,1,1071,买盘
268,09:55:13,10.7,-0.01,30,32100,卖盘
269,09:55:28,10.7,0.0,38,40660,卖盘
270,09:55:37,10.71,0.01,61,65301,买盘
271,09:55:49,10.71,0.0,135,144585,买盘
272,09:55:52,10.71,0.0,24,25704,买盘
273,09:55:55,10.7,-0.01,30,31565,卖盘
274,09:55:57,10.7,0.0,10,10700,买盘
275,09:56:00,10.71,0.01,56,59976,卖盘
276,09:56:04,10.71,0.0,106,114062,买盘
277,09:56:10,10.74,0.03,9,9663,买盘
278,09:56:13,10.73,-0.01,10,10736,中性盘
279,09:56:16,10.74,0.01,184,197616,买盘
280,09:56:19,10.75,0.01,113,121421,买盘
281,09:56:28,10.77,0.02,1,1077,买盘
282,09:56:40,10.77,0.0,1,1077,卖盘
283,09:56:42,10.79,0.02,4,4315,买盘
284,09:57:01,10.77,-0.02,1,1077,买盘
285,09:57:06,10.77,0.0,2,2154,卖盘
286,09:57:27,10.74,-0.03,6,6444,卖盘
287,09:57:31,10.74,0.0,1,1074,买盘
288,09:57:34,10.74,0.0,28,30072,买盘
289,09:57:54,10.77,0.03,1,1077,买盘
290,09:57:57,10.77,0.0,2,2154,买盘
291,09:58:25,10.74,-0.03,1,1074,卖盘
292,09:59:27,10.74,0.0,37,39738,卖盘
293,09:59:36,10.77,0.03,1,1077,买盘
294,09:59:49,10.74,-0.03,1,1074,卖盘
295,09:59:58,10.74,0.0,2,2148,卖盘
296,10:01:28,10.74,0.0,32,34368,卖盘
297,10:01:46,10.74,0.0,9,9666,买盘
298,10:02:37,10.75,0.01,25,26875,买盘
299,10:02:40,10.75,0.0,3,3225,买盘
300,10:02:46,10.74,-0.01,19,20406,卖盘
301,10:02:49,10.74,0.0,1,1074,卖盘
302,10:02:55,10.74,0.0,1,1074,卖盘
303,10:03:01,10.74,0.0,1,1074,卖盘
304,10:03:06,10.74,0.0,19,20406,卖盘
305,10:03:25,10.72,-0.02,20,21440,卖盘
306,10:03:27,10.72,0.0,8,8588,卖盘
307,10:03:34,10.72,0.0,31,33232,买盘
308,10:03:40,10.72,0.0,4,4288,买盘
309,10:04:19,10.72,0.0,4,4288,卖盘
310,10:04:28,10.72,0.0,1,1072,卖盘
311,10:04:55,10.73,0.01,4,4292,买盘
312,10:05:28,10.72,-0.01,36,38592,卖盘
313,10:06:09,10.72,0.0,1,1072,卖盘
314,10:06:21,10.72,0.0,19,20368,卖盘
315,10:07:21,10.71,-0.01,50,53550,卖盘
316,10:07:27,10.71,0.0,18,19278,卖盘
317,10:07:55,10.71,0.0,10,10705,买盘
318,10:08:36,10.7,-0.01,10,10702,卖盘
319,10:09:10,10.71,0.01,1,1071,卖盘
320,10:09:18,10.71,0.0,10,10710,卖盘
321,10:09:28,10.71,0.0,16,17136,卖盘
322,10:09:42,10.7,-0.01,1,1070,卖盘
323,10:10:04,10.7,0.0,66,70620,卖盘
324,10:10:13,10.7,0.0,50,53500,卖盘
325,10:10:27,10.69,-0.01,1,1069,卖盘
326,10:10:31,10.7,0.01,51,54570,买盘
327,10:10:33,10.7,0.0,15,16050,买盘
328,10:10:54,10.72,0.02,13,13936,买盘
329,10:11:10,10.72,0.0,42,45024,买盘
330,10:11:15,10.7,-0.02,149,159455,卖盘
331,10:11:28,10.7,0.0,1,1070,卖盘
332,10:11:39,10.71,0.01,1,1071,买盘
333,10:12:07,10.71,0.0,35,37485,买盘
334,10:12:09,10.71,0.0,1,1071,卖盘
335,10:12:28,10.71,0.0,2,2142,卖盘
336,10:13:00,10.71,0.0,10,10710,卖盘
337,10:13:12,10.71,0.0,16,17136,卖盘
338,10:13:31,10.7,-0.01,37,39590,卖盘
339,10:13:49,10.7,0.0,1,1070,卖盘
340,10:13:52,10.7,0.0,43,46010,卖盘
341,10:14:04,10.7,0.0,1,1070,中性盘
342,10:14:16,10.69,-0.01,9,9621,卖盘
343,10:15:09,10.69,0.0,1,1069,卖盘
344,10:15:22,10.69,0.0,131,140044,卖盘
345,10:15:27,10.68,-0.01,41,43788,卖盘
346,10:15:30,10.68,0.0,86,91848,卖盘
347,10:15:33,10.68,0.0,10,10689,卖盘
348,10:15:36,10.68,0.0,38,40584,卖盘
349,10:15:43,10.68,0.0,89,95052,买盘
350,10:15:49,10.68,0.0,12,12816,卖盘
351,10:15:51,10.68,0.0,1,1068,卖盘
352,10:15:55,10.68,0.0,1,1068,卖盘
353,10:15:58,10.67,-0.01,4,4270,卖盘
354,10:16:04,10.68,0.01,20,21360,买盘
355,10:16:09,10.68,0.0,19,20292,卖盘
356,10:16:13,10.68,0.0,24,25632,卖盘
357,10:16:16,10.69,0.01,6,6413,买盘
358,10:16:22,10.69,0.0,34,36346,卖盘
359,10:16:24,10.68,-0.01,19,20292,卖盘
360,10:16:34,10.68,0.0,55,58740,卖盘
361,10:16:48,10.67,-0.01,3,3201,卖盘
362,10:17:16,10.67,0.0,72,76824,卖盘
363,10:17:31,10.66,-0.01,36,38376,卖盘
364,10:17:52,10.66,0.0,16,17056,卖盘
365,10:17:58,10.66,0.0,10,10660,卖盘
366,10:18:00,10.66,0.0,10,10660,卖盘
367,10:18:04,10.66,0.0,84,89544,卖盘
368,10:18:06,10.66,0.0,19,20254,买盘
369,10:18:13,10.66,0.0,24,25584,买盘
370,10:18:16,10.66,0.0,10,10660,买盘
371,10:18:28,10.66,0.0,11,11726,买盘
372,10:18:31,10.65,-0.01,10,10650,卖盘
373,10:18:42,10.65,0.0,188,200220,卖盘
374,10:19:06,10.65,0.0,20,21300,买盘
375,10:19:13,10.63,-0.02,71,75476,卖盘
376,10:19:16,10.64,0.01,5,5320,买盘
377,10:19:19,10.64,0.0,20,21280,买盘
378,10:19:22,10.62,-0.02,678,720091,卖盘
379,10:19:25,10.63,0.01,26,27638,中性盘
380,10:19:28,10.62,-0.01,24,25488,卖盘
381,10:19:31,10.62,0.0,13,13811,卖盘
382,10:19:33,10.62,0.0,20,21240,买盘
383,10:19:36,10.62,0.0,5,5310,买盘
384,10:19:39,10.61,-0.01,127,134766,卖盘
385,10:19:42,10.61,0.0,3,3183,买盘
386,10:19:46,10.62,0.01,29,30798,卖盘
387,10:19:55,10.6,-0.02,18,19080,卖盘
388,10:19:58,10.6,0.0,142,150520,卖盘
389,10:20:01,10.61,0.01,35,37133,买盘
390,10:20:04,10.61,0.0,7,7427,买盘
391,10:20:12,10.61,0.0,10,10610,买盘
392,10:20:16,10.59,-0.02,1,1059,卖盘
393,10:20:33,10.6,0.01,20,21200,卖盘
394,10:20:36,10.61,0.01,146,154826,买盘
395,10:20:55,10.61,0.0,1,1061,卖盘
396,10:21:01,10.63,0.02,60,63779,买盘
397,10:21:06,10.61,-0.02,2,2122,卖盘
398,10:21:16,10.62,0.01,1,1062,卖盘
399,10:21:30,10.63,0.01,40,42485,买盘
400,10:21:37,10.62,-0.01,1,1062,卖盘
401,10:21:55,10.62,0.0,1,1062,卖盘
402,10:22:04,10.62,0.0,51,54182,卖盘
403,10:22:13,10.62,0.0,33,35046,买盘
404,10:22:16,10.61,-0.01,212,225338,卖盘
405,10:22:34,10.63,0.02,5,5315,买盘
406,10:22:37,10.62,-0.01,83,88218,卖盘
407,10:22:43,10.61,-0.01,7,7428,卖盘
408,10:22:49,10.62,0.01,6,6372,买盘
409,10:22:55,10.63,0.01,1,1063,卖盘
410,10:23:10,10.63,0.0,4,4252,卖盘
411,10:23:13,10.62,-0.01,4,4248,卖盘
412,10:23:16,10.64,0.02,78,82989,买盘
413,10:23:18,10.65,0.01,119,126713,买盘
414,10:23:28,10.65,0.0,7,7455,卖盘
415,10:23:34,10.63,-0.02,22,23386,中性盘
416,10:23:37,10.62,-0.01,1,1062,卖盘
417,10:23:46,10.63,0.01,19,20197,卖盘
418,10:23:55,10.62,-0.01,1,1062,卖盘
419,10:24:16,10.62,0.0,1,1062,卖盘
420,10:24:28,10.65,0.03,1,1065,买盘
421,10:24:58,10.65,0.0,29,30883,买盘
422,10:25:09,10.65,0.0,4,4260,买盘
423,10:25:16,10.65,0.0,4,4260,买盘
424,10:25:19,10.64,-0.01,1,1064,卖盘
425,10:25:30,10.64,0.0,36,38304,卖盘
426,10:25:36,10.64,0.0,1,1064,卖盘
427,10:25:42,10.65,0.01,10,10650,买盘
428,10:25:57,10.64,-0.01,1,1064,卖盘
429,10:26:19,10.64,0.0,1,1064,卖盘
430,10:26:25,10.63,-0.01,174,185027,卖盘
431,10:26:55,10.63,0.0,1,1063,买盘
432,10:26:58,10.62,-0.01,11,11692,卖盘
433,10:27:01,10.62,0.0,85,90280,卖盘
434,10:27:10,10.63,0.01,6,6378,买盘
435,10:27:12,10.63,0.0,10,10630,卖盘
436,10:27:19,10.63,0.0,1,1063,卖盘
437,10:27:33,10.63,0.0,3,3189,卖盘
438,10:27:42,10.63,0.0,10,10630,买盘
439,10:27:58,10.62,-0.01,1,1062,卖盘
440,10:28:13,10.63,0.01,23,24449,买盘
441,10:28:16,10.63,0.0,1,1063,买盘
442,10:28:19,10.63,0.0,1,1063,卖盘
443,10:28:40,10.63,0.0,1,1063,卖盘
444,10:29:19,10.64,0.01,1,1064,卖盘
445,10:29:22,10.65,0.01,13,13845,买盘
446,10:29:31,10.64,-0.01,17,18088,卖盘
447,10:29:39,10.64,0.0,22,23408,买盘
448,10:30:01,10.64,0.0,1,1064,卖盘
449,10:30:10,10.65,0.01,3,3195,买盘
450,10:30:21,10.66,0.01,269,286754,买盘
451,10:30:28,10.66,0.0,1,1066,卖盘
452,10:30:39,10.66,0.0,1,1066,卖盘
453,10:30:58,10.66,0.0,40,42640,卖盘
454,10:31:22,10.66,0.0,27,28782,卖盘
455,10:31:31,10.65,-0.01,37,39405,卖盘
456,10:31:33,10.65,0.0,4,4260,卖盘
457,10:31:39,10.65,0.0,9,9585,卖盘
458,10:31:46,10.68,0.03,108,115286,买盘
459,10:31:49,10.68,0.0,17,18156,卖盘
460,10:31:55,10.68,0.0,73,77964,卖盘
461,10:32:01,10.68,0.0,66,70488,卖盘
462,10:32:06,10.68,0.0,100,106800,卖盘
463,10:32:13,10.68,0.0,32,34176,卖盘
464,10:32:16,10.68,0.0,8,8544,卖盘
465,10:32:19,10.68,0.0,14,14952,卖盘
466,10:32:22,10.68,0.0,17,18156,卖盘
467,10:32:25,10.68,0.0,1,1068,卖盘
468,10:32:43,10.68,0.0,1,1068,卖盘
469,10:32:46,10.68,0.0,98,104664,卖盘
470,10:33:25,10.65,-0.03,1,1065,卖盘
471,10:33:28,10.68,0.03,5,5340,买盘
472,10:33:33,10.65,-0.03,26,27690,卖盘
473,10:33:40,10.65,0.0,13,13845,买盘
474,10:33:42,10.64,-0.01,1,1064,卖盘
475,10:33:49,10.65,0.01,1,1065,中性盘
476,10:34:04,10.65,0.0,1,1065,卖盘
477,10:34:25,10.65,0.0,1,1065,卖盘
478,10:34:28,10.63,-0.02,115,122346,卖盘
479,10:34:42,10.64,0.01,1,1064,卖盘
480,10:35:19,10.64,0.0,5,5320,卖盘
481,10:35:25,10.65,0.01,1,1065,中性盘
482,10:35:33,10.65,0.0,7,7455,卖盘
483,10:35:46,10.64,-0.01,1,1064,卖盘
484,10:35:51,10.65,0.01,12,12780,买盘
485,10:35:57,10.65,0.0,13,13845,买盘
486,10:36:07,10.64,-0.01,1,1064,卖盘
487,10:36:21,10.65,0.01,1,1065,买盘
488,10:36:24,10.64,-0.01,1,1064,卖盘
489,10:36:27,10.65,0.01,10,10650,买盘
490,10:36:33,10.65,0.0,12,12780,买盘
491,10:36:39,10.65,0.0,8,8520,卖盘
492,10:36:45,10.65,0.0,1,1065,卖盘
493,10:37:04,10.65,0.0,1,1065,卖盘
494,10:37:31,10.67,0.02,1,1067,买盘
495,10:37:34,10.66,-0.01,37,39442,卖盘
496,10:37:39,10.67,0.01,3,3201,买盘
497,10:37:45,10.66,-0.01,18,19205,卖盘
498,10:37:55,10.67,0.01,1,1067,买盘
499,10:37:58,10.67,0.0,7,7469,买盘
500,10:38:06,10.67,0.0,39,41651,卖盘
501,10:38:25,10.69,0.02,2,2138,买盘
502,10:38:27,10.67,-0.02,1,1067,卖盘
503,10:38:46,10.67,0.0,1,1067,卖盘
504,10:39:07,10.67,0.0,1,1067,卖盘
505,10:39:34,10.67,0.0,16,17072,卖盘
506,10:39:49,10.66,-0.01,1,1066,卖盘
507,10:39:55,10.67,0.01,20,21340,买盘
508,10:40:06,10.66,-0.01,1,1066,卖盘
509,10:40:28,10.66,0.0,1,1066,卖盘
510,10:40:48,10.66,0.0,1,1066,卖盘
511,10:41:10,10.66,0.0,1,1066,卖盘
512,10:41:34,10.66,0.0,38,40508,卖盘
513,10:41:52,10.66,0.0,1,1066,卖盘
514,10:41:54,10.67,0.01,6,6402,买盘
515,10:42:10,10.66,-0.01,1,1066,卖盘
516,10:42:13,10.66,0.0,1,1066,卖盘
517,10:42:30,10.66,0.0,1,1066,卖盘
518,10:42:52,10.66,0.0,10,10669,卖盘
519,10:43:09,10.66,0.0,1,1066,卖盘
520,10:43:34,10.66,0.0,26,27716,卖盘
521,10:43:51,10.65,-0.01,6,6390,卖盘
522,10:44:12,10.65,0.0,1,1065,卖盘
523,10:44:34,10.65,0.0,1,1065,卖盘
524,10:44:52,10.65,0.0,1,1065,卖盘
525,10:45:13,10.65,0.0,1,1065,卖盘
526,10:45:15,10.66,0.01,2,2132,买盘
527,10:45:22,10.65,-0.01,7,7455,卖盘
528,10:45:33,10.65,0.0,18,19170,卖盘
529,10:45:46,10.64,-0.01,14,14896,卖盘
530,10:45:51,10.64,0.0,6,6384,卖盘
531,10:45:55,10.64,0.0,1,1064,卖盘
532,10:46:00,10.64,0.0,29,30856,卖盘
533,10:46:16,10.64,0.0,1,1064,卖盘
534,10:46:19,10.64,0.0,40,42560,卖盘
535,10:46:25,10.64,0.0,10,10642,卖盘
536,10:46:31,10.63,-0.01,170,180742,卖盘
537,10:46:54,10.63,0.0,1,1063,卖盘
538,10:47:15,10.63,0.0,1,1063,卖盘
539,10:47:18,10.64,0.01,2,2128,买盘
540,10:47:24,10.64,0.0,6,6384,卖盘
541,10:47:30,10.64,0.0,5,5320,卖盘
542,10:47:37,10.64,0.0,25,26600,卖盘
543,10:47:54,10.63,-0.01,88,93547,卖盘
544,10:48:04,10.64,0.01,10,10640,买盘
545,10:48:16,10.63,-0.01,1,1063,卖盘
546,10:48:36,10.63,0.0,1,1063,卖盘
547,10:48:55,10.64,0.01,20,21280,卖盘
548,10:49:16,10.63,-0.01,1,1063,卖盘
549,10:49:36,10.63,0.0,35,37205,卖盘
550,10:49:58,10.63,0.0,1,1063,卖盘
551,10:50:00,10.63,0.0,30,31890,卖盘
552,10:50:16,10.63,0.0,1,1063,卖盘
553,10:50:24,10.63,0.0,43,45709,卖盘
554,10:50:27,10.63,0.0,85,90355,卖盘
555,10:50:36,10.63,0.0,1,1063,卖盘
556,10:50:43,10.63,0.0,18,19134,卖盘
557,10:50:54,10.63,0.0,12,12756,卖盘
558,10:51:19,10.62,-0.01,1,1062,卖盘
559,10:51:36,10.62,0.0,35,37170,卖盘
560,10:51:55,10.62,0.0,8,8496,卖盘
561,10:52:00,10.62,0.0,1,1062,卖盘
562,10:52:19,10.62,0.0,1,1062,卖盘
563,10:52:40,10.62,0.0,1,1062,卖盘
564,10:52:46,10.62,0.0,2,2124,卖盘
565,10:53:01,10.62,0.0,1,1062,卖盘
566,10:53:07,10.63,0.01,9,9567,买盘
567,10:53:19,10.62,-0.01,1,1062,卖盘
568,10:53:36,10.62,0.0,36,38232,卖盘
569,10:53:39,10.62,0.0,1,1062,卖盘
570,10:53:46,10.63,0.01,3,3189,买盘
571,10:53:55,10.63,0.0,30,31890,买盘
572,10:54:13,10.64,0.01,5,5320,买盘
573,10:54:21,10.63,-0.01,1,1063,卖盘
574,10:54:40,10.63,0.0,1,1063,卖盘
575,10:55:01,10.63,0.0,1,1063,卖盘
576,10:55:21,10.63,0.0,1,1063,卖盘
577,10:55:31,10.64,0.01,6,6384,买盘
578,10:55:34,10.64,0.0,4,4256,卖盘
579,10:55:37,10.63,-0.01,38,40394,卖盘
580,10:55:43,10.63,0.0,1,1063,卖盘
581,10:56:01,10.63,0.0,1,1063,卖盘
582,10:56:37,10.64,0.01,5,5320,买盘
583,10:56:43,10.63,-0.01,1,1063,卖盘
584,10:57:01,10.63,0.0,1,1063,卖盘
585,10:57:25,10.63,0.0,1,1063,卖盘
586,10:57:43,10.63,0.0,1,1063,卖盘
587,10:57:46,10.63,0.0,36,38268,卖盘
588,10:58:03,10.62,-0.01,1,1062,卖盘
589,10:58:28,10.62,0.0,50,53100,卖盘
590,10:58:31,10.63,0.01,12,12756,买盘
591,10:58:45,10.62,-0.01,1,1062,卖盘
592,10:58:48,10.62,0.0,20,21240,卖盘
593,10:59:04,10.62,0.0,1,1062,卖盘
594,10:59:25,10.62,0.0,37,39294,卖盘
595,10:59:43,10.64,0.02,5,5320,买盘
596,10:59:45,10.62,-0.02,1,1062,卖盘
597,10:59:48,10.64,0.02,6,6384,买盘
598,10:59:55,10.64,0.0,2,2128,卖盘
599,11:00:07,10.62,-0.02,1,1062,卖盘
600,11:00:25,10.62,0.0,1,1062,卖盘
601,11:01:07,10.62,0.0,37,39294,卖盘
602,11:01:28,10.62,0.0,1,1062,卖盘
603,11:01:36,10.62,0.0,5,5310,卖盘
604,11:01:45,10.63,0.01,4,4251,买盘
605,11:02:07,10.62,-0.01,1,1062,卖盘
606,11:02:10,10.63,0.01,1,1063,买盘
607,11:02:16,10.63,0.0,7,7441,卖盘
608,11:02:27,10.63,0.0,1,1063,卖盘
609,11:02:36,10.63,0.0,17,18071,卖盘
610,11:02:46,10.63,0.0,35,37205,卖盘
611,11:02:52,10.64,0.01,5,5320,买盘
612,11:03:09,10.63,-0.01,1,1063,卖盘
613,11:03:12,10.64,0.01,6,6384,买盘
614,11:03:19,10.64,0.0,10,10640,买盘
615,11:03:28,10.63,-0.01,1,1063,卖盘
616,11:03:43,10.63,0.0,3,3189,卖盘
617,11:03:49,10.63,0.0,1,1063,卖盘
618,11:03:51,10.63,0.0,1,1063,卖盘
619,11:04:09,10.63,0.0,1,1063,卖盘
620,11:04:16,10.63,0.0,1,1063,卖盘
621,11:04:22,10.63,0.0,14,14882,卖盘
622,11:04:31,10.62,-0.01,1,1062,卖盘
623,11:04:52,10.62,0.0,38,40356,卖盘
624,11:05:04,10.62,0.0,4,4248,买盘
625,11:05:31,10.61,-0.01,1,1061,卖盘
626,11:05:37,10.62,0.01,32,33984,买盘
627,11:05:42,10.62,0.0,26,27612,买盘
628,11:05:45,10.62,0.0,6,6372,买盘
629,11:05:48,10.62,0.0,1,1062,卖盘
630,11:06:07,10.62,0.0,37,39309,卖盘
631,11:06:16,10.62,0.0,103,109386,卖盘
632,11:06:18,10.63,0.01,1,1063,买盘
633,11:06:24,10.63,0.0,7,7441,卖盘
634,11:06:31,10.63,0.0,1,1063,卖盘
635,11:06:37,10.63,0.0,1,1063,买盘
636,11:06:39,10.63,0.0,4,4252,买盘
637,11:06:42,10.62,-0.01,50,53101,卖盘
638,11:06:52,10.62,0.0,1,1062,卖盘
639,11:07:22,10.63,0.01,3,3189,买盘
640,11:07:30,10.63,0.0,1,1063,卖盘
641,11:07:46,10.63,0.0,37,39331,卖盘
642,11:07:48,10.63,0.0,9,9567,卖盘
643,11:07:51,10.63,0.0,6,6378,买盘
644,11:08:04,10.63,0.0,1,1063,买盘
645,11:08:13,10.62,-0.01,1,1062,卖盘
646,11:08:30,10.62,0.0,1,1062,卖盘
647,11:08:46,10.62,0.0,24,25488,卖盘
648,11:08:49,10.63,0.01,20,21260,买盘
649,11:08:51,10.62,-0.01,34,36108,卖盘
650,11:09:10,10.61,-0.01,1,1061,卖盘
651,11:09:13,10.61,0.0,1,1061,卖盘
652,11:09:21,10.62,0.01,10,10620,买盘
653,11:09:28,10.62,0.0,44,46691,买盘
654,11:09:33,10.62,0.0,3,3186,买盘
655,11:09:37,10.62,0.0,3,3186,买盘
656,11:09:39,10.62,0.0,2,2124,买盘
657,11:09:43,10.62,0.0,1,1062,买盘
658,11:09:45,10.62,0.0,2,2124,买盘
659,11:09:51,10.61,-0.01,1,1061,卖盘
660,11:10:15,10.61,0.0,1,1061,卖盘
661,11:10:33,10.61,0.0,1,1061,卖盘
662,11:10:55,10.61,0.0,1,1061,卖盘
663,11:11:06,10.61,0.0,38,40318,卖盘
664,11:11:16,10.61,0.0,1,1061,卖盘
665,11:11:39,10.63,0.02,1,1063,买盘
666,11:11:57,10.63,0.0,1,1063,卖盘
667,11:12:13,10.64,0.01,4,4256,买盘
668,11:12:18,10.64,0.0,3,3192,卖盘
669,11:12:30,10.64,0.0,10,10640,买盘
670,11:12:37,10.63,-0.01,1,1063,卖盘
671,11:12:48,10.63,0.0,9,9567,卖盘
672,11:12:57,10.62,-0.01,1,1062,卖盘
673,11:13:25,10.62,0.0,1,1062,卖盘
674,11:13:40,10.62,0.0,13,13806,卖盘
675,11:13:58,10.61,-0.01,1,1061,卖盘
676,11:14:03,10.62,0.01,10,10620,买盘
677,11:14:09,10.62,0.0,8,8496,买盘
678,11:14:19,10.62,0.0,1,1062,卖盘
679,11:14:28,10.62,0.0,14,14868,卖盘
680,11:14:40,10.62,0.0,23,24425,买盘
681,11:15:00,10.62,0.0,1,1062,卖盘
682,11:15:15,10.62,0.0,3,3186,卖盘
683,11:15:18,10.62,0.0,1,1062,卖盘
684,11:16:01,10.62,0.0,1,1062,卖盘
685,11:16:06,10.62,0.0,33,35046,卖盘
686,11:16:21,10.61,-0.01,1,1061,卖盘
687,11:16:40,10.61,0.0,5,5305,卖盘
688,11:16:43,10.62,0.01,6,6371,买盘
689,11:16:46,10.62,0.0,1,1062,买盘
690,11:16:52,10.63,0.01,1,1063,买盘
691,11:17:01,10.63,0.0,1,1063,卖盘
692,11:17:13,10.64,0.01,9,9576,买盘
693,11:17:22,10.63,-0.01,1,1063,卖盘
694,11:17:46,10.64,0.01,82,87248,买盘
695,11:17:48,10.63,-0.01,34,36160,卖盘
696,11:17:54,10.63,0.0,1,1063,买盘
697,11:18:01,10.63,0.0,1,1063,卖盘
698,11:18:22,10.63,0.0,1,1063,卖盘
699,11:18:43,10.63,0.0,1,1063,卖盘
700,11:19:04,10.63,0.0,1,1063,卖盘
701,11:19:24,10.63,0.0,1,1063,卖盘
702,11:19:27,10.63,0.0,7,7441,卖盘
703,11:19:43,10.63,0.0,28,29764,买盘
704,11:20:04,10.63,0.0,1,1063,卖盘
705,11:20:24,10.63,0.0,1,1063,卖盘
706,11:20:34,10.63,0.0,2,2126,卖盘
707,11:20:45,10.63,0.0,1,1063,卖盘
708,11:21:06,10.63,0.0,1,1063,卖盘
709,11:21:10,10.63,0.0,37,39331,卖盘
710,11:21:24,10.63,0.0,1,1063,卖盘
711,11:21:36,10.63,0.0,6,6378,卖盘
712,11:21:57,10.63,0.0,9,9567,卖盘
713,11:22:09,10.64,0.01,1,1064,买盘
714,11:22:16,10.64,0.0,1,1064,卖盘
715,11:22:22,10.64,0.0,1,1064,卖盘
716,11:22:27,10.64,0.0,1,1064,卖盘
717,11:22:48,10.64,0.0,27,28728,卖盘
718,11:22:54,10.63,-0.01,1,1063,卖盘
719,11:23:22,10.64,0.01,2,2128,买盘
720,11:23:27,10.64,0.0,9,9576,买盘
721,11:24:31,10.64,0.0,36,38304,卖盘
722,11:24:34,10.64,0.0,10,10640,卖盘
723,11:24:40,10.64,0.0,3,3192,卖盘
724,11:24:48,10.64,0.0,1,1064,卖盘
725,11:24:55,10.64,0.0,1,1064,卖盘
726,11:24:57,10.64,0.0,3,3192,卖盘
727,11:25:00,10.64,0.0,6,6384,卖盘
728,11:25:04,10.65,0.01,12,12774,买盘
729,11:25:06,10.64,-0.01,5,5320,卖盘
730,11:25:09,10.64,0.0,3,3192,卖盘
731,11:25:13,10.64,0.0,5,5320,卖盘
732,11:25:15,10.64,0.0,4,4256,卖盘
733,11:25:18,10.64,0.0,4,4256,卖盘
734,11:25:21,10.64,0.0,5,5320,卖盘
735,11:25:24,10.63,-0.01,7,7447,卖盘
736,11:26:09,10.63,0.0,37,39331,卖盘
737,11:26:18,10.63,0.0,1,1063,卖盘
738,11:26:21,10.64,0.01,12,12768,买盘
739,11:26:24,10.63,-0.01,3,3189,卖盘
740,11:26:51,10.63,0.0,59,62717,卖盘
741,11:26:57,10.62,-0.01,3,3186,卖盘
742,11:27:00,10.63,0.01,1,1063,买盘
743,11:27:03,10.63,0.0,24,25512,买盘
744,11:27:19,10.63,0.0,266,282758,买盘
745,11:27:51,10.63,0.0,34,36142,卖盘
746,11:27:58,10.63,0.0,1,1063,买盘
747,11:29:19,10.64,0.01,3,3192,买盘
748,11:29:24,10.65,0.01,2,2130,买盘
749,13:00:06,10.65,0.0,217,230794,买盘
750,13:00:12,10.65,0.0,10,10650,买盘
751,13:00:15,10.65,0.0,6,6390,买盘
752,13:00:54,10.66,0.01,3,3198,卖盘
753,13:01:12,10.65,-0.01,19,20235,卖盘
754,13:01:31,10.64,-0.01,4,4256,卖盘
755,13:02:04,10.63,-0.01,131,139253,卖盘
756,13:02:09,10.62,-0.01,23,24426,卖盘
757,13:02:12,10.62,0.0,8,8496,卖盘
758,13:02:15,10.62,0.0,40,42480,卖盘
759,13:02:18,10.61,-0.01,31,32910,卖盘
760,13:02:21,10.61,0.0,4,4244,卖盘
761,13:02:24,10.61,0.0,11,11671,卖盘
762,13:02:28,10.61,0.0,5,5305,卖盘
763,13:02:36,10.61,0.0,40,42440,卖盘
764,13:02:43,10.61,0.0,33,35013,卖盘
765,13:02:51,10.61,0.0,36,38196,卖盘
766,13:02:57,10.61,0.0,10,10610,卖盘
767,13:03:00,10.61,0.0,10,10610,卖盘
768,13:03:07,10.61,0.0,18,19098,卖盘
769,13:03:09,10.61,0.0,16,16964,买盘
770,13:03:12,10.6,-0.01,5,5300,卖盘
771,13:03:15,10.6,0.0,9,9540,卖盘
772,13:03:18,10.6,0.0,21,22260,卖盘
773,13:03:21,10.6,0.0,4,4240,卖盘
774,13:03:37,10.6,0.0,59,62540,卖盘
775,13:03:43,10.6,0.0,13,13780,卖盘
776,13:04:33,10.59,-0.01,36,38124,卖盘
777,13:04:39,10.59,0.0,8,8472,卖盘
778,13:04:42,10.58,-0.01,6,6348,卖盘
779,13:04:45,10.59,0.01,1,1059,买盘
780,13:05:18,10.59,0.0,10,10590,买盘
781,13:06:12,10.58,-0.01,38,40204,卖盘
782,13:06:34,10.59,0.01,1,1059,买盘
783,13:07:00,10.59,0.0,1,1059,卖盘
784,13:07:55,10.59,0.0,35,37065,卖盘
785,13:08:00,10.59,0.0,6,6354,卖盘
786,13:08:04,10.58,-0.01,6,6350,卖盘
787,13:08:49,10.58,0.0,36,38088,卖盘
788,13:09:04,10.57,-0.01,10,10570,卖盘
789,13:09:06,10.57,0.0,12,12684,卖盘
790,13:09:09,10.57,0.0,4,4228,卖盘
791,13:09:33,10.57,0.0,46,48632,卖盘
792,13:10:46,10.58,0.01,13,13754,买盘
793,13:10:49,10.58,0.0,3,3174,买盘
794,13:11:12,10.58,0.0,8,8464,卖盘
795,13:11:28,10.58,0.0,7,7406,买盘
796,13:11:31,10.58,0.0,22,23276,买盘
797,13:12:12,10.59,0.01,10,10590,买盘
798,13:12:54,10.59,0.0,37,39183,卖盘
799,13:13:21,10.6,0.01,13,13780,买盘
800,13:13:27,10.6,0.0,2,2120,买盘
801,13:13:37,10.6,0.0,41,43460,买盘
802,13:13:39,10.59,-0.01,50,52984,卖盘
803,13:14:33,10.59,0.0,12,12708,卖盘
804,13:14:54,10.59,0.0,9,9531,买盘
805,13:14:57,10.59,0.0,5,5295,买盘
806,13:15:00,10.58,-0.01,3,3174,卖盘
807,13:15:03,10.59,0.01,3,3177,买盘
808,13:15:12,10.59,0.0,9,9531,买盘
809,13:16:15,10.59,0.0,5,5295,卖盘
810,13:16:24,10.58,-0.01,100,105800,卖盘
811,13:17:04,10.59,0.01,30,31770,买盘
812,13:17:55,10.59,0.0,37,39183,卖盘
813,13:18:43,10.6,0.01,10,10600,买盘
814,13:19:07,10.59,-0.01,11,11649,卖盘
815,13:19:12,10.59,0.0,19,20121,卖盘
816,13:19:15,10.6,0.01,4,4240,买盘
817,13:19:18,10.59,-0.01,2,2118,卖盘
818,13:19:24,10.59,0.0,1,1059,卖盘
819,13:19:37,10.58,-0.01,35,37030,卖盘
820,13:19:45,10.58,0.0,8,8464,卖盘
821,13:20:12,10.58,0.0,2,2116,卖盘
822,13:20:25,10.58,0.0,77,81466,卖盘
823,13:20:43,10.57,-0.01,11,11627,卖盘
824,13:20:55,10.58,0.01,1,1058,买盘
825,13:21:04,10.57,-0.01,33,34881,卖盘
826,13:21:19,10.57,0.0,37,39109,卖盘
827,13:21:48,10.57,0.0,87,91968,卖盘
828,13:22:13,10.57,0.0,14,14798,买盘
829,13:22:33,10.57,0.0,12,12684,买盘
830,13:22:36,10.56,-0.01,74,78144,卖盘
831,13:22:58,10.56,0.0,15,15840,卖盘
832,13:23:37,10.55,-0.01,1,1055,卖盘
833,13:23:40,10.55,0.0,10,10550,卖盘
834,13:23:42,10.55,0.0,1,1055,卖盘
835,13:24:16,10.56,0.01,1,1056,买盘
836,13:24:21,10.56,0.0,1,1056,买盘
837,13:24:24,10.56,0.0,65,68595,买盘
838,13:24:36,10.56,0.0,37,39072,卖盘
839,13:24:51,10.56,0.0,25,26400,卖盘
840,13:24:57,10.56,0.0,6,6336,买盘
841,13:25:10,10.56,0.0,93,98208,买盘
842,13:25:27,10.58,0.02,4,4232,买盘
843,13:25:42,10.58,0.0,10,10580,买盘
844,13:26:19,10.57,-0.01,38,40131,买盘
845,13:26:25,10.57,0.0,10,10570,卖盘
846,13:26:58,10.57,0.0,10,10570,买盘
847,13:27:58,10.57,0.0,40,42245,买盘
848,13:28:21,10.54,-0.03,286,301508,卖盘
849,13:28:24,10.54,0.0,38,40052,买盘
850,13:28:27,10.54,0.0,17,17918,买盘
851,13:28:30,10.54,0.0,25,26350,买盘
852,13:28:49,10.53,-0.01,1,1053,卖盘
853,13:29:36,10.53,0.0,32,33696,卖盘
854,13:29:45,10.53,0.0,6,6318,买盘
855,13:30:00,10.53,0.0,166,174803,卖盘
856,13:30:07,10.54,0.01,5,5270,买盘
857,13:30:13,10.53,-0.01,9,9477,卖盘
858,13:30:37,10.53,0.0,80,84240,卖盘
859,13:31:04,10.54,0.01,9,9486,买盘
860,13:31:07,10.54,0.0,5,5270,买盘
861,13:31:19,10.54,0.0,39,41071,买盘
862,13:31:30,10.54,0.0,50,52700,买盘
863,13:32:31,10.55,0.01,23,24265,买盘
864,13:32:46,10.55,0.0,1,1055,买盘
865,13:32:52,10.55,0.0,36,37980,买盘
866,13:32:55,10.55,0.0,16,16880,买盘
867,13:32:57,10.54,-0.01,35,36902,卖盘
868,13:33:51,10.54,0.0,150,158110,卖盘
869,13:34:07,10.54,0.0,32,33728,买盘
870,13:34:30,10.54,0.0,1,1360,买盘
871,13:34:39,10.54,0.0,15,15504,卖盘
872,13:34:45,10.54,0.0,18,18972,买盘
873,13:34:52,10.54,0.0,2,2414,买盘
874,13:35:31,10.54,0.0,83,87204,卖盘
875,13:35:48,10.53,-0.01,28,29484,卖盘
876,13:36:19,10.53,0.0,38,40014,卖盘
877,13:36:45,10.54,0.01,2,2108,买盘
878,13:37:04,10.54,0.0,2,2108,买盘
879,13:37:10,10.54,0.0,1,1054,买盘
880,13:37:28,10.54,0.0,1,1054,买盘
881,13:37:31,10.5,-0.04,550,578244,卖盘
882,13:37:37,10.51,0.01,6,6304,中性盘
883,13:37:42,10.51,0.0,10,10510,买盘
884,13:37:52,10.51,0.0,6,6306,卖盘
885,13:38:01,10.5,-0.01,38,39901,卖盘
886,13:38:04,10.51,0.01,4,4203,买盘
887,13:38:42,10.51,0.0,7,7357,卖盘
888,13:38:48,10.51,0.0,3,3153,买盘
889,13:38:52,10.51,0.0,1,1051,买盘
890,13:39:39,10.51,0.0,10,10510,卖盘
891,13:39:52,10.51,0.0,29,30478,买盘
892,13:39:58,10.52,0.01,3,3156,买盘
893,13:40:34,10.53,0.01,1,1053,中性盘
894,13:40:37,10.54,0.01,3,3468,买盘
895,13:40:43,10.54,0.0,1,1054,卖盘
896,13:40:52,10.54,0.0,2,2109,卖盘
897,13:41:06,10.55,0.01,2,2110,买盘
898,13:41:21,10.54,-0.01,43,45363,卖盘
899,13:41:27,10.54,0.0,4,4216,买盘
900,13:41:31,10.54,0.0,1,1054,买盘
901,13:41:34,10.53,-0.01,12,12647,卖盘
902,13:41:37,10.52,-0.01,21,22107,卖盘
903,13:41:42,10.52,0.0,23,24196,卖盘
904,13:41:48,10.51,-0.01,32,33642,卖盘
905,13:41:54,10.55,0.04,10,10550,买盘
906,13:41:57,10.53,-0.02,3,3159,卖盘
907,13:42:04,10.55,0.02,1,1055,买盘
908,13:42:13,10.55,0.0,25,26375,卖盘
909,13:42:37,10.55,0.0,1,1055,卖盘
910,13:42:49,10.56,0.01,15,15840,买盘
911,13:43:01,10.55,-0.01,37,39035,卖盘
912,13:43:09,10.55,0.0,2,2110,卖盘
913,13:43:15,10.55,0.0,20,21100,买盘
914,13:43:19,10.53,-0.02,30,31595,卖盘
915,13:43:34,10.53,0.0,32,33696,卖盘
916,13:43:36,10.53,0.0,20,21060,卖盘
917,13:43:48,10.53,0.0,20,21060,卖盘
918,13:44:16,10.53,0.0,1,1053,卖盘
919,13:44:34,10.54,0.01,2,2108,卖盘
920,13:44:39,10.53,-0.01,34,35802,卖盘
921,13:44:46,10.53,0.0,10,10530,卖盘
922,13:44:49,10.53,0.0,3,3159,卖盘
923,13:45:16,10.53,0.0,1,1053,卖盘
924,13:45:19,10.53,0.0,25,26325,卖盘
925,13:45:31,10.53,0.0,25,26325,卖盘
926,13:45:37,10.53,0.0,26,27378,卖盘
927,13:45:40,10.54,0.01,37,38963,买盘
928,13:45:48,10.52,-0.02,22,23163,卖盘
929,13:46:01,10.52,0.0,12,12624,卖盘
930,13:46:07,10.54,0.02,2,2108,买盘
931,13:46:18,10.53,-0.01,1,1053,卖盘
932,13:46:21,10.53,0.0,35,36855,卖盘
933,13:46:25,10.5,-0.03,200,210241,卖盘
934,13:46:34,10.53,0.03,18,18954,买盘
935,13:46:37,10.53,0.0,1,1053,卖盘
936,13:46:40,10.53,0.0,1,1053,卖盘
937,13:47:19,10.5,-0.03,1,1050,卖盘
938,13:47:22,10.5,0.0,31,32550,卖盘
939,13:47:31,10.5,0.0,28,29400,卖盘
940,13:47:40,10.5,0.0,27,28350,卖盘
941,13:47:51,10.49,-0.01,15,15737,卖盘
942,13:48:01,10.5,0.01,1,1050,卖盘
943,13:48:04,10.5,0.0,38,39900,卖盘
944,13:48:07,10.52,0.02,5,5260,买盘
945,13:48:16,10.5,-0.02,3,3154,卖盘
946,13:48:21,10.52,0.02,2,2104,买盘
947,13:49:00,10.52,0.0,1,1052,卖盘
948,13:49:21,10.51,-0.01,27,28394,卖盘
949,13:49:24,10.55,0.04,27,28485,买盘
950,13:49:28,10.55,0.0,3,3165,卖盘
951,13:49:34,10.51,-0.04,29,30479,卖盘
952,13:49:42,10.51,0.0,50,52550,卖盘
953,13:49:45,10.5,-0.01,1,1050,卖盘
954,13:49:52,10.5,0.0,15,15750,卖盘
955,13:49:55,10.51,0.01,18,18918,买盘
956,13:50:01,10.51,0.0,1,1051,卖盘
957,13:50:25,10.51,0.0,10,10510,卖盘
958,13:50:31,10.51,0.0,3,3153,买盘
959,13:50:36,10.51,0.0,6,6306,买盘
960,13:50:48,10.51,0.0,8,8408,买盘
961,13:50:55,10.5,-0.01,5,5250,卖盘
962,13:51:01,10.5,0.0,1,1050,卖盘
963,13:51:13,10.5,0.0,3,3150,卖盘
964,13:51:21,10.5,0.0,36,37800,卖盘
965,13:51:25,10.5,0.0,88,92400,卖盘
966,13:51:31,10.5,0.0,10,10500,买盘
967,13:51:34,10.48,-0.02,22,23076,卖盘
968,13:51:39,10.48,0.0,1,1048,卖盘
969,13:51:42,10.48,0.0,29,30392,卖盘
970,13:51:48,10.5,0.02,50,52459,买盘
971,13:51:51,10.48,-0.02,24,25152,卖盘
972,13:52:04,10.48,0.0,4,4192,卖盘
973,13:52:09,10.5,0.02,15,15750,买盘
974,13:52:24,10.5,0.0,1,1050,买盘
975,13:52:36,10.49,-0.01,40,41960,卖盘
976,13:52:39,10.49,0.0,11,11539,卖盘
977,13:53:04,10.49,0.0,35,36715,卖盘
978,13:53:15,10.5,0.01,17,17850,买盘
979,13:53:24,10.49,-0.01,23,24127,卖盘
980,13:53:27,10.49,0.0,13,13637,卖盘
981,13:53:34,10.48,-0.01,51,53470,卖盘
982,13:53:43,10.49,0.01,6,6293,买盘
983,13:53:46,10.48,-0.01,25,26200,卖盘
984,13:53:49,10.49,0.01,13,13637,买盘
985,13:53:54,10.49,0.0,30,31470,卖盘
986,13:53:58,10.49,0.0,1,1049,卖盘
987,13:54:07,10.48,-0.01,5,5240,卖盘
988,13:54:21,10.48,0.0,1,1048,卖盘
989,13:54:27,10.48,0.0,1,1048,卖盘
990,13:54:34,10.48,0.0,12,12576,卖盘
991,13:54:40,10.48,0.0,2,2096,卖盘
992,13:54:42,10.48,0.0,35,36680,卖盘
993,13:55:10,10.49,0.01,30,31470,买盘
994,13:55:22,10.48,-0.01,1,1048,卖盘
995,13:55:28,10.48,0.0,27,28296,卖盘
996,13:55:36,10.48,0.0,29,30392,卖盘
997,13:55:39,10.49,0.01,11,11539,买盘
998,13:55:42,10.49,0.0,1,1049,卖盘
999,13:55:46,10.48,-0.01,23,24112,卖盘
1000,13:55:57,10.47,-0.01,22,23045,卖盘
1001,13:56:04,10.5,0.03,5,5250,买盘
1002,13:56:07,10.47,-0.03,15,15705,卖盘
1003,13:56:21,10.48,0.01,1,1048,卖盘
1004,13:56:25,10.48,0.0,25,26200,卖盘
1005,13:56:28,10.47,-0.01,3,3141,卖盘
1006,13:56:33,10.48,0.01,1,1048,买盘
1007,13:56:39,10.48,0.0,9,9432,买盘
1008,13:56:42,10.47,-0.01,10,10472,卖盘
1009,13:57:04,10.48,0.01,1,1048,卖盘
1010,13:57:28,10.47,-0.01,26,27244,卖盘
1011,13:57:37,10.5,0.03,24,25140,买盘
1012,13:57:45,10.47,-0.03,3,3143,卖盘
1013,13:57:49,10.47,0.0,10,10470,买盘
1014,13:57:58,10.46,-0.01,29,30334,卖盘
1015,13:58:04,10.45,-0.01,16,16721,卖盘
1016,13:58:10,10.45,0.0,65,67925,卖盘
1017,13:58:15,10.45,0.0,20,20900,卖盘
1018,13:58:18,10.45,0.0,79,82605,卖盘
1019,13:58:21,10.45,0.0,1,1045,卖盘
1020,13:58:34,10.47,0.02,4,4188,买盘
1021,13:58:37,10.45,-0.02,7,7315,卖盘
1022,13:58:48,10.46,0.01,17,17782,中性盘
1023,13:58:51,10.47,0.01,14,14658,买盘
1024,13:58:55,10.47,0.0,2,2094,卖盘
1025,13:59:03,10.47,0.0,1,1047,卖盘
1026,13:59:06,10.48,0.01,38,39824,买盘
1027,13:59:16,10.48,0.0,13,13624,买盘
1028,13:59:25,10.48,0.0,24,25152,买盘
1029,13:59:31,10.48,0.0,30,31414,买盘
1030,13:59:34,10.48,0.0,4,4192,买盘
1031,13:59:40,10.47,-0.01,25,26175,卖盘
1032,13:59:46,10.47,0.0,20,20940,卖盘
1033,13:59:49,10.46,-0.01,7,7322,卖盘
1034,13:59:58,10.45,-0.01,81,84645,卖盘
1035,14:00:04,10.45,0.0,9,9405,卖盘
1036,14:00:13,10.45,0.0,9,9405,买盘
1037,14:00:16,10.43,-0.02,7,7304,卖盘
1038,14:00:19,10.45,0.02,12,12523,买盘
1039,14:00:34,10.45,0.0,4,4180,买盘
1040,14:00:42,10.44,-0.01,2,2088,中性盘
1041,14:00:46,10.45,0.01,8,8353,买盘
1042,14:00:58,10.45,0.0,9,9405,买盘
1043,14:01:04,10.45,0.0,10,10450,卖盘
1044,14:01:24,10.45,0.0,35,36575,卖盘
1045,14:01:31,10.44,-0.01,30,31329,卖盘
1046,14:01:40,10.44,0.0,27,28188,买盘
1047,14:01:45,10.44,0.0,1,1044,卖盘
1048,14:01:52,10.44,0.0,25,26100,卖盘
1049,14:01:57,10.45,0.01,1,1045,买盘
1050,14:02:01,10.43,-0.02,24,25049,卖盘
1051,14:02:22,10.45,0.02,7,7315,买盘
1052,14:02:33,10.48,0.03,3,3144,买盘
1053,14:02:36,10.45,-0.03,1,1045,卖盘
1054,14:02:46,10.45,0.0,1,1045,卖盘
1055,14:03:07,10.45,0.0,38,39710,卖盘
1056,14:03:28,10.45,0.0,1,1045,卖盘
1057,14:03:31,10.47,0.02,4,4188,买盘
1058,14:03:34,10.45,-0.02,32,33464,卖盘
1059,14:03:43,10.45,0.0,35,36575,卖盘
1060,14:03:46,10.47,0.02,5,5235,买盘
1061,14:03:55,10.45,-0.02,19,19855,卖盘
1062,14:04:00,10.44,-0.01,216,225520,卖盘
1063,14:04:21,10.44,0.0,3,3132,买盘
1064,14:04:27,10.44,0.0,1,1044,卖盘
1065,14:04:31,10.46,0.02,4,4184,买盘
1066,14:04:39,10.44,-0.02,20,20884,卖盘
1067,14:04:46,10.45,0.01,3,3135,中性盘
1068,14:04:54,10.44,-0.01,2,2088,卖盘
1069,14:05:04,10.45,0.01,30,31350,买盘
1070,14:05:12,10.45,0.0,5,5225,买盘
1071,14:05:28,10.46,0.01,2,2091,买盘
1072,14:05:31,10.46,0.0,11,11506,买盘
1073,14:05:34,10.45,-0.01,28,29261,卖盘
1074,14:05:42,10.44,-0.01,24,25059,卖盘
1075,14:05:49,10.45,0.01,165,172425,卖盘
1076,14:05:52,10.44,-0.01,26,27170,卖盘
1077,14:05:55,10.46,0.02,7,7322,买盘
1078,14:05:58,10.46,0.0,7,7322,买盘
1079,14:06:01,10.46,0.0,1,1046,买盘
1080,14:06:04,10.44,-0.02,19,19850,卖盘
1081,14:06:13,10.44,0.0,5,5222,卖盘
1082,14:06:19,10.46,0.02,3,3138,买盘
1083,14:06:24,10.44,-0.02,41,42817,卖盘
1084,14:06:27,10.47,0.03,4,4185,买盘
1085,14:06:36,10.46,-0.01,1,1046,卖盘
1086,14:06:40,10.46,0.0,1,1046,卖盘
1087,14:06:43,10.46,0.0,17,17782,卖盘
1088,14:06:51,10.47,0.01,23,24076,买盘
1089,14:07:06,10.45,-0.02,1,1045,卖盘
1090,14:07:28,10.47,0.02,3,3141,买盘
1091,14:07:36,10.44,-0.03,21,21944,卖盘
1092,14:07:46,10.44,0.0,21,21924,卖盘
1093,14:07:54,10.43,-0.01,29,30265,卖盘
1094,14:08:03,10.43,0.0,30,31293,卖盘
1095,14:08:10,10.45,0.02,42,43855,买盘
1096,14:08:27,10.46,0.01,3,3138,买盘
1097,14:08:34,10.45,-0.01,3,3135,卖盘
1098,14:08:40,10.46,0.01,1,1046,买盘
1099,14:08:55,10.45,-0.01,9,9405,卖盘
1100,14:09:10,10.45,0.0,1,1045,卖盘
1101,14:09:24,10.47,0.02,293,306741,买盘
1102,14:09:37,10.46,-0.01,12,12560,卖盘
1103,14:09:39,10.45,-0.01,1,1045,卖盘
1104,14:09:45,10.45,0.0,63,65835,卖盘
1105,14:09:54,10.44,-0.01,23,24012,卖盘
1106,14:10:04,10.45,0.01,1,1045,买盘
1107,14:10:07,10.44,-0.01,22,22968,卖盘
1108,14:10:10,10.45,0.01,1,1045,卖盘
1109,14:10:25,10.48,0.03,4,4192,买盘
1110,14:10:48,10.45,-0.03,1,1045,卖盘
1111,14:11:04,10.47,0.02,1,1047,买盘
1112,14:11:24,10.47,0.0,42,43974,买盘
1113,14:11:31,10.47,0.0,25,26180,卖盘
1114,14:11:36,10.47,0.0,118,123646,卖盘
1115,14:11:49,10.48,0.01,32,33536,卖盘
1116,14:11:58,10.48,0.0,31,32493,卖盘
1117,14:12:06,10.47,-0.01,24,25138,卖盘
1118,14:12:09,10.49,0.02,2,2098,买盘
1119,14:12:24,10.49,0.0,3,3147,买盘
1120,14:12:28,10.48,-0.01,6,6289,卖盘
1121,14:12:49,10.48,0.0,1,1048,卖盘
1122,14:13:06,10.48,0.0,37,38776,卖盘
1123,14:13:21,10.49,0.01,82,85944,买盘
1124,14:13:24,10.47,-0.02,302,316380,卖盘
1125,14:13:31,10.47,0.0,11,11517,卖盘
1126,14:13:34,10.47,0.0,18,18846,卖盘
1127,14:13:37,10.47,0.0,9,9423,卖盘
1128,14:13:39,10.47,0.0,30,31410,卖盘
1129,14:13:42,10.47,0.0,4,4188,卖盘
1130,14:13:46,10.47,0.0,1,1047,卖盘
1131,14:13:49,10.45,-0.02,115,120207,卖盘
1132,14:13:55,10.45,0.0,27,28211,买盘
1133,14:14:00,10.44,-0.01,27,28188,卖盘
1134,14:14:06,10.45,0.01,5,5225,买盘
1135,14:14:10,10.45,0.0,45,47003,买盘
1136,14:14:19,10.43,-0.02,2,2087,卖盘
1137,14:14:25,10.45,0.02,4,4180,买盘
1138,14:14:30,10.43,-0.02,1,1043,卖盘
1139,14:14:34,10.42,-0.01,243,253317,卖盘
1140,14:14:46,10.42,0.0,66,68734,买盘
1141,14:14:49,10.42,0.0,1,1042,卖盘
1142,14:14:55,10.42,0.0,10,10420,卖盘
1143,14:15:00,10.4,-0.02,340,353661,卖盘
1144,14:15:13,10.39,-0.01,145,150805,卖盘
1145,14:15:16,10.39,0.0,30,31170,买盘
1146,14:15:19,10.43,0.04,3,3125,买盘
1147,14:15:28,10.43,0.0,1,1043,卖盘
1148,14:15:30,10.43,0.0,1,1043,卖盘
1149,14:15:34,10.43,0.0,3,3129,卖盘
1150,14:15:40,10.41,-0.02,15,15615,卖盘
1151,14:15:43,10.43,0.02,48,50040,买盘
1152,14:15:45,10.39,-0.04,7,7273,卖盘
1153,14:15:51,10.38,-0.01,27,28048,卖盘
1154,14:16:01,10.4,0.02,26,27040,卖盘
1155,14:16:10,10.4,0.0,22,22360,卖盘
1156,14:16:19,10.4,0.0,51,53050,卖盘
1157,14:16:25,10.42,0.02,5,5210,卖盘
1158,14:16:28,10.4,-0.02,7,7800,卖盘
1159,14:16:40,10.4,0.0,28,29120,买盘
1160,14:16:48,10.4,0.0,1,520,卖盘
1161,14:17:10,10.4,0.0,1,1040,卖盘
1162,14:17:21,10.41,0.01,1,1041,买盘
1163,14:17:33,10.4,-0.01,265,276174,卖盘
1164,14:17:36,10.42,0.02,111,114930,买盘
1165,14:17:43,10.42,0.0,25,26050,卖盘
1166,14:17:52,10.41,-0.01,27,28118,卖盘
1167,14:17:55,10.43,0.02,5,5215,买盘
1168,14:18:00,10.43,0.0,29,30213,买盘
1169,14:18:09,10.39,-0.04,54,56119,卖盘
1170,14:18:12,10.4,0.01,1,1040,买盘
1171,14:18:22,10.42,0.02,116,120872,买盘
1172,14:18:28,10.43,0.01,2,2086,买盘
1173,14:18:34,10.45,0.02,2,2090,买盘
1174,14:19:12,10.46,0.01,1,1046,卖盘
1175,14:19:19,10.48,0.02,3,3144,买盘
1176,14:19:43,10.46,-0.02,27,28248,卖盘
1177,14:19:49,10.46,0.0,38,39748,卖盘
1178,14:19:52,10.46,0.0,1,1046,卖盘
1179,14:19:55,10.46,0.0,31,32426,卖盘
1180,14:20:04,10.46,0.0,25,26150,卖盘
1181,14:20:07,10.47,0.01,2,2094,中性盘
1182,14:20:12,10.46,-0.01,18,18828,卖盘
1183,14:20:19,10.47,0.01,4,4188,买盘
1184,14:20:37,10.46,-0.01,8,8368,卖盘
1185,14:20:52,10.46,0.0,1,1046,卖盘
1186,14:21:09,10.46,0.0,1,1046,卖盘
1187,14:21:12,10.46,0.0,70,73220,卖盘
1188,14:21:18,10.46,0.0,4,4184,买盘
1189,14:21:21,10.47,0.01,17,17799,买盘
1190,14:21:27,10.42,-0.05,35,36485,卖盘
1191,14:21:42,10.42,0.0,27,28149,卖盘
1192,14:21:49,10.45,0.03,2,2090,买盘
1193,14:21:51,10.45,0.0,1,1045,卖盘
1194,14:21:55,10.42,-0.03,19,19801,卖盘
1195,14:22:04,10.42,0.0,22,22947,卖盘
1196,14:22:06,10.42,0.0,1,875,卖盘
1197,14:22:12,10.45,0.03,24,25080,卖盘
1198,14:22:16,10.48,0.03,4,4191,买盘
1199,14:22:24,10.45,-0.03,9,9405,卖盘
1200,14:22:52,10.45,0.0,1,1045,卖盘
1201,14:23:06,10.46,0.01,7,7322,卖盘
1202,14:23:16,10.46,0.0,30,31380,买盘
1203,14:23:31,10.46,0.0,1,1046,卖盘
1204,14:23:46,10.45,-0.01,18,18818,卖盘
1205,14:23:55,10.45,0.0,27,28215,卖盘
1206,14:24:04,10.47,0.02,19,19893,买盘
1207,14:24:06,10.45,-0.02,28,29266,卖盘
1208,14:24:15,10.47,0.02,34,35480,买盘
1209,14:24:31,10.45,-0.02,1,1045,买盘
1210,14:24:34,10.44,-0.01,1,1044,卖盘
1211,14:24:37,10.45,0.01,1,1045,买盘
1212,14:24:46,10.44,-0.01,1,1044,卖盘
1213,14:24:52,10.44,0.0,1,1044,买盘
1214,14:24:58,10.44,0.0,1,1044,买盘
1215,14:25:01,10.44,0.0,5,5220,买盘
1216,14:25:04,10.44,0.0,1,1044,买盘
1217,14:25:06,10.44,0.0,8,8352,买盘
1218,14:25:09,10.44,0.0,7,7308,买盘
1219,14:25:13,10.43,-0.01,36,37558,卖盘
1220,14:25:16,10.44,0.01,3,3132,买盘
1221,14:25:34,10.44,0.0,1,1044,卖盘
1222,14:25:48,10.43,-0.01,27,28162,卖盘
1223,14:25:51,10.45,0.02,17,17765,买盘
1224,14:25:55,10.45,0.0,3,3135,卖盘
1225,14:25:58,10.43,-0.02,14,14602,卖盘
1226,14:26:06,10.42,-0.01,25,26050,卖盘
1227,14:26:16,10.42,0.0,27,28134,卖盘
1228,14:26:28,10.42,0.0,51,53309,卖盘
1229,14:27:10,10.41,-0.01,1,1041,卖盘
1230,14:27:12,10.41,0.0,1,1041,卖盘
1231,14:27:22,10.41,0.0,4,4164,卖盘
1232,14:27:25,10.42,0.01,20,20840,买盘
1233,14:27:43,10.42,0.0,1,1042,买盘
1234,14:27:48,10.41,-0.01,27,28107,卖盘
1235,14:27:58,10.41,0.0,28,29148,卖盘
1236,14:28:01,10.42,0.01,40,41732,买盘
1237,14:28:04,10.4,-0.02,387,402924,卖盘
1238,14:28:07,10.42,0.02,20,20840,卖盘
1239,14:28:10,10.41,-0.01,26,27066,中性盘
1240,14:28:12,10.4,-0.01,1,1040,卖盘
1241,14:28:19,10.4,0.0,51,53040,卖盘
1242,14:28:25,10.4,0.0,13,13520,卖盘
1243,14:28:34,10.41,0.01,8,8328,买盘
1244,14:28:43,10.41,0.0,1,1041,买盘
1245,14:29:12,10.4,-0.01,1,1040,卖盘
1246,14:29:16,10.41,0.01,16,16656,买盘
1247,14:29:19,10.4,-0.01,5,5200,卖盘
1248,14:29:34,10.41,0.01,2,2082,买盘
1249,14:29:40,10.41,0.0,17,17689,买盘
1250,14:29:48,10.4,-0.01,67,69710,卖盘
1251,14:29:54,10.4,0.0,21,21840,卖盘
1252,14:29:57,10.4,0.0,31,32240,卖盘
1253,14:30:04,10.4,0.0,1,988,买盘
1254,14:30:10,10.39,-0.01,18,18702,卖盘
1255,14:30:13,10.4,0.01,1,1040,买盘
1256,14:30:19,10.39,-0.01,25,25975,卖盘
1257,14:30:24,10.39,0.0,15,15585,卖盘
1258,14:30:37,10.39,0.0,2,2078,卖盘
1259,14:30:39,10.4,0.01,27,28058,买盘
1260,14:30:43,10.39,-0.01,5,5195,卖盘
1261,14:30:46,10.39,0.0,10,10390,卖盘
1262,14:30:48,10.4,0.01,79,82099,买盘
1263,14:30:51,10.39,-0.01,1,1039,中性盘
1264,14:30:54,10.35,-0.04,308,319343,卖盘
1265,14:31:01,10.33,-0.02,6,6202,卖盘
1266,14:31:04,10.34,0.01,3,3102,中性盘
1267,14:31:13,10.34,0.0,1,1034,买盘
1268,14:31:16,10.33,-0.01,43,44419,卖盘
1269,14:31:22,10.33,0.0,5,5165,买盘
1270,14:31:25,10.3,-0.03,300,309212,卖盘
1271,14:31:28,10.32,0.02,1,1032,中性盘
1272,14:31:31,10.3,-0.02,47,48410,卖盘
1273,14:31:34,10.3,0.0,5,5150,买盘
1274,14:31:37,10.3,0.0,6,6179,买盘
1275,14:31:51,10.28,-0.02,221,227638,卖盘
1276,14:31:54,10.28,0.0,20,20541,买盘
1277,14:32:01,10.26,-0.02,29,29754,卖盘
1278,14:32:04,10.24,-0.02,65,66625,卖盘
1279,14:32:06,10.24,0.0,4,4096,买盘
1280,14:32:09,10.22,-0.02,80,81943,卖盘
1281,14:32:13,10.22,0.0,46,47032,卖盘
1282,14:32:21,10.22,0.0,16,16362,卖盘
1283,14:32:33,10.2,-0.02,601,613961,卖盘
1284,14:32:37,10.26,0.06,9,9234,买盘
1285,14:32:39,10.26,0.0,65,66799,中性盘
1286,14:32:52,10.26,0.0,1,1026,卖盘
1287,14:32:55,10.26,0.0,44,45142,卖盘
1288,14:33:06,10.28,0.02,45,46260,买盘
1289,14:33:09,10.27,-0.01,17,17459,卖盘
1290,14:33:12,10.26,-0.01,58,59544,卖盘
1291,14:33:16,10.27,0.01,1,1027,买盘
1292,14:33:19,10.27,0.0,10,10270,买盘
1293,14:33:22,10.27,0.0,31,31837,买盘
1294,14:33:25,10.27,0.0,10,10270,买盘
1295,14:33:28,10.26,-0.01,65,66690,卖盘
1296,14:33:31,10.26,0.0,30,30780,买盘
1297,14:33:34,10.26,0.0,30,30780,买盘
1298,14:33:37,10.25,-0.01,1,1025,卖盘
1299,14:33:43,10.26,0.01,10,10260,买盘
1300,14:33:49,10.24,-0.02,29,29722,卖盘
1301,14:33:52,10.24,0.0,20,20492,卖盘
1302,14:33:55,10.26,0.02,26,26666,买盘
1303,14:34:04,10.23,-0.03,38,38916,卖盘
1304,14:34:06,10.23,0.0,8,8184,买盘
1305,14:34:09,10.26,0.03,49,50206,买盘
1306,14:34:12,10.22,-0.04,45,46028,卖盘
1307,14:34:22,10.22,0.0,17,17405,卖盘
1308,14:34:31,10.25,0.03,18,18467,中性盘
1309,14:34:36,10.23,-0.02,1,1023,卖盘
1310,14:34:46,10.26,0.03,38,38988,买盘
1311,14:34:49,10.26,0.0,36,36936,卖盘
1312,14:34:52,10.27,0.01,42,43134,买盘
1313,14:34:55,10.27,0.0,9,9243,买盘
1314,14:34:58,10.28,0.01,4,4112,买盘
1315,14:35:01,10.28,0.0,15,15425,卖盘
1316,14:35:10,10.3,0.02,10,10300,中性盘
1317,14:35:15,10.31,0.01,1,1031,中性盘
1318,14:35:21,10.31,0.0,5,5155,卖盘
1319,14:35:25,10.32,0.01,20,20635,买盘
1320,14:35:30,10.32,0.0,9,9288,买盘
1321,14:35:36,10.32,0.0,2,2064,卖盘
1322,14:35:40,10.32,0.0,41,42312,卖盘
1323,14:35:43,10.32,0.0,74,76368,卖盘
1324,14:35:45,10.33,0.01,208,214861,买盘
1325,14:35:52,10.32,-0.01,5,5160,卖盘
1326,14:35:55,10.27,-0.05,529,544114,卖盘
1327,14:35:58,10.33,0.06,8,8257,买盘
1328,14:36:04,10.24,-0.09,30,30794,卖盘
1329,14:36:07,10.3,0.06,2,2060,中性盘
1330,14:36:10,10.27,-0.03,30,30810,卖盘
1331,14:36:13,10.27,0.0,19,19513,卖盘
1332,14:36:16,10.3,0.03,3,3087,买盘
1333,14:36:19,10.31,0.01,8,8248,卖盘
1334,14:36:21,10.31,0.0,6,6186,卖盘
1335,14:36:25,10.27,-0.04,4,4108,卖盘
1336,14:36:27,10.27,0.0,5,5135,买盘
1337,14:36:30,10.27,0.0,26,26702,买盘
1338,14:36:34,10.27,0.0,26,26700,买盘
1339,14:36:37,10.27,0.0,8,8216,卖盘
1340,14:36:40,10.28,0.01,1,1028,买盘
1341,14:37:01,10.28,0.0,34,34978,卖盘
1342,14:37:04,10.32,0.04,2,2064,买盘
1343,14:37:09,10.32,0.0,3,3096,买盘
1344,14:37:15,10.32,0.0,4,4128,卖盘
1345,14:37:18,10.33,0.01,2,2066,买盘
1346,14:37:22,10.33,0.0,3,3099,买盘
1347,14:37:37,10.33,0.0,15,15495,买盘
1348,14:37:43,10.34,0.01,1,1034,买盘
1349,14:37:45,10.35,0.01,265,274222,买盘
1350,14:37:49,10.4,0.05,76,79016,买盘
1351,14:37:55,10.34,-0.06,19,19656,卖盘
1352,14:38:04,10.33,-0.01,30,30990,卖盘
1353,14:38:09,10.33,0.0,1,1033,买盘
1354,14:38:13,10.34,0.01,4,4135,买盘
1355,14:38:16,10.3,-0.04,32,32934,卖盘
1356,14:38:25,10.3,0.0,22,22668,卖盘
1357,14:38:40,10.31,0.01,18,18558,卖盘
1358,14:38:52,10.34,0.03,1,1034,买盘
1359,14:39:16,10.34,0.0,16,16534,买盘
1360,14:39:22,10.31,-0.03,126,129940,卖盘
1361,14:39:27,10.31,0.0,208,214246,买盘
1362,14:39:30,10.31,0.0,117,120560,买盘
1363,14:39:33,10.29,-0.02,71,73091,卖盘
1364,14:39:36,10.29,0.0,222,228829,卖盘
1365,14:39:39,10.29,0.0,30,30881,卖盘
1366,14:39:52,10.3,0.01,38,39140,卖盘
1367,14:39:58,10.3,0.0,28,28840,卖盘
1368,14:40:01,10.31,0.01,40,41240,买盘
1369,14:40:04,10.3,-0.01,10,10300,卖盘
1370,14:40:10,10.31,0.01,1,1031,买盘
1371,14:40:24,10.35,0.04,7,7245,买盘
1372,14:40:40,10.37,0.02,2,2074,买盘
1373,14:40:46,10.35,-0.02,46,47610,卖盘
1374,14:40:48,10.35,0.0,20,20700,买盘
1375,14:40:52,10.35,0.0,78,80730,买盘
1376,14:40:58,10.32,-0.03,1,1032,卖盘
1377,14:41:28,10.32,0.0,2,2064,卖盘
1378,14:41:31,10.32,0.0,76,78436,卖盘
1379,14:41:34,10.33,0.01,5,5165,买盘
1380,14:41:43,10.32,-0.01,361,372566,卖盘
1381,14:41:46,10.32,0.0,1,1032,买盘
1382,14:41:49,10.32,0.0,12,12373,买盘
1383,14:41:55,10.31,-0.01,13,14083,卖盘
1384,14:41:58,10.31,0.0,1,1031,卖盘
1385,14:42:01,10.32,0.01,30,30960,买盘
1386,14:42:15,10.32,0.0,7,7224,买盘
1387,14:42:18,10.32,0.0,20,20640,买盘
1388,14:42:21,10.32,0.0,11,11352,买盘
1389,14:42:31,10.32,0.0,663,684216,买盘
1390,14:42:49,10.32,0.0,99,102168,买盘
1391,14:42:52,10.3,-0.02,333,343072,卖盘
1392,14:43:04,10.31,0.01,10,10310,买盘
1393,14:43:12,10.3,-0.01,56,57700,卖盘
1394,14:43:18,10.31,0.01,29,29899,买盘
1395,14:43:21,10.31,0.0,17,17527,买盘
1396,14:43:33,10.3,-0.01,3,3090,卖盘
1397,14:43:49,10.31,0.01,73,75263,买盘
1398,14:43:51,10.31,0.0,10,10310,卖盘
1399,14:43:54,10.32,0.01,5,5160,买盘
1400,14:43:57,10.31,-0.01,79,81449,卖盘
1401,14:44:01,10.32,0.01,49,50533,买盘
1402,14:44:06,10.31,-0.01,22,22689,卖盘
1403,14:44:12,10.3,-0.01,485,499090,卖盘
1404,14:44:15,10.3,0.0,5,5150,买盘
1405,14:44:19,10.29,-0.01,1,1029,卖盘
1406,14:44:22,10.29,0.0,2,2058,卖盘
1407,14:44:30,10.3,0.01,3,3090,买盘
1408,14:44:40,10.3,0.0,86,88579,买盘
1409,14:44:52,10.29,-0.01,13,13377,卖盘
1410,14:44:55,10.29,0.0,12,12348,卖盘
1411,14:45:15,10.29,0.0,3,3087,买盘
1412,14:45:31,10.29,0.0,10,10290,买盘
1413,14:45:34,10.29,0.0,54,55566,买盘
1414,14:45:40,10.29,0.0,16,16464,卖盘
1415,14:45:58,10.29,0.0,5,5145,卖盘
1416,14:46:07,10.29,0.0,1,1029,卖盘
1417,14:46:16,10.3,0.01,26,26774,买盘
1418,14:46:34,10.3,0.0,1,1030,卖盘
1419,14:46:40,10.3,0.0,10,10300,卖盘
1420,14:46:45,10.3,0.0,13,13390,卖盘
1421,14:46:52,10.32,0.02,2,2064,买盘
1422,14:47:04,10.29,-0.03,82,84379,卖盘
1423,14:47:10,10.29,0.0,11,11318,买盘
1424,14:47:16,10.29,0.0,44,45276,买盘
1425,14:47:19,10.29,0.0,15,15435,买盘
1426,14:47:22,10.28,-0.01,32,32896,卖盘
1427,14:47:28,10.28,0.0,16,16450,卖盘
1428,14:47:45,10.28,0.0,8,8224,卖盘
1429,14:47:52,10.28,0.0,9,9252,买盘
1430,14:47:55,10.28,0.0,10,10280,买盘
1431,14:47:58,10.28,0.0,1,1028,买盘
1432,14:48:01,10.28,0.0,1,1028,卖盘
1433,14:48:27,10.28,0.0,82,84296,卖盘
1434,14:48:37,10.28,0.0,30,30840,买盘
1435,14:48:40,10.27,-0.01,3,3081,卖盘
1436,14:48:43,10.28,0.01,363,373164,买盘
1437,14:48:45,10.27,-0.01,6,6162,卖盘
1438,14:48:49,10.28,0.01,7,7196,买盘
1439,14:49:00,10.28,0.0,30,30840,卖盘
1440,14:49:04,10.25,-0.03,450,461821,卖盘
1441,14:49:21,10.28,0.03,2,2056,卖盘
1442,14:49:28,10.32,0.04,79,81494,买盘
1443,14:49:31,10.32,0.0,4,4128,卖盘
1444,14:49:34,10.28,-0.04,117,120668,卖盘
1445,14:49:46,10.35,0.07,44,45537,买盘
1446,14:49:49,10.35,0.0,26,26910,卖盘
1447,14:50:04,10.32,-0.03,3,3096,卖盘
1448,14:50:09,10.32,0.0,78,80497,卖盘
1449,14:50:12,10.31,-0.01,53,54676,卖盘
1450,14:50:19,10.32,0.01,59,60888,买盘
1451,14:50:46,10.33,0.01,50,51650,买盘
1452,14:50:51,10.33,0.0,61,63014,卖盘
1453,14:51:01,10.34,0.01,5,5170,买盘
1454,14:51:04,10.33,-0.01,39,40287,卖盘
1455,14:51:12,10.33,0.0,10,10330,买盘
1456,14:51:16,10.32,-0.01,7,7224,卖盘
1457,14:51:19,10.32,0.0,6,6192,卖盘
1458,14:51:22,10.33,0.01,10,10330,买盘
1459,14:51:28,10.32,-0.01,5,5160,卖盘
1460,14:51:34,10.32,0.0,20,20640,卖盘
1461,14:51:43,10.33,0.01,2,2066,买盘
1462,14:51:46,10.33,0.0,11,11353,买盘
1463,14:51:52,10.31,-0.02,109,112449,卖盘
1464,14:51:55,10.29,-0.02,108,111346,卖盘
1465,14:52:49,10.28,-0.01,112,115157,卖盘
1466,14:52:58,10.29,0.01,19,19542,买盘
1467,14:53:04,10.28,-0.01,1,1028,卖盘
1468,14:53:13,10.28,0.0,1,1028,卖盘
1469,14:53:16,10.29,0.01,19,19551,买盘
1470,14:53:25,10.24,-0.05,449,460928,卖盘
1471,14:53:31,10.3,0.06,3,3090,买盘
1472,14:53:36,10.3,0.0,3,3090,买盘
1473,14:53:49,10.3,0.0,3,3090,中性盘
1474,14:54:12,10.29,-0.01,32,32928,卖盘
1475,14:54:22,10.29,0.0,8,8232,买盘
1476,14:54:25,10.28,-0.01,22,22627,卖盘
1477,14:54:33,10.28,0.0,2,2056,买盘
1478,14:54:39,10.28,0.0,2,2056,买盘
1479,14:54:43,10.27,-0.01,32,32894,卖盘
1480,14:54:46,10.27,0.0,11,11297,买盘
1481,14:54:55,10.28,0.01,92,94576,买盘
1482,14:54:58,10.27,-0.01,100,102757,卖盘
1483,14:55:07,10.27,0.0,15,15419,卖盘
1484,14:55:12,10.25,-0.02,309,316990,卖盘
1485,14:55:19,10.27,0.02,11,11297,买盘
1486,14:55:27,10.26,-0.01,4,4104,卖盘
1487,14:55:43,10.26,0.0,110,112860,卖盘
1488,14:55:45,10.26,0.0,18,18478,卖盘
1489,14:55:52,10.26,0.0,20,20520,买盘
1490,14:55:57,10.25,-0.01,25,25625,卖盘
1491,14:56:04,10.25,0.0,39,40005,卖盘
1492,14:56:15,10.26,0.01,36,36929,买盘
1493,14:56:18,10.25,-0.01,50,51250,卖盘
1494,14:56:22,10.25,0.0,7,7175,卖盘
1495,14:56:25,10.25,0.0,20,20500,卖盘
1496,14:56:31,10.25,0.0,21,21525,卖盘
1497,14:56:33,10.26,0.01,78,80000,买盘
1498,14:56:37,10.26,0.0,10,10260,买盘
1499,14:56:43,10.25,-0.01,43,44076,卖盘
1500,14:56:49,10.25,0.0,5,5125,买盘
1501,14:56:54,10.24,-0.01,60,61440,卖盘
1502,14:57:00,10.24,0.0,32,32771,卖盘
1503,14:57:03,10.24,0.0,15,15360,卖盘
1504,15:00:04,10.25,0.01,321,329004,卖盘
