,time,price,change,volume,amount,type
0,09:25:04,8.06,-0.04,412,332862,卖盘
1,09:30:04,8.08,0.02,315,254403,中性盘
2,09:30:06,8.09,0.01,179,144621,买盘
3,09:30:09,8.09,0.0,10,8090,卖盘
4,09:30:13,8.1,0.01,9,7285,买盘
5,09:30:15,8.1,0.0,22,17820,买盘
6,09:30:18,8.11,0.01,14,11342,买盘
7,09:30:21,8.1,-0.01,10,8100,卖盘
8,09:30:25,8.12,0.02,3,2436,买盘
9,09:30:27,8.11,-0.01,1,811,卖盘
10,09:30:31,8.12,0.01,1,812,买盘
11,09:30:34,8.1,-0.02,4,3240,卖盘
12,09:30:36,8.11,0.01,20,16220,买盘
13,09:30:43,8.1,-0.01,65,52650,卖盘
14,09:30:46,8.11,0.01,41,33216,买盘
15,09:30:48,8.11,0.0,1,811,买盘
16,09:30:51,8.1,-0.01,1,810,买盘
17,09:30:58,8.11,0.01,47,38117,买盘
18,09:31:00,8.1,-0.01,60,48600,卖盘
19,09:31:04,8.11,0.01,13,10543,买盘
20,09:31:07,8.1,-0.01,10,8100,卖盘
21,09:31:10,8.1,0.0,108,87490,卖盘
22,09:31:12,8.11,0.01,119,96439,买盘
23,09:31:15,8.11,0.0,30,24330,买盘
24,09:31:19,8.09,-0.02,10,8090,卖盘
25,09:31:21,8.11,0.02,54,43794,买盘
26,09:31:25,8.11,0.0,10,8110,买盘
27,09:31:28,8.1,-0.01,5,4050,卖盘
28,09:31:31,8.11,0.01,28,22703,买盘
29,09:31:33,8.11,0.0,7,5672,买盘
30,09:31:40,8.1,-0.01,104,84159,卖盘
31,09:31:42,8.11,0.01,61,49468,买盘
32,09:31:45,8.1,-0.01,60,48600,卖盘
33,09:31:49,8.11,0.01,305,247355,买盘
34,09:31:51,8.11,0.0,37,30007,买盘
35,09:31:54,8.11,0.0,185,150035,买盘
36,09:31:58,8.11,0.0,27,21897,买盘
37,09:32:01,8.11,0.0,30,24330,买盘
38,09:32:09,8.12,0.01,23,18676,买盘
39,09:32:12,8.12,0.0,234,190008,买盘
40,09:32:16,8.12,0.0,15,12180,卖盘
41,09:32:19,8.12,0.0,30,24360,卖盘
42,09:32:22,8.12,0.0,35,28449,卖盘
43,09:32:24,8.12,0.0,11,8932,卖盘
44,09:32:28,8.13,0.01,30,24390,买盘
45,09:32:34,8.13,0.0,104,84452,买盘
46,09:32:37,8.13,0.0,33,26659,买盘
47,09:32:40,8.13,0.0,16,12997,买盘
48,09:32:43,8.13,0.0,66,53658,买盘
49,09:32:45,8.12,-0.01,247,200166,买盘
50,09:32:52,8.12,0.0,5,4060,买盘
51,09:32:55,8.12,0.0,329,267148,买盘
52,09:32:58,8.12,0.0,5,4060,卖盘
53,09:33:04,8.12,0.0,36,29232,卖盘
54,09:33:06,8.12,0.0,84,68262,卖盘
55,09:33:13,8.12,0.0,9,7089,卖盘
56,09:33:16,8.13,0.01,215,174780,买盘
57,09:33:19,8.12,-0.01,54,43848,卖盘
58,09:33:22,8.13,0.01,41,33333,买盘
59,09:33:28,8.13,0.0,79,64207,买盘
60,09:33:31,8.12,-0.01,50,40610,卖盘
61,09:33:34,8.13,0.01,25,20325,买盘
62,09:33:37,8.12,-0.01,33,26796,卖盘
63,09:33:39,8.12,0.0,10,8047,卖盘
64,09:33:42,8.12,0.0,32,26004,卖盘
65,09:33:46,8.13,0.01,17,13821,买盘
66,09:33:52,8.12,-0.01,53,43036,卖盘
67,09:33:55,8.12,0.0,188,152714,卖盘
68,09:33:57,8.13,0.01,7,5979,买盘
69,09:34:01,8.12,-0.01,158,128396,中性盘
70,09:34:04,8.11,-0.01,15,12124,卖盘
71,09:34:10,8.12,0.01,47,38164,买盘
72,09:34:12,8.12,0.0,1,812,卖盘
73,09:34:16,8.1,-0.02,267,216437,卖盘
74,09:34:19,8.12,0.02,20,16238,中性盘
75,09:34:22,8.1,-0.02,110,89100,卖盘
76,09:34:27,8.12,0.02,101,81620,买盘
77,09:34:31,8.12,0.0,17,13796,买盘
78,09:34:37,8.13,0.01,600,487722,买盘
79,09:34:43,8.11,-0.02,2,1622,卖盘
80,09:34:46,8.11,0.0,18,14598,卖盘
81,09:34:49,8.13,0.02,200,162600,中性盘
82,09:34:58,8.12,-0.01,7,5684,卖盘
83,09:35:04,8.12,0.0,8,6496,卖盘
84,09:35:09,8.13,0.01,25,20325,买盘
85,09:35:12,8.13,0.0,300,243900,买盘
86,09:35:16,8.12,-0.01,6,4872,卖盘
87,09:35:19,8.12,0.0,14,11368,卖盘
88,09:35:22,8.12,0.0,6,4872,买盘
89,09:35:28,8.12,0.0,19,15428,卖盘
90,09:35:30,8.12,0.0,13,10556,买盘
91,09:35:33,8.12,0.0,20,16240,买盘
92,09:35:37,8.12,0.0,100,81200,买盘
93,09:35:40,8.12,0.0,10,8120,买盘
94,09:35:51,8.11,-0.01,487,395219,卖盘
95,09:35:55,8.12,0.01,9,7308,买盘
96,09:35:57,8.12,0.0,28,22736,买盘
97,09:36:01,8.12,0.0,73,59266,买盘
98,09:36:04,8.12,0.0,40,32465,买盘
99,09:36:07,8.11,-0.01,2,1623,卖盘
100,09:36:18,8.11,0.0,50,40550,卖盘
101,09:36:21,8.11,0.0,196,158956,卖盘
102,09:36:37,8.11,0.0,10,8110,卖盘
103,09:36:49,8.11,0.0,33,26794,卖盘
104,09:36:51,8.11,0.0,120,97320,卖盘
105,09:36:54,8.12,0.01,16,12986,买盘
106,09:36:58,8.11,-0.01,4,3244,卖盘
107,09:37:00,8.11,0.0,28,22708,卖盘
108,09:37:07,8.12,0.01,100,81200,买盘
109,09:37:12,8.11,-0.01,20,16220,卖盘
110,09:37:21,8.11,0.0,34,27575,卖盘
111,09:37:25,8.12,0.01,17,13804,买盘
112,09:37:33,8.11,-0.01,64,51904,卖盘
113,09:37:40,8.11,0.0,12,9732,买盘
114,09:37:43,8.11,0.0,5,4055,买盘
115,09:37:45,8.11,0.0,11,8921,买盘
116,09:37:49,8.11,0.0,2,1622,买盘
117,09:37:52,8.11,0.0,10,8110,买盘
118,09:37:55,8.1,-0.01,169,136913,卖盘
119,09:37:57,8.1,0.0,5,4115,卖盘
120,09:38:00,8.11,0.01,3,2433,买盘
121,09:38:04,8.1,-0.01,84,68040,卖盘
122,09:38:06,8.11,0.01,27,21897,买盘
123,09:38:09,8.1,-0.01,70,56700,卖盘
124,09:38:13,8.11,0.01,20,16431,买盘
125,09:38:22,8.1,-0.01,11,8910,卖盘
126,09:38:28,8.1,0.0,6,4860,卖盘
127,09:38:30,8.1,0.0,14,11340,卖盘
128,09:38:34,8.1,0.0,200,162000,卖盘
129,09:38:37,8.1,0.0,224,181683,卖盘
130,09:38:40,8.1,0.0,1,810,买盘
131,09:38:49,8.1,0.0,12,9720,买盘
132,09:38:52,8.09,-0.01,20,16180,卖盘
133,09:38:54,8.09,0.0,157,127013,卖盘
134,09:38:57,8.09,0.0,3,2427,卖盘
135,09:39:01,8.09,0.0,9,7284,卖盘
136,09:39:04,8.09,0.0,6,4854,买盘
137,09:39:06,8.08,-0.01,1,808,卖盘
138,09:39:16,8.09,0.01,23,18587,买盘
139,09:39:19,8.08,-0.01,11,8888,卖盘
140,09:39:21,8.08,0.0,200,161600,卖盘
141,09:39:24,8.08,0.0,88,71127,卖盘
142,09:39:28,8.08,0.0,8,6464,卖盘
143,09:39:30,8.08,0.0,73,59004,卖盘
144,09:39:34,8.09,0.01,1,809,买盘
145,09:39:36,8.09,0.0,16,12944,买盘
146,09:39:40,8.09,0.0,2,1618,买盘
147,09:39:49,8.08,-0.01,176,142208,卖盘
148,09:39:52,8.09,0.01,5,4045,买盘
149,09:39:54,8.08,-0.01,182,147056,卖盘
150,09:39:57,8.08,0.0,8,6464,卖盘
151,09:40:01,8.08,0.0,14,11312,卖盘
152,09:40:06,8.08,0.0,80,64640,卖盘
153,09:40:15,8.08,0.0,60,48480,卖盘
154,09:40:19,8.09,0.01,98,79185,买盘
155,09:40:22,8.09,0.0,42,33956,买盘
156,09:40:25,8.09,0.0,5,4045,买盘
157,09:40:27,8.08,-0.01,18,14549,卖盘
158,09:40:30,8.08,0.0,95,76760,买盘
159,09:40:34,8.07,-0.01,35,28251,卖盘
160,09:40:37,8.08,0.01,114,92112,买盘
161,09:40:39,8.09,0.01,26,20920,卖盘
162,09:40:45,8.09,0.0,5,4045,买盘
163,09:40:49,8.08,-0.01,10,8080,卖盘
164,09:40:52,8.09,0.01,5,4045,买盘
165,09:40:57,8.09,0.0,194,156817,买盘
166,09:41:00,8.09,0.0,2,1618,买盘
167,09:41:04,8.09,0.0,142,114878,买盘
168,09:41:06,8.09,0.0,3,2427,卖盘
169,09:41:09,8.1,0.01,2,1620,买盘
170,09:41:12,8.09,-0.01,35,28327,卖盘
171,09:41:16,8.09,0.0,133,107597,卖盘
172,09:41:28,8.1,0.01,100,81000,买盘
173,09:41:31,8.1,0.0,63,50994,买盘
174,09:41:33,8.09,-0.01,5,4045,卖盘
175,09:41:45,8.09,0.0,1,809,卖盘
176,09:41:49,8.1,0.01,4,3240,买盘
177,09:41:52,8.09,-0.01,22,17798,卖盘
178,09:41:54,8.1,0.01,2,1620,买盘
179,09:42:01,8.1,0.0,18,14568,买盘
180,09:42:16,8.1,0.0,6,4860,买盘
181,09:42:19,8.1,0.0,2,1620,买盘
182,09:42:22,8.1,0.0,8,6480,买盘
183,09:42:24,8.1,0.0,31,25095,买盘
184,09:42:31,8.09,-0.01,18,14562,卖盘
185,09:42:36,8.09,0.0,2,1618,卖盘
186,09:42:39,8.09,0.0,4,3238,卖盘
187,09:42:43,8.09,0.0,90,72810,卖盘
188,09:42:46,8.09,0.0,20,16180,买盘
189,09:42:49,8.08,-0.01,6,4848,卖盘
190,09:42:52,8.09,0.01,120,97080,买盘
191,09:42:58,8.08,-0.01,567,458136,卖盘
192,09:43:00,8.08,0.0,4,3232,卖盘
193,09:43:04,8.08,0.0,46,37173,卖盘
194,09:43:06,8.08,0.0,151,122009,卖盘
195,09:43:10,8.09,0.01,12,9708,买盘
196,09:43:16,8.08,-0.01,161,130093,卖盘
197,09:43:19,8.09,0.01,5,4045,买盘
198,09:43:22,8.09,0.0,15,12135,买盘
199,09:43:24,8.09,0.0,189,152901,买盘
200,09:43:27,8.09,0.0,110,88990,卖盘
201,09:43:31,8.09,0.0,85,68765,卖盘
202,09:43:34,8.09,0.0,43,34787,卖盘
203,09:43:37,8.09,0.0,15,12135,卖盘
204,09:43:40,8.09,0.0,10,8090,买盘
205,09:43:43,8.09,0.0,4,3236,买盘
206,09:43:46,8.09,0.0,52,42068,买盘
207,09:43:48,8.09,0.0,50,40450,买盘
208,09:43:51,8.09,0.0,95,76855,买盘
209,09:43:55,8.09,0.0,115,93034,买盘
210,09:43:57,8.09,0.0,177,143367,卖盘
211,09:44:01,8.1,0.01,75,60708,买盘
212,09:44:04,8.11,0.01,186,150704,买盘
213,09:44:07,8.11,0.0,49,39724,买盘
214,09:44:10,8.1,-0.01,4,3240,卖盘
215,09:44:12,8.1,0.0,25,20250,卖盘
216,09:44:15,8.11,0.01,52,42164,买盘
217,09:44:22,8.11,0.0,2,1622,买盘
218,09:44:27,8.11,0.0,4,3244,买盘
219,09:44:31,8.1,-0.01,56,45410,卖盘
220,09:44:36,8.11,0.01,124,100542,买盘
221,09:44:39,8.11,0.0,31,25141,买盘
222,09:44:46,8.11,0.0,3,2435,卖盘
223,09:44:49,8.12,0.01,26,21112,买盘
224,09:44:51,8.12,0.0,1,812,买盘
225,09:44:54,8.12,0.0,14,11368,买盘
226,09:44:58,8.12,0.0,10,8120,买盘
227,09:45:01,8.12,0.0,5,4060,买盘
228,09:45:04,8.12,0.0,8,6496,买盘
229,09:45:06,8.12,0.0,246,199748,买盘
230,09:45:09,8.12,0.0,110,89320,买盘
231,09:45:12,8.12,0.0,20,16240,卖盘
232,09:45:19,8.13,0.01,25,20305,买盘
233,09:45:21,8.13,0.0,10,8127,买盘
234,09:45:25,8.12,-0.01,52,42256,卖盘
235,09:45:28,8.13,0.01,10,8130,买盘
236,09:45:31,8.13,0.0,2,1626,买盘
237,09:45:37,8.12,-0.01,100,81250,卖盘
238,09:45:43,8.13,0.01,35,28455,买盘
239,09:45:46,8.13,0.0,20,16257,买盘
240,09:45:49,8.13,0.0,63,51216,买盘
241,09:45:51,8.13,0.0,57,46324,买盘
242,09:45:54,8.13,0.0,110,89430,买盘
243,09:45:57,8.12,-0.01,34,27632,卖盘
244,09:46:00,8.12,0.0,103,83636,卖盘
245,09:46:10,8.13,0.01,277,225173,买盘
246,09:46:13,8.12,-0.01,5,4061,卖盘
247,09:46:15,8.13,0.01,2,1626,买盘
248,09:46:27,8.13,0.0,17,13813,买盘
249,09:46:30,8.13,0.0,100,81300,买盘
250,09:46:34,8.12,-0.01,35,28450,卖盘
251,09:46:37,8.13,0.01,2,1626,买盘
252,09:46:40,8.12,-0.01,57,46284,卖盘
253,09:46:43,8.13,0.01,5,4065,买盘
254,09:46:46,8.13,0.0,301,244713,买盘
255,09:46:49,8.13,0.0,40,32515,买盘
256,09:46:51,8.13,0.0,39,31704,买盘
257,09:46:54,8.14,0.01,690,561380,买盘
258,09:47:01,8.15,0.01,672,547435,买盘
259,09:47:04,8.14,-0.01,160,130390,中性盘
260,09:47:06,8.14,0.0,5,4070,中性盘
261,09:47:09,8.14,0.0,7,5698,卖盘
262,09:47:13,8.15,0.01,20,16283,买盘
263,09:47:16,8.14,-0.01,60,48840,中性盘
264,09:47:19,8.14,0.0,20,16280,买盘
265,09:47:21,8.14,0.0,22,17908,买盘
266,09:47:24,8.14,0.0,43,34963,买盘
267,09:47:28,8.13,-0.01,6,4878,卖盘
268,09:47:31,8.14,0.01,97,78954,买盘
269,09:47:34,8.14,0.0,105,85465,买盘
270,09:47:37,8.13,-0.01,3,2439,卖盘
271,09:47:42,8.14,0.01,120,97680,买盘
272,09:47:45,8.14,0.0,5,4070,买盘
273,09:47:52,8.13,-0.01,10,8130,卖盘
274,09:47:54,8.13,0.0,100,81300,卖盘
275,09:47:58,8.14,0.01,124,100936,买盘
276,09:48:01,8.14,0.0,16,13009,买盘
277,09:48:10,8.13,-0.01,50,40650,卖盘
278,09:48:15,8.13,0.0,4,3252,卖盘
279,09:48:18,8.13,0.0,20,16260,卖盘
280,09:48:25,8.12,-0.01,33,26828,卖盘
281,09:48:31,8.12,0.0,3,2436,卖盘
282,09:48:34,8.13,0.01,15,12195,买盘
283,09:48:40,8.13,0.0,44,35772,买盘
284,09:48:48,8.12,-0.01,5,4060,卖盘
285,09:48:52,8.13,0.01,2,1626,买盘
286,09:48:55,8.13,0.0,5,4065,买盘
287,09:48:58,8.12,-0.01,3,2436,卖盘
288,09:49:01,8.12,0.0,23,18696,卖盘
289,09:49:03,8.12,0.0,100,81200,卖盘
290,09:49:10,8.12,0.0,130,105560,卖盘
291,09:49:18,8.12,0.0,2,1624,买盘
292,09:49:25,8.12,0.0,400,324800,买盘
293,09:49:28,8.11,-0.01,8,6488,卖盘
294,09:49:31,8.11,0.0,4,3244,卖盘
295,09:49:33,8.11,0.0,27,21899,卖盘
296,09:49:43,8.11,0.0,10,8110,卖盘
297,09:49:58,8.12,0.01,6,4872,买盘
298,09:50:01,8.11,-0.01,5,4055,卖盘
299,09:50:04,8.11,0.0,219,177609,卖盘
300,09:50:07,8.11,0.0,9,7299,卖盘
301,09:50:15,8.1,-0.01,6,4860,卖盘
302,09:50:19,8.11,0.01,50,40550,买盘
303,09:50:22,8.1,-0.01,5,4050,卖盘
304,09:50:25,8.1,0.0,246,199260,卖盘
305,09:50:30,8.1,0.0,8,6485,卖盘
306,09:50:34,8.11,0.01,169,136899,买盘
307,09:50:39,8.1,-0.01,363,294048,卖盘
308,09:50:42,8.1,0.0,5,4050,买盘
309,09:50:46,8.09,-0.01,5,4045,卖盘
310,09:50:49,8.09,0.0,152,123018,卖盘
311,09:50:52,8.09,0.0,40,32360,买盘
312,09:50:55,8.08,-0.01,47,38003,卖盘
313,09:51:07,8.09,0.01,18,14563,卖盘
314,09:51:09,8.09,0.0,36,29149,卖盘
315,09:51:13,8.09,0.0,1,809,卖盘
316,09:51:16,8.09,0.0,6,4854,卖盘
317,09:51:21,8.1,0.01,504,408236,买盘
318,09:51:25,8.1,0.0,562,455216,买盘
319,09:51:31,8.1,0.0,20,16200,卖盘
320,09:51:42,8.11,0.01,5,4055,买盘
321,09:51:46,8.1,-0.01,49,39690,卖盘
322,09:51:55,8.1,0.0,29,23492,卖盘
323,09:51:57,8.1,0.0,15,12162,卖盘
324,09:52:01,8.1,0.0,33,26760,卖盘
325,09:52:04,8.1,0.0,8,6480,卖盘
326,09:52:09,8.11,0.01,33,26763,买盘
327,09:52:12,8.11,0.0,45,36491,买盘
328,09:52:15,8.1,-0.01,2,1620,卖盘
329,09:52:19,8.11,0.01,10,8110,买盘
330,09:52:22,8.11,0.0,20,16220,买盘
331,09:52:25,8.11,0.0,287,232618,买盘
332,09:52:28,8.1,-0.01,98,79505,卖盘
333,09:52:34,8.12,0.02,20,16240,买盘
334,09:52:37,8.11,-0.01,41,33251,卖盘
335,09:52:40,8.11,0.0,58,47072,买盘
336,09:52:43,8.11,0.0,1,811,卖盘
337,09:52:45,8.12,0.01,59,47908,买盘
338,09:52:49,8.13,0.01,85,69105,买盘
339,09:52:57,8.11,-0.02,3,2433,卖盘
340,09:53:01,8.12,0.01,10,8120,中性盘
341,09:53:07,8.13,0.01,145,117885,买盘
342,09:53:13,8.13,0.0,48,38998,买盘
343,09:53:18,8.12,-0.01,1,812,卖盘
344,09:53:21,8.13,0.01,4,3252,买盘
345,09:53:25,8.12,-0.01,3,2436,卖盘
346,09:53:28,8.13,0.01,7,5691,买盘
347,09:53:31,8.12,-0.01,5,4060,卖盘
348,09:53:34,8.12,0.0,10,8120,卖盘
349,09:53:39,8.12,0.0,17,13817,卖盘
350,09:53:45,8.12,0.0,20,16240,卖盘
351,09:53:48,8.13,0.01,40,32520,买盘
352,09:53:51,8.14,0.01,229,186208,买盘
353,09:53:54,8.14,0.0,558,454212,买盘
354,09:53:57,8.15,0.01,822,669764,买盘
355,09:54:00,8.17,0.02,700,571343,买盘
356,09:54:07,8.14,-0.03,61,49654,卖盘
357,09:54:10,8.14,0.0,61,49654,买盘
358,09:54:12,8.14,0.0,50,40793,买盘
359,09:54:15,8.16,0.02,43,35068,买盘
360,09:54:18,8.14,-0.02,78,63692,卖盘
361,09:54:22,8.16,0.02,10,8160,中性盘
362,09:54:25,8.16,0.0,79,64464,买盘
363,09:54:28,8.17,0.01,451,368383,买盘
364,09:54:31,8.17,0.0,109,89043,买盘
365,09:54:33,8.17,0.0,169,138034,买盘
366,09:54:37,8.17,0.0,18,14715,卖盘
367,09:54:40,8.17,0.0,91,74420,卖盘
368,09:54:43,8.18,0.01,158,129165,买盘
369,09:54:46,8.18,0.0,120,98155,买盘
370,09:54:49,8.18,0.0,212,173389,买盘
371,09:54:51,8.18,0.0,122,99796,买盘
372,09:54:54,8.18,0.0,198,161954,买盘
373,09:54:57,8.18,0.0,259,211852,买盘
374,09:55:01,8.17,-0.01,182,148867,卖盘
375,09:55:04,8.18,0.01,204,166934,买盘
376,09:55:06,8.19,0.01,33,27027,买盘
377,09:55:09,8.18,-0.01,245,200506,卖盘
378,09:55:12,8.19,0.01,50,40945,买盘
379,09:55:16,8.18,-0.01,330,269956,卖盘
380,09:55:19,8.18,0.0,101,82546,卖盘
381,09:55:22,8.18,0.0,131,107058,买盘
382,09:55:25,8.17,-0.01,227,185463,卖盘
383,09:55:27,8.17,0.0,407,332589,卖盘
384,09:55:30,8.17,0.0,14,11438,卖盘
385,09:55:33,8.18,0.01,31,25351,买盘
386,09:55:37,8.17,-0.01,16,13080,卖盘
387,09:55:39,8.17,0.0,103,84235,卖盘
388,09:55:43,8.17,0.0,13,10621,卖盘
389,09:55:45,8.17,0.0,152,124212,卖盘
390,09:55:48,8.17,0.0,7,5719,卖盘
391,09:55:52,8.17,0.0,248,202616,卖盘
392,09:55:57,8.16,-0.01,10,8160,卖盘
393,09:56:01,8.15,-0.01,34,27739,卖盘
394,09:56:04,8.15,0.0,5,4075,卖盘
395,09:56:06,8.17,0.02,100,81630,买盘
396,09:56:10,8.15,-0.02,59,48085,卖盘
397,09:56:13,8.16,0.01,14,11424,买盘
398,09:56:18,8.16,0.0,68,55488,卖盘
399,09:56:22,8.16,0.0,15,12240,卖盘
400,09:56:28,8.16,0.0,10,8160,卖盘
401,09:56:31,8.16,0.0,34,27744,卖盘
402,09:56:34,8.15,-0.01,3,2445,卖盘
403,09:56:40,8.16,0.01,50,40751,买盘
404,09:56:49,8.15,-0.01,15,12225,卖盘
405,09:56:54,8.15,0.0,18,14678,卖盘
406,09:57:04,8.15,0.0,89,72535,卖盘
407,09:57:15,8.15,0.0,26,21195,卖盘
408,09:57:19,8.16,0.01,7,5712,买盘
409,09:57:22,8.16,0.0,83,67688,买盘
410,09:57:31,8.16,0.0,166,135351,买盘
411,09:57:33,8.16,0.0,17,13859,买盘
412,09:57:36,8.15,-0.01,170,138550,卖盘
413,09:57:39,8.15,0.0,1,815,卖盘
414,09:57:42,8.16,0.01,50,40800,买盘
415,09:57:46,8.15,-0.01,12,9780,卖盘
416,09:57:49,8.15,0.0,44,35860,卖盘
417,09:57:51,8.15,0.0,31,25265,卖盘
418,09:57:55,8.15,0.0,62,50530,卖盘
419,09:57:57,8.14,-0.01,4,3256,卖盘
420,09:58:01,8.15,0.01,133,108395,买盘
421,09:58:04,8.14,-0.01,5,4070,卖盘
422,09:58:10,8.14,0.0,20,16280,卖盘
423,09:58:12,8.14,0.0,28,22792,卖盘
424,09:58:16,8.14,0.0,45,36630,卖盘
425,09:58:19,8.14,0.0,10,8140,卖盘
426,09:58:22,8.14,0.0,44,35816,卖盘
427,09:58:30,8.13,-0.01,100,81300,卖盘
428,09:58:34,8.14,0.01,39,31737,买盘
429,09:58:37,8.13,-0.01,15,12195,卖盘
430,09:58:40,8.13,0.0,15,12195,卖盘
431,09:58:43,8.13,0.0,70,56920,卖盘
432,09:58:45,8.13,0.0,68,55284,卖盘
433,09:58:49,8.14,0.01,15,12210,买盘
434,09:58:52,8.13,-0.01,245,199185,卖盘
435,09:58:55,8.13,0.0,137,111381,买盘
436,09:58:57,8.14,0.01,15,12210,买盘
437,09:59:00,8.14,0.0,15,12210,买盘
438,09:59:04,8.14,0.0,127,103378,买盘
439,09:59:06,8.13,-0.01,23,18699,卖盘
440,09:59:10,8.13,0.0,76,61783,买盘
441,09:59:16,8.13,0.0,87,70731,买盘
442,09:59:19,8.13,0.0,11,8942,买盘
443,09:59:22,8.13,0.0,32,26016,买盘
444,09:59:25,8.13,0.0,107,86971,买盘
445,09:59:27,8.13,0.0,240,195120,买盘
446,09:59:31,8.13,0.0,10,8130,卖盘
447,09:59:33,8.13,0.0,3,2439,卖盘
448,09:59:37,8.14,0.01,12,9767,买盘
449,09:59:39,8.14,0.0,109,88726,买盘
450,09:59:42,8.14,0.0,33,26862,买盘
451,09:59:48,8.14,0.0,11,8959,卖盘
452,09:59:52,8.15,0.01,54,44010,买盘
453,09:59:54,8.15,0.0,35,28519,买盘
454,09:59:57,8.15,0.0,34,27710,买盘
455,10:00:01,8.14,-0.01,1,619,卖盘
456,10:00:06,8.14,0.0,53,42899,卖盘
457,10:00:09,8.15,0.01,140,114100,买盘
458,10:00:12,8.15,0.0,80,65200,买盘
459,10:00:16,8.15,0.0,111,90464,买盘
460,10:00:19,8.15,0.0,119,96975,买盘
461,10:00:22,8.15,0.0,5,4075,卖盘
462,10:00:31,8.15,0.0,53,43195,卖盘
463,10:00:33,8.15,0.0,61,49715,买盘
464,10:00:36,8.15,0.0,27,22005,买盘
465,10:00:39,8.15,0.0,110,89650,买盘
466,10:00:42,8.15,0.0,5,4075,买盘
467,10:00:46,8.15,0.0,9,7331,买盘
468,10:00:49,8.15,0.0,239,194785,买盘
469,10:00:52,8.16,0.01,5,4080,买盘
470,10:00:54,8.14,-0.02,300,244446,卖盘
471,10:00:57,8.16,0.02,103,84040,买盘
472,10:01:01,8.16,0.0,221,180336,买盘
473,10:01:04,8.15,-0.01,3,2445,卖盘
474,10:01:06,8.16,0.01,50,41012,买盘
475,10:01:12,8.16,0.0,25,20188,卖盘
476,10:01:16,8.16,0.0,22,17951,买盘
477,10:01:21,8.16,0.0,46,37536,买盘
478,10:01:25,8.16,0.0,9,7552,买盘
479,10:01:27,8.17,0.01,1,817,买盘
480,10:01:31,8.16,-0.01,9,7349,卖盘
481,10:01:36,8.16,0.0,10,8160,卖盘
482,10:01:40,8.17,0.01,10,8170,买盘
483,10:01:49,8.16,-0.01,4,3264,卖盘
484,10:01:55,8.16,0.0,15,12581,卖盘
485,10:01:58,8.16,0.0,5,4080,卖盘
486,10:02:01,8.18,0.02,766,625851,买盘
487,10:02:04,8.18,0.0,1,818,买盘
488,10:02:09,8.17,-0.01,88,71896,卖盘
489,10:02:12,8.17,0.0,33,26961,买盘
490,10:02:16,8.18,0.01,167,136556,买盘
491,10:02:19,8.17,-0.01,81,66205,卖盘
492,10:02:22,8.17,0.0,28,22887,卖盘
493,10:02:25,8.17,0.0,91,74347,买盘
494,10:02:27,8.17,0.0,7,5719,买盘
495,10:02:30,8.18,0.01,7,5726,买盘
496,10:02:33,8.17,-0.01,43,35196,卖盘
497,10:02:37,8.17,0.0,153,124968,卖盘
498,10:02:40,8.17,0.0,160,130720,买盘
499,10:02:43,8.17,0.0,4,3298,买盘
500,10:02:45,8.17,0.0,14,11410,卖盘
501,10:02:48,8.17,0.0,37,30229,买盘
502,10:02:51,8.18,0.01,640,523485,买盘
503,10:02:58,8.17,-0.01,18,14706,中性盘
504,10:03:01,8.18,0.01,80,65408,买盘
505,10:03:04,8.16,-0.02,5,4080,卖盘
506,10:03:06,8.17,0.01,24,19608,买盘
507,10:03:10,8.18,0.01,3,2454,买盘
508,10:03:13,8.17,-0.01,31,25327,卖盘
509,10:03:15,8.17,0.0,12,9814,卖盘
510,10:03:19,8.17,0.0,145,118555,卖盘
511,10:03:21,8.17,0.0,2,1634,卖盘
512,10:03:25,8.17,0.0,5,4167,卖盘
513,10:03:31,8.17,0.0,11,8987,卖盘
514,10:03:34,8.17,0.0,16,13072,卖盘
515,10:03:37,8.17,0.0,300,245100,卖盘
516,10:03:40,8.17,0.0,17,13812,卖盘
517,10:03:42,8.17,0.0,77,62876,买盘
518,10:03:49,8.17,0.0,37,30262,卖盘
519,10:03:52,8.18,0.01,10,8180,买盘
520,10:03:55,8.17,-0.01,20,16338,中性盘
521,10:03:57,8.17,0.0,200,163400,买盘
522,10:04:01,8.17,0.0,42,34314,买盘
523,10:04:04,8.16,-0.01,4,3264,卖盘
524,10:04:16,8.17,0.01,159,129903,买盘
525,10:04:22,8.17,0.0,59,48203,卖盘
526,10:04:28,8.17,0.0,5,4085,卖盘
527,10:04:30,8.16,-0.01,50,40840,卖盘
528,10:04:33,8.17,0.01,2,1634,买盘
529,10:04:37,8.17,0.0,40,32680,买盘
530,10:04:40,8.16,-0.01,10,8165,卖盘
531,10:04:43,8.16,0.0,3,2448,卖盘
532,10:04:46,8.17,0.01,29,23693,买盘
533,10:04:52,8.16,-0.01,5,4080,卖盘
534,10:05:04,8.16,0.0,10,8160,卖盘
535,10:05:10,8.17,0.01,13,10390,买盘
536,10:05:12,8.17,0.0,8,6536,买盘
537,10:05:15,8.16,-0.01,14,11424,卖盘
538,10:05:19,8.16,0.0,16,13061,卖盘
539,10:05:22,8.17,0.01,58,47386,买盘
540,10:05:24,8.17,0.0,101,82517,买盘
541,10:05:28,8.17,0.0,145,118461,买盘
542,10:05:31,8.18,0.01,104,84985,买盘
543,10:05:33,8.17,-0.01,27,22081,卖盘
544,10:05:37,8.17,0.0,11,8987,卖盘
545,10:05:40,8.18,0.01,20,16360,买盘
546,10:05:43,8.17,-0.01,5,4085,卖盘
547,10:05:46,8.18,0.01,30,24540,买盘
548,10:05:48,8.18,0.0,80,65440,买盘
549,10:05:51,8.18,0.0,53,43354,买盘
550,10:05:55,8.18,0.0,1,818,买盘
551,10:05:58,8.17,-0.01,1,556,卖盘
552,10:06:01,8.18,0.01,6,4908,买盘
553,10:06:07,8.18,0.0,12,9816,买盘
554,10:06:09,8.17,-0.01,21,17158,卖盘
555,10:06:16,8.17,0.0,504,412268,卖盘
556,10:06:19,8.18,0.01,18,14718,买盘
557,10:06:22,8.18,0.0,20,16360,买盘
558,10:06:25,8.17,-0.01,36,29412,卖盘
559,10:06:28,8.18,0.01,63,51534,买盘
560,10:06:34,8.18,0.0,20,16358,买盘
561,10:06:36,8.17,-0.01,539,440694,卖盘
562,10:06:39,8.18,0.01,206,168424,买盘
563,10:06:43,8.18,0.0,61,49898,买盘
564,10:06:46,8.18,0.0,3,2454,买盘
565,10:06:49,8.18,0.0,20,16360,买盘
566,10:06:52,8.18,0.0,8,6544,买盘
567,10:06:54,8.18,0.0,35,28630,买盘
568,10:06:58,8.18,0.0,15,12266,买盘
569,10:07:04,8.18,0.0,62,50713,买盘
570,10:07:06,8.17,-0.01,93,76069,卖盘
571,10:07:09,8.18,0.01,107,87526,买盘
572,10:07:13,8.18,0.0,12,9554,买盘
573,10:07:19,8.18,0.0,31,25620,卖盘
574,10:07:21,8.18,0.0,202,165395,买盘
575,10:07:25,8.18,0.0,4,3272,卖盘
576,10:07:31,8.18,0.0,192,157530,卖盘
577,10:07:34,8.19,0.01,133,108807,买盘
578,10:07:37,8.18,-0.01,1,33,卖盘
579,10:07:39,8.19,0.01,305,249794,买盘
580,10:07:42,8.19,0.0,61,49956,买盘
581,10:07:46,8.19,0.0,122,99918,买盘
582,10:07:49,8.18,-0.01,110,90080,卖盘
583,10:07:52,8.19,0.01,38,31122,买盘
584,10:07:55,8.19,0.0,22,18018,买盘
585,10:07:57,8.18,-0.01,5,4090,卖盘
586,10:08:01,8.19,0.01,428,351089,买盘
587,10:08:10,8.19,0.0,24,19656,卖盘
588,10:08:13,8.19,0.0,50,40975,卖盘
589,10:08:16,8.19,0.0,61,49959,卖盘
590,10:08:19,8.19,0.0,51,41598,卖盘
591,10:08:22,8.2,0.01,76,62247,买盘
592,10:08:24,8.19,-0.01,30,24570,卖盘
593,10:08:27,8.19,0.0,137,112290,卖盘
594,10:08:30,8.18,-0.01,100,81897,卖盘
595,10:08:34,8.19,0.01,69,56738,买盘
596,10:08:43,8.18,-0.01,42,34393,卖盘
597,10:08:46,8.19,0.01,222,181818,买盘
598,10:08:48,8.19,0.0,20,16380,买盘
599,10:08:51,8.19,0.0,23,18837,买盘
600,10:08:58,8.19,0.0,94,76986,买盘
601,10:09:01,8.18,-0.01,505,413090,卖盘
602,10:09:04,8.18,0.0,10,8180,卖盘
603,10:09:10,8.18,0.0,27,22086,卖盘
604,10:09:13,8.19,0.01,257,210483,买盘
605,10:09:16,8.19,0.0,72,58957,买盘
606,10:09:19,8.19,0.0,40,32730,买盘
607,10:09:21,8.19,0.0,92,75343,买盘
608,10:09:24,8.18,-0.01,15,12283,卖盘
609,10:09:28,8.2,0.02,4,3280,买盘
610,10:09:34,8.19,-0.01,4,3276,买盘
611,10:09:36,8.2,0.01,27,22139,买盘
612,10:09:40,8.19,-0.01,10,8190,中性盘
613,10:09:43,8.19,0.0,2,1638,买盘
614,10:09:45,8.19,0.0,14,11466,买盘
615,10:09:49,8.18,-0.01,53,43389,卖盘
616,10:09:51,8.19,0.01,34,27841,买盘
617,10:09:54,8.19,0.0,52,42546,买盘
618,10:10:00,8.19,0.0,133,108927,买盘
619,10:10:04,8.19,0.0,54,44226,卖盘
620,10:10:07,8.19,0.0,88,72072,卖盘
621,10:10:10,8.19,0.0,288,235866,卖盘
622,10:10:12,8.18,-0.01,5,4090,卖盘
623,10:10:15,8.18,0.0,29,23750,卖盘
624,10:10:19,8.19,0.01,34,27846,买盘
625,10:10:28,8.19,0.0,12,9820,买盘
626,10:10:31,8.19,0.0,29,23751,买盘
627,10:10:33,8.18,-0.01,35,28630,卖盘
628,10:10:43,8.18,0.0,91,74458,卖盘
629,10:10:52,8.18,0.0,17,13906,卖盘
630,10:10:58,8.18,0.0,160,130880,卖盘
631,10:11:01,8.18,0.0,19,14994,卖盘
632,10:11:03,8.17,-0.01,2,1634,卖盘
633,10:11:06,8.18,0.01,123,100614,买盘
634,10:11:13,8.18,0.0,10,8180,买盘
635,10:11:16,8.17,-0.01,3,2451,卖盘
636,10:11:19,8.17,0.0,21,17177,卖盘
637,10:11:21,8.17,0.0,14,11438,卖盘
638,10:11:25,8.18,0.01,10,8180,买盘
639,10:11:31,8.17,-0.01,2,1634,卖盘
640,10:11:36,8.17,0.0,10,8170,卖盘
641,10:11:39,8.17,0.0,10,8170,卖盘
642,10:11:43,8.17,0.0,40,32680,卖盘
643,10:11:55,8.18,0.01,20,16345,买盘
644,10:11:58,8.17,-0.01,11,8997,卖盘
645,10:12:00,8.18,0.01,5,4090,买盘
646,10:12:06,8.17,-0.01,200,163400,卖盘
647,10:12:12,8.18,0.01,110,89980,买盘
648,10:12:16,8.18,0.0,840,687120,买盘
649,10:12:19,8.18,0.0,28,22904,买盘
650,10:12:22,8.17,-0.01,23,18808,卖盘
651,10:12:27,8.18,0.01,143,117522,买盘
652,10:12:34,8.18,0.0,111,90798,卖盘
653,10:12:40,8.18,0.0,107,87526,卖盘
654,10:12:42,8.18,0.0,118,96524,卖盘
655,10:12:45,8.18,0.0,95,77162,卖盘
656,10:12:49,8.17,-0.01,29,23698,卖盘
657,10:12:52,8.18,0.01,18,14707,买盘
658,10:12:54,8.19,0.01,129,106092,买盘
659,10:12:57,8.19,0.0,1,819,买盘
660,10:13:03,8.18,-0.01,17,13906,卖盘
661,10:13:06,8.19,0.01,7,5728,买盘
662,10:13:10,8.18,-0.01,10,8180,卖盘
663,10:13:13,8.18,0.0,6,4908,卖盘
664,10:13:16,8.18,0.0,62,50775,卖盘
665,10:13:21,8.18,0.0,5,4094,卖盘
666,10:13:31,8.18,0.0,15,12270,卖盘
667,10:13:34,8.19,0.01,20,16370,买盘
668,10:13:36,8.18,-0.01,106,86708,卖盘
669,10:13:39,8.19,0.01,42,34398,买盘
670,10:13:46,8.18,-0.01,11,8998,卖盘
671,10:13:52,8.18,0.0,2,1636,卖盘
672,10:13:58,8.19,0.01,10,8190,买盘
673,10:14:04,8.18,-0.01,155,126790,卖盘
674,10:14:13,8.18,0.0,1,818,卖盘
675,10:14:15,8.18,0.0,6,4908,卖盘
676,10:14:18,8.19,0.01,69,56503,买盘
677,10:14:24,8.18,-0.01,7,5729,卖盘
678,10:14:27,8.18,0.0,25,20450,卖盘
679,10:14:30,8.18,0.0,77,62986,卖盘
680,10:14:33,8.18,0.0,47,38446,卖盘
681,10:14:36,8.18,0.0,14,11452,卖盘
682,10:14:40,8.18,0.0,5,4090,卖盘
683,10:14:42,8.18,0.0,7,5726,卖盘
684,10:14:45,8.18,0.0,400,326652,卖盘
685,10:14:52,8.17,-0.01,4,3268,卖盘
686,10:14:55,8.18,0.01,1,818,买盘
687,10:15:01,8.18,0.0,103,84251,买盘
688,10:15:10,8.17,-0.01,40,32680,卖盘
689,10:15:16,8.17,0.0,2,1634,卖盘
690,10:15:19,8.17,0.0,1,817,卖盘
691,10:15:25,8.17,0.0,90,73530,卖盘
692,10:15:43,8.17,0.0,2,1634,卖盘
693,10:15:49,8.17,0.0,25,20425,卖盘
694,10:15:54,8.18,0.01,189,154602,买盘
695,10:15:58,8.17,-0.01,5,4085,卖盘
696,10:16:07,8.17,0.0,5,4085,卖盘
697,10:16:10,8.17,0.0,100,81700,卖盘
698,10:16:12,8.18,0.01,10,8173,买盘
699,10:16:22,8.17,-0.01,26,21257,卖盘
700,10:16:25,8.17,0.0,44,35948,卖盘
701,10:16:28,8.17,0.0,10,8170,卖盘
702,10:16:40,8.18,0.01,6,4908,买盘
703,10:16:45,8.17,-0.01,5,4085,卖盘
704,10:17:06,8.17,0.0,80,65360,卖盘
705,10:17:16,8.17,0.0,84,68628,卖盘
706,10:17:22,8.16,-0.01,2,1632,卖盘
707,10:17:25,8.17,0.01,14,11438,买盘
708,10:17:28,8.17,0.0,2,1634,卖盘
709,10:17:30,8.17,0.0,1,817,卖盘
710,10:17:37,8.18,0.01,24,19613,买盘
711,10:17:40,8.17,-0.01,5,4085,卖盘
712,10:17:42,8.17,0.0,36,29412,卖盘
713,10:17:45,8.17,0.0,7,5719,卖盘
714,10:17:52,8.17,0.0,5,4085,卖盘
715,10:18:10,8.18,0.01,30,24540,买盘
716,10:18:13,8.17,-0.01,2,1634,卖盘
717,10:18:16,8.18,0.01,440,359920,买盘
718,10:18:21,8.17,-0.01,11,8997,卖盘
719,10:18:24,8.18,0.01,17,13906,买盘
720,10:18:40,8.17,-0.01,1,817,卖盘
721,10:18:42,8.18,0.01,30,24540,买盘
722,10:18:45,8.18,0.0,10,8180,买盘
723,10:18:48,8.18,0.0,6,4908,买盘
724,10:18:51,8.18,0.0,100,81800,买盘
725,10:18:57,8.18,0.0,2,1636,买盘
726,10:19:01,8.18,0.0,3,2454,买盘
727,10:19:04,8.18,0.0,28,22901,买盘
728,10:19:07,8.17,-0.01,4,3268,卖盘
729,10:19:12,8.17,0.0,6,4902,卖盘
730,10:19:15,8.17,0.0,1,817,卖盘
731,10:19:18,8.17,0.0,104,85062,卖盘
732,10:19:27,8.18,0.01,95,77710,买盘
733,10:19:31,8.18,0.0,120,98140,买盘
734,10:19:52,8.18,0.0,12,9816,买盘
735,10:19:55,8.17,-0.01,300,245100,卖盘
736,10:19:58,8.18,0.01,30,24540,买盘
737,10:20:00,8.17,-0.01,147,120099,卖盘
738,10:20:03,8.17,0.0,219,178923,卖盘
739,10:20:07,8.17,0.0,59,48203,买盘
740,10:20:13,8.17,0.0,22,17974,买盘
741,10:20:16,8.17,0.0,1,817,卖盘
742,10:20:19,8.18,0.01,12,9816,买盘
743,10:20:24,8.17,-0.01,1,817,卖盘
744,10:20:30,8.17,0.0,76,62092,卖盘
745,10:20:37,8.16,-0.01,4,3264,卖盘
746,10:20:40,8.17,0.01,1,817,买盘
747,10:20:45,8.16,-0.01,7,5712,卖盘
748,10:20:57,8.16,0.0,71,57986,卖盘
749,10:21:07,8.17,0.01,3,2451,买盘
750,10:21:12,8.17,0.0,49,40033,买盘
751,10:21:19,8.16,-0.01,1,816,卖盘
752,10:21:43,8.16,0.0,2,1632,卖盘
753,10:21:54,8.16,0.0,45,36720,卖盘
754,10:22:01,8.16,0.0,12,9792,卖盘
755,10:22:04,8.16,0.0,1,816,卖盘
756,10:22:10,8.16,0.0,5,4080,卖盘
757,10:22:15,8.16,0.0,41,33456,卖盘
758,10:22:21,8.16,0.0,15,12240,卖盘
759,10:22:25,8.16,0.0,19,15504,卖盘
760,10:22:28,8.17,0.01,122,99672,买盘
761,10:22:31,8.17,0.0,98,80556,买盘
762,10:22:34,8.17,0.0,1,817,卖盘
763,10:22:36,8.17,0.0,1,327,买盘
764,10:22:48,8.17,0.0,38,31013,买盘
765,10:22:52,8.16,-0.01,45,36720,卖盘
766,10:22:55,8.16,0.0,14,11424,卖盘
767,10:22:57,8.16,0.0,22,17952,卖盘
768,10:23:01,8.16,0.0,25,20400,卖盘
769,10:23:04,8.16,0.0,16,13056,卖盘
770,10:23:07,8.16,0.0,249,203600,卖盘
771,10:23:10,8.16,0.0,6,4896,卖盘
772,10:23:13,8.17,0.01,505,412580,买盘
773,10:23:15,8.16,-0.01,21,17136,卖盘
774,10:23:18,8.16,0.0,11,8560,卖盘
775,10:23:28,8.16,0.0,2,1632,买盘
776,10:23:37,8.15,-0.01,5,4075,卖盘
777,10:23:45,8.15,0.0,37,30155,卖盘
778,10:24:13,8.15,0.0,40,32600,卖盘
779,10:24:18,8.15,0.0,2,1630,卖盘
780,10:24:21,8.15,0.0,15,12225,卖盘
781,10:24:25,8.16,0.01,5,4079,买盘
782,10:24:31,8.15,-0.01,11,8965,卖盘
783,10:24:37,8.15,0.0,100,81500,卖盘
784,10:24:43,8.15,0.0,5,4075,卖盘
785,10:24:45,8.15,0.0,52,42380,卖盘
786,10:24:48,8.15,0.0,10,8150,卖盘
787,10:24:54,8.15,0.0,24,19560,卖盘
788,10:25:00,8.16,0.01,45,36715,买盘
789,10:25:04,8.16,0.0,80,65280,买盘
790,10:25:06,8.15,-0.01,3,2445,卖盘
791,10:25:10,8.16,0.01,160,130560,买盘
792,10:25:12,8.16,0.0,211,172172,买盘
793,10:25:16,8.15,-0.01,12,9609,卖盘
794,10:25:22,8.16,0.01,30,24480,买盘
795,10:25:25,8.15,-0.01,25,20375,卖盘
796,10:25:39,8.15,0.0,2,1630,卖盘
797,10:25:42,8.15,0.0,34,27710,卖盘
798,10:25:46,8.15,0.0,397,323555,卖盘
799,10:25:54,8.15,0.0,65,52975,卖盘
800,10:26:00,8.15,0.0,2,1630,卖盘
801,10:26:04,8.15,0.0,20,16300,卖盘
802,10:26:16,8.15,0.0,3,2445,卖盘
803,10:26:19,8.15,0.0,11,8965,卖盘
804,10:26:25,8.15,0.0,200,163000,卖盘
805,10:26:28,8.15,0.0,14,11410,卖盘
806,10:26:31,8.15,0.0,8,6520,卖盘
807,10:26:34,8.15,0.0,10,8150,卖盘
808,10:26:36,8.15,0.0,8,6520,卖盘
809,10:26:46,8.15,0.0,7,5705,卖盘
810,10:26:49,8.15,0.0,403,328445,卖盘
811,10:26:52,8.15,0.0,2,1630,卖盘
812,10:26:54,8.16,0.01,311,253504,买盘
813,10:27:07,8.16,0.0,22,17952,买盘
814,10:27:13,8.15,-0.01,15,12225,卖盘
815,10:27:19,8.15,0.0,2,1630,卖盘
816,10:27:21,8.15,0.0,2,1630,卖盘
817,10:27:33,8.15,0.0,3,2445,卖盘
818,10:27:43,8.15,0.0,2,1630,卖盘
819,10:27:52,8.15,0.0,51,41565,卖盘
820,10:27:57,8.15,0.0,36,29340,买盘
821,10:28:10,8.15,0.0,7,5705,卖盘
822,10:28:15,8.15,0.0,8,6520,卖盘
823,10:28:33,8.15,0.0,5,4075,卖盘
824,10:28:40,8.16,0.01,12,9782,买盘
825,10:28:43,8.15,-0.01,3,2445,卖盘
826,10:28:48,8.15,0.0,529,431135,卖盘
827,10:28:51,8.15,0.0,122,99430,买盘
828,10:28:55,8.15,0.0,5,4075,买盘
829,10:28:57,8.15,0.0,10,8150,买盘
830,10:29:01,8.14,-0.01,3,2442,卖盘
831,10:29:15,8.15,0.01,42,34230,买盘
832,10:29:22,8.14,-0.01,2,1628,卖盘
833,10:29:25,8.14,0.0,2,1628,卖盘
834,10:29:27,8.14,0.0,154,125356,卖盘
835,10:29:33,8.14,0.0,31,25264,卖盘
836,10:29:40,8.14,0.0,5,4070,卖盘
837,10:29:48,8.14,0.0,6,4884,卖盘
838,10:29:52,8.14,0.0,116,94424,卖盘
839,10:29:57,8.15,0.01,1,815,买盘
840,10:30:04,8.15,0.0,52,42340,买盘
841,10:30:15,8.15,0.0,17,13855,买盘
842,10:30:18,8.14,-0.01,1,814,卖盘
843,10:30:21,8.15,0.01,5,4075,买盘
844,10:30:25,8.14,-0.01,11,8954,卖盘
845,10:30:31,8.15,0.01,5,4075,买盘
846,10:30:36,8.15,0.0,1,815,买盘
847,10:30:42,8.15,0.0,10,8150,买盘
848,10:30:49,8.14,-0.01,10,8140,卖盘
849,10:30:57,8.15,0.01,4,3260,买盘
850,10:31:00,8.15,0.0,49,39935,买盘
851,10:31:07,8.14,-0.01,50,40700,卖盘
852,10:31:10,8.14,0.0,4,3256,卖盘
853,10:31:16,8.14,0.0,3,2442,卖盘
854,10:31:19,8.14,0.0,14,11396,卖盘
855,10:31:25,8.15,0.01,10,8150,买盘
856,10:31:34,8.14,-0.01,30,24420,卖盘
857,10:31:37,8.14,0.0,17,13838,卖盘
858,10:31:40,8.14,0.0,10,8140,卖盘
859,10:31:42,8.15,0.01,5,4075,买盘
860,10:31:48,8.14,-0.01,5,4070,卖盘
861,10:31:55,8.15,0.01,17,13855,买盘
862,10:32:04,8.15,0.0,15,12225,买盘
863,10:32:25,8.14,-0.01,2,1628,卖盘
864,10:32:30,8.15,0.01,5,4075,买盘
865,10:32:36,8.14,-0.01,4,3256,卖盘
866,10:32:48,8.14,0.0,7,5698,卖盘
867,10:33:24,8.14,0.0,1,814,卖盘
868,10:33:34,8.14,0.0,30,24420,卖盘
869,10:33:40,8.14,0.0,50,40700,卖盘
870,10:33:46,8.14,0.0,31,25234,卖盘
871,10:34:00,8.14,0.0,10,8140,卖盘
872,10:34:06,8.15,0.01,34,27710,买盘
873,10:34:09,8.14,-0.01,5,4070,卖盘
874,10:34:19,8.14,0.0,208,169312,卖盘
875,10:34:34,8.14,0.0,5,4070,卖盘
876,10:34:45,8.14,0.0,42,34188,卖盘
877,10:34:55,8.14,0.0,50,40700,卖盘
878,10:35:21,8.14,0.0,12,9980,卖盘
879,10:35:39,8.14,0.0,5,4070,卖盘
880,10:35:45,8.14,0.0,11,8954,卖盘
881,10:35:48,8.14,0.0,6,4884,卖盘
882,10:35:52,8.14,0.0,5,4070,卖盘
883,10:35:58,8.14,0.0,51,41514,卖盘
884,10:36:07,8.14,0.0,34,27676,卖盘
885,10:36:16,8.14,0.0,12,9768,卖盘
886,10:36:19,8.14,0.0,1,814,卖盘
887,10:36:21,8.15,0.01,90,73310,买盘
888,10:36:30,8.15,0.0,1,815,买盘
889,10:37:04,8.14,-0.01,4,3256,卖盘
890,10:37:15,8.15,0.01,8,6518,买盘
891,10:37:28,8.14,-0.01,10,8140,卖盘
892,10:37:30,8.14,0.0,17,13838,卖盘
893,10:37:33,8.14,0.0,63,51282,卖盘
894,10:37:36,8.14,0.0,26,21164,卖盘
895,10:37:40,8.14,0.0,217,176638,卖盘
896,10:37:43,8.14,0.0,15,12210,卖盘
897,10:37:46,8.14,0.0,8,6512,卖盘
898,10:37:49,8.14,0.0,10,8140,卖盘
899,10:37:52,8.14,0.0,2,1628,卖盘
900,10:37:55,8.14,0.0,3,2442,卖盘
901,10:37:57,8.13,-0.01,9,7614,卖盘
902,10:38:01,8.14,0.01,10,8140,买盘
903,10:38:19,8.13,-0.01,55,44406,卖盘
904,10:38:21,8.13,0.0,4,3252,卖盘
905,10:38:39,8.13,0.0,25,20325,卖盘
906,10:38:46,8.14,0.01,1,814,买盘
907,10:38:48,8.13,-0.01,2,1626,卖盘
908,10:38:51,8.13,0.0,25,20325,卖盘
909,10:38:55,8.13,0.0,21,17073,卖盘
910,10:39:01,8.13,0.0,10,8130,卖盘
911,10:39:12,8.13,0.0,8,6504,卖盘
912,10:39:18,8.13,0.0,271,220323,卖盘
913,10:39:22,8.13,0.0,1,813,卖盘
914,10:39:28,8.14,0.01,1,814,买盘
915,10:39:37,8.13,-0.01,3,2439,卖盘
916,10:39:46,8.13,0.0,30,24390,卖盘
917,10:39:49,8.13,0.0,50,40650,卖盘
918,10:39:54,8.13,0.0,6,4878,卖盘
919,10:40:04,8.13,0.0,8,6504,卖盘
920,10:40:07,8.13,0.0,10,8130,卖盘
921,10:40:09,8.14,0.01,19,15466,买盘
922,10:40:25,8.13,-0.01,101,82113,卖盘
923,10:40:31,8.13,0.0,1,813,卖盘
924,10:40:36,8.14,0.01,1,814,买盘
925,10:40:45,8.13,-0.01,2,1626,卖盘
926,10:40:58,8.13,0.0,20,16260,卖盘
927,10:41:01,8.14,0.01,14,11396,买盘
928,10:41:13,8.14,0.0,42,34188,买盘
929,10:41:16,8.14,0.0,20,16280,买盘
930,10:41:19,8.14,0.0,41,33374,买盘
931,10:41:22,8.14,0.0,132,107447,买盘
932,10:41:25,8.15,0.01,64,52621,买盘
933,10:41:27,8.15,0.0,32,26070,买盘
934,10:41:37,8.15,0.0,14,11410,买盘
935,10:41:40,8.15,0.0,17,13855,买盘
936,10:41:46,8.15,0.0,14,11410,买盘
937,10:41:49,8.15,0.0,493,401795,买盘
938,10:41:51,8.15,0.0,18,14670,买盘
939,10:41:55,8.15,0.0,44,35860,买盘
940,10:41:58,8.16,0.01,250,203779,买盘
941,10:42:04,8.15,-0.01,13,10595,卖盘
942,10:42:06,8.16,0.01,74,60384,买盘
943,10:42:21,8.16,0.0,30,24480,买盘
944,10:42:24,8.15,-0.01,2,1630,卖盘
945,10:42:28,8.16,0.01,97,79152,买盘
946,10:42:30,8.16,0.0,70,57120,买盘
947,10:42:33,8.16,0.0,79,64464,买盘
948,10:42:37,8.16,0.0,35,28560,买盘
949,10:42:39,8.16,0.0,56,45696,买盘
950,10:42:45,8.16,0.0,58,47328,买盘
951,10:42:49,8.16,0.0,5,4080,买盘
952,10:42:52,8.15,-0.01,4,3263,卖盘
953,10:42:55,8.16,0.01,67,54672,买盘
954,10:42:58,8.16,0.0,32,26097,买盘
955,10:43:10,8.16,0.0,17,13872,买盘
956,10:43:16,8.15,-0.01,58,47300,卖盘
957,10:43:28,8.16,0.01,15,12240,买盘
958,10:43:52,8.16,0.0,350,285600,买盘
959,10:43:57,8.16,0.0,23,18762,买盘
960,10:44:00,8.16,0.0,5,4080,买盘
961,10:44:04,8.16,0.0,26,21205,买盘
962,10:44:06,8.16,0.0,659,537744,买盘
963,10:44:09,8.16,0.0,56,45696,买盘
964,10:44:13,8.16,0.0,340,277277,买盘
965,10:44:18,8.17,0.01,2,1633,买盘
966,10:44:28,8.17,0.0,1,817,买盘
967,10:44:37,8.17,0.0,1,817,买盘
968,10:44:40,8.17,0.0,17,13889,买盘
969,10:44:46,8.17,0.0,5,4085,买盘
970,10:44:49,8.17,0.0,1,817,买盘
971,10:44:51,8.17,0.0,7,5719,买盘
972,10:45:04,8.17,0.0,9,7353,买盘
973,10:45:13,8.17,0.0,201,164217,买盘
974,10:45:16,8.17,0.0,1,817,买盘
975,10:45:21,8.16,-0.01,31,25320,卖盘
976,10:45:27,8.17,0.01,1,817,买盘
977,10:45:37,8.17,0.0,11,8983,买盘
978,10:45:40,8.17,0.0,12,9804,买盘
979,10:45:46,8.17,0.0,15,12255,买盘
980,10:45:51,8.17,0.0,1,817,买盘
981,10:45:57,8.16,-0.01,5,4080,卖盘
982,10:46:00,8.16,0.0,1,816,卖盘
983,10:46:04,8.16,0.0,8,6528,卖盘
984,10:46:07,8.17,0.01,1,817,买盘
985,10:46:15,8.17,0.0,5,4085,买盘
986,10:46:18,8.16,-0.01,7,5718,卖盘
987,10:46:31,8.17,0.01,1,817,买盘
988,10:46:40,8.16,-0.01,30,24480,卖盘
989,10:46:43,8.17,0.01,21,17137,买盘
990,10:46:55,8.17,0.0,1,817,买盘
991,10:47:06,8.17,0.0,50,40850,买盘
992,10:47:09,8.17,0.0,4,3268,买盘
993,10:47:16,8.16,-0.01,7,5717,卖盘
994,10:47:22,8.17,0.01,1,817,买盘
995,10:47:30,8.17,0.0,22,17974,买盘
996,10:47:33,8.17,0.0,1,817,买盘
997,10:47:39,8.17,0.0,51,41667,买盘
998,10:47:42,8.17,0.0,11,8987,买盘
999,10:47:48,8.17,0.0,73,59641,买盘
1000,10:47:51,8.17,0.0,1,817,买盘
1001,10:47:54,8.17,0.0,44,35948,买盘
1002,10:47:57,8.16,-0.01,6,4896,卖盘
1003,10:48:00,8.17,0.01,1,817,买盘
1004,10:48:04,8.16,-0.01,22,17968,卖盘
1005,10:48:13,8.17,0.01,35,28595,买盘
1006,10:48:18,8.16,-0.01,6,4901,卖盘
1007,10:48:21,8.16,0.0,5,4080,卖盘
1008,10:48:24,8.17,0.01,26,21242,买盘
1009,10:48:30,8.17,0.0,3,2451,买盘
1010,10:48:34,8.17,0.0,1,817,买盘
1011,10:48:36,8.16,-0.01,26,21234,卖盘
1012,10:48:42,8.17,0.01,10,8170,买盘
1013,10:48:45,8.17,0.0,1,817,买盘
1014,10:48:55,8.16,-0.01,5,4080,卖盘
1015,10:48:58,8.17,0.01,1,817,买盘
1016,10:49:13,8.17,0.0,1,817,买盘
1017,10:49:16,8.17,0.0,172,140524,买盘
1018,10:49:25,8.16,-0.01,1,816,卖盘
1019,10:49:28,8.17,0.01,2,1634,买盘
1020,10:49:33,8.18,0.01,6,4908,买盘
1021,10:49:36,8.17,-0.01,2,1634,卖盘
1022,10:49:55,8.17,0.0,7,5719,买盘
1023,10:49:58,8.17,0.0,5,4085,卖盘
1024,10:50:04,8.17,0.0,11,8987,卖盘
1025,10:50:16,8.18,0.01,2,1635,买盘
1026,10:50:36,8.18,0.0,7,5726,买盘
1027,10:51:01,8.18,0.0,10,8180,买盘
1028,10:51:16,8.17,-0.01,6,4907,卖盘
1029,10:51:24,8.18,0.01,30,24540,买盘
1030,10:51:33,8.18,0.0,5,4090,买盘
1031,10:51:57,8.17,-0.01,6,4902,卖盘
1032,10:52:00,8.17,0.0,1,817,卖盘
1033,10:52:04,8.17,0.0,8,6536,卖盘
1034,10:52:07,8.17,0.0,5,4085,卖盘
1035,10:52:10,8.17,0.0,12,9804,卖盘
1036,10:52:24,8.17,0.0,21,17157,卖盘
1037,10:52:33,8.18,0.01,25,20450,买盘
1038,10:52:46,8.18,0.0,6,4908,买盘
1039,10:52:48,8.18,0.0,55,44990,买盘
1040,10:52:51,8.17,-0.01,44,35948,卖盘
1041,10:53:01,8.17,0.0,92,75164,卖盘
1042,10:53:18,8.16,-0.01,1,816,卖盘
1043,10:53:27,8.17,0.01,63,51471,买盘
1044,10:53:39,8.16,-0.01,15,12240,卖盘
1045,10:53:42,8.17,0.01,51,41667,买盘
1046,10:53:49,8.17,0.0,7,5719,买盘
1047,10:53:52,8.17,0.0,61,49837,买盘
1048,10:53:55,8.17,0.0,13,10621,买盘
1049,10:53:57,8.16,-0.01,10,8165,卖盘
1050,10:54:00,8.17,0.01,168,137256,买盘
1051,10:54:04,8.16,-0.01,10,8160,卖盘
1052,10:54:10,8.17,0.01,36,29657,买盘
1053,10:54:25,8.17,0.0,1,817,卖盘
1054,10:54:37,8.17,0.0,10,8170,卖盘
1055,10:54:46,8.17,0.0,12,9804,卖盘
1056,10:54:51,8.18,0.01,42,34356,买盘
1057,10:54:58,8.18,0.0,16,13088,买盘
1058,10:55:01,8.17,-0.01,5,4085,卖盘
1059,10:55:07,8.18,0.01,10,8180,买盘
1060,10:55:12,8.17,-0.01,76,62092,卖盘
1061,10:55:21,8.17,0.0,39,31618,卖盘
1062,10:55:24,8.17,0.0,8,6536,买盘
1063,10:55:30,8.17,0.0,3,2451,买盘
1064,10:55:51,8.17,0.0,5,4085,买盘
1065,10:55:57,8.16,-0.01,6,4896,卖盘
1066,10:56:03,8.16,0.0,11,8976,卖盘
1067,10:56:15,8.16,0.0,20,16320,卖盘
1068,10:56:18,8.16,0.0,6,4896,卖盘
1069,10:56:21,8.16,0.0,1,816,卖盘
1070,10:56:27,8.16,0.0,20,16330,卖盘
1071,10:56:31,8.16,0.0,3,2448,卖盘
1072,10:56:42,8.16,0.0,34,27744,卖盘
1073,10:56:52,8.16,0.0,17,13872,卖盘
1074,10:57:01,8.16,0.0,5,4080,卖盘
1075,10:57:04,8.16,0.0,20,16320,卖盘
1076,10:57:12,8.16,0.0,2,1632,卖盘
1077,10:57:18,8.16,0.0,2,1632,卖盘
1078,10:57:24,8.16,0.0,16,13056,卖盘
1079,10:57:27,8.17,0.01,50,40850,买盘
1080,10:57:31,8.16,-0.01,10,8160,卖盘
1081,10:57:46,8.16,0.0,10,8160,卖盘
1082,10:57:48,8.16,0.0,100,81600,卖盘
1083,10:57:52,8.17,0.01,15,12250,买盘
1084,10:57:58,8.16,-0.01,5,4080,卖盘
1085,10:58:04,8.16,0.0,11,8976,卖盘
1086,10:58:09,8.16,0.0,23,18773,卖盘
1087,10:58:18,8.16,0.0,1,816,卖盘
1088,10:58:24,8.17,0.01,4,3268,买盘
1089,10:59:01,8.16,-0.01,1,816,卖盘
1090,10:59:04,8.16,0.0,1,816,卖盘
1091,10:59:09,8.17,0.01,10,8170,买盘
1092,10:59:12,8.17,0.0,4,3268,买盘
1093,10:59:16,8.16,-0.01,1,816,卖盘
1094,10:59:18,8.16,0.0,49,39984,卖盘
1095,10:59:57,8.17,0.01,18,14706,买盘
1096,11:00:01,8.16,-0.01,106,86496,卖盘
1097,11:00:07,8.16,0.0,8,6528,卖盘
1098,11:00:33,8.17,0.01,1,817,买盘
1099,11:00:39,8.17,0.0,11,8987,买盘
1100,11:00:45,8.17,0.0,5,4085,买盘
1101,11:00:58,8.16,-0.01,1,816,卖盘
1102,11:01:12,8.16,0.0,30,24480,卖盘
1103,11:01:18,8.16,0.0,50,40800,卖盘
1104,11:01:21,8.16,0.0,14,11457,卖盘
1105,11:01:24,8.16,0.0,4,3264,卖盘
1106,11:01:36,8.17,0.01,2,1634,买盘
1107,11:01:39,8.17,0.0,2,1634,买盘
1108,11:01:52,8.16,-0.01,4,3264,卖盘
1109,11:01:57,8.17,0.01,10,8170,买盘
1110,11:02:00,8.16,-0.01,5,4080,卖盘
1111,11:02:04,8.16,0.0,5,4080,卖盘
1112,11:02:06,8.16,0.0,12,9792,卖盘
1113,11:02:09,8.16,0.0,52,42432,卖盘
1114,11:02:18,8.16,0.0,200,163200,卖盘
1115,11:02:48,8.16,0.0,50,40800,卖盘
1116,11:02:52,8.17,0.01,39,31863,买盘
1117,11:02:54,8.17,0.0,5,4085,买盘
1118,11:03:04,8.16,-0.01,67,54689,卖盘
1119,11:03:06,8.16,0.0,14,11424,卖盘
1120,11:03:15,8.16,0.0,31,25303,卖盘
1121,11:03:22,8.17,0.01,28,22875,买盘
1122,11:03:55,8.17,0.0,32,26275,买盘
1123,11:04:00,8.16,-0.01,119,97184,卖盘
1124,11:04:07,8.16,0.0,6,4896,卖盘
1125,11:04:16,8.16,0.0,30,24497,卖盘
1126,11:04:48,8.17,0.01,19,15523,买盘
1127,11:04:52,8.17,0.0,11,8987,买盘
1128,11:04:57,8.16,-0.01,5,4080,卖盘
1129,11:05:09,8.16,0.0,12,9792,卖盘
1130,11:05:36,8.17,0.01,362,295754,买盘
1131,11:05:45,8.16,-0.01,2,1632,卖盘
1132,11:05:48,8.17,0.01,15,12255,买盘
1133,11:06:00,8.16,-0.01,5,4080,卖盘
1134,11:06:07,8.16,0.0,17,13882,卖盘
1135,11:06:28,8.16,0.0,5,4080,卖盘
1136,11:06:30,8.16,0.0,6,4896,卖盘
1137,11:06:42,8.16,0.0,12,9792,卖盘
1138,11:06:51,8.16,0.0,14,11424,卖盘
1139,11:07:00,8.16,0.0,1,816,卖盘
1140,11:07:06,8.17,0.01,20,16335,买盘
1141,11:07:30,8.16,-0.01,13,10608,卖盘
1142,11:07:34,8.16,0.0,25,20400,卖盘
1143,11:07:36,8.17,0.01,11,8987,买盘
1144,11:07:48,8.17,0.0,30,24510,买盘
1145,11:07:57,8.17,0.0,20,16340,买盘
1146,11:08:00,8.16,-0.01,6,4896,卖盘
1147,11:08:07,8.16,0.0,9,7344,卖盘
1148,11:08:15,8.16,0.0,1,816,卖盘
1149,11:08:42,8.16,0.0,12,9792,卖盘
1150,11:08:57,8.16,0.0,25,20400,卖盘
1151,11:09:04,8.17,0.01,11,8987,买盘
1152,11:09:12,8.16,-0.01,24,19584,卖盘
1153,11:09:15,8.16,0.0,17,13872,卖盘
1154,11:09:27,8.16,0.0,205,167280,卖盘
1155,11:09:31,8.16,0.0,60,48960,卖盘
1156,11:09:42,8.16,0.0,100,81600,卖盘
1157,11:09:48,8.17,0.01,4,3268,买盘
1158,11:09:51,8.17,0.0,20,16340,买盘
1159,11:10:00,8.17,0.0,6,4897,买盘
1160,11:10:04,8.16,-0.01,10,8160,卖盘
1161,11:10:09,8.16,0.0,6,4896,卖盘
1162,11:10:15,8.16,0.0,72,58752,卖盘
1163,11:10:18,8.16,0.0,30,24480,卖盘
1164,11:10:21,8.17,0.01,10,8170,买盘
1165,11:10:36,8.17,0.0,1,817,买盘
1166,11:10:42,8.17,0.0,1,817,买盘
1167,11:10:48,8.16,-0.01,30,24480,卖盘
1168,11:10:51,8.16,0.0,10,8160,卖盘
1169,11:10:54,8.16,0.0,21,17136,卖盘
1170,11:11:04,8.16,0.0,43,35088,卖盘
1171,11:11:06,8.16,0.0,85,69360,卖盘
1172,11:11:09,8.16,0.0,120,97920,卖盘
1173,11:11:12,8.16,0.0,18,14688,卖盘
1174,11:11:15,8.16,0.0,12,9792,卖盘
1175,11:11:18,8.16,0.0,153,124848,卖盘
1176,11:11:24,8.15,-0.01,23,18745,卖盘
1177,11:11:27,8.15,0.0,199,162185,卖盘
1178,11:11:31,8.15,0.0,63,51345,卖盘
1179,11:11:34,8.15,0.0,40,32600,卖盘
1180,11:11:37,8.15,0.0,325,264875,卖盘
1181,11:11:39,8.15,0.0,30,24460,卖盘
1182,11:11:43,8.15,0.0,153,124695,卖盘
1183,11:11:46,8.15,0.0,5,4075,卖盘
1184,11:11:49,8.15,0.0,34,27710,卖盘
1185,11:12:00,8.14,-0.01,6,4884,卖盘
1186,11:12:06,8.14,0.0,9,7326,卖盘
1187,11:12:18,8.14,0.0,12,9768,卖盘
1188,11:12:33,8.15,0.01,46,37490,买盘
1189,11:12:45,8.13,-0.02,120,97617,卖盘
1190,11:12:51,8.15,0.02,5,4075,买盘
1191,11:12:57,8.13,-0.02,35,28455,卖盘
1192,11:13:04,8.15,0.02,10,8150,买盘
1193,11:13:09,8.15,0.0,4,3260,买盘
1194,11:13:15,8.13,-0.02,1,813,卖盘
1195,11:13:27,8.14,0.01,4,3256,买盘
1196,11:13:30,8.14,0.0,2,1628,买盘
1197,11:13:54,8.15,0.01,5,4075,买盘
1198,11:14:01,8.14,-0.01,5,4070,卖盘
1199,11:14:06,8.14,0.0,11,8905,卖盘
1200,11:14:15,8.14,0.0,5,4070,卖盘
1201,11:14:21,8.15,0.01,10,8150,买盘
1202,11:14:49,8.14,-0.01,5,4070,卖盘
1203,11:15:00,8.14,0.0,1,814,卖盘
1204,11:15:15,8.15,0.01,8,6520,买盘
1205,11:15:54,8.15,0.0,2,1630,买盘
1206,11:15:57,8.15,0.0,105,85575,买盘
1207,11:16:00,8.14,-0.01,17,13849,卖盘
1208,11:16:06,8.14,0.0,10,8140,卖盘
1209,11:16:15,8.13,-0.01,367,298477,卖盘
1210,11:16:18,8.13,0.0,5,4065,卖盘
1211,11:16:42,8.13,0.0,113,91869,卖盘
1212,11:16:48,8.14,0.01,10,8140,中性盘
1213,11:16:51,8.14,0.0,5,4070,卖盘
1214,11:17:15,8.15,0.01,1,815,买盘
1215,11:17:21,8.15,0.0,11,8965,买盘
1216,11:17:27,8.15,0.0,17,13855,买盘
1217,11:17:30,8.13,-0.02,4,3252,卖盘
1218,11:17:45,8.15,0.02,78,63570,买盘
1219,11:17:48,8.15,0.0,37,30155,买盘
1220,11:18:00,8.13,-0.02,5,4065,卖盘
1221,11:18:06,8.13,0.0,11,8943,卖盘
1222,11:18:15,8.13,0.0,100,81300,卖盘
1223,11:18:21,8.13,0.0,12,9770,卖盘
1224,11:18:30,8.13,0.0,5,4065,卖盘
1225,11:18:33,8.13,0.0,5,4065,卖盘
1226,11:18:36,8.15,0.02,10,8150,买盘
1227,11:18:45,8.12,-0.03,750,609194,卖盘
1228,11:19:06,8.12,0.0,250,203050,卖盘
1229,11:19:19,8.14,0.02,2,1628,买盘
1230,11:19:43,8.13,-0.01,3,2439,买盘
1231,11:20:04,8.13,0.0,10,8125,买盘
1232,11:20:06,8.13,0.0,20,16255,买盘
1233,11:20:09,8.12,-0.01,20,16267,卖盘
1234,11:20:36,8.14,0.02,2,1628,买盘
1235,11:20:48,8.14,0.0,10,8140,买盘
1236,11:21:06,8.13,-0.01,20,16260,买盘
1237,11:21:15,8.14,0.01,17,13838,买盘
1238,11:21:27,8.14,0.0,51,41514,买盘
1239,11:21:30,8.14,0.0,11,8954,买盘
1240,11:21:39,8.14,0.0,18,14652,买盘
1241,11:21:51,8.14,0.0,350,284900,买盘
1242,11:21:57,8.14,0.0,62,50468,买盘
1243,11:22:00,8.13,-0.01,1,813,卖盘
1244,11:22:04,8.13,0.0,6,4878,卖盘
1245,11:22:09,8.13,0.0,6,4878,卖盘
1246,11:22:24,8.13,0.0,25,20325,卖盘
1247,11:22:27,8.14,0.01,17,13838,买盘
1248,11:22:42,8.14,0.0,100,81400,买盘
1249,11:22:57,8.14,0.0,4,3256,买盘
1250,11:23:04,8.14,0.0,11,8954,买盘
1251,11:23:18,8.14,0.0,34,27676,买盘
1252,11:23:28,8.14,0.0,18,14651,买盘
1253,11:23:36,8.14,0.0,22,17936,买盘
1254,11:23:42,8.13,-0.01,1,813,卖盘
1255,11:23:51,8.13,0.0,6,4878,卖盘
1256,11:23:57,8.13,0.0,5,4065,卖盘
1257,11:24:00,8.13,0.0,5,4065,卖盘
1258,11:24:06,8.13,0.0,1,813,卖盘
1259,11:24:09,8.13,0.0,9,7317,卖盘
1260,11:24:21,8.13,0.0,1,813,卖盘
1261,11:24:24,8.13,0.0,4,3252,卖盘
1262,11:24:28,8.14,0.01,10,8140,买盘
1263,11:24:31,8.13,-0.01,1,813,卖盘
1264,11:24:45,8.13,0.0,1,813,卖盘
1265,11:25:00,8.13,0.0,1,813,卖盘
1266,11:25:09,8.13,0.0,5,4065,卖盘
1267,11:25:18,8.13,0.0,10,8130,卖盘
1268,11:25:25,8.13,0.0,1,813,卖盘
1269,11:25:27,8.13,0.0,437,355248,卖盘
1270,11:25:40,8.12,-0.01,1,812,卖盘
1271,11:25:43,8.12,0.0,4,3248,卖盘
1272,11:25:45,8.13,0.01,10,8130,买盘
1273,11:25:51,8.12,-0.01,6,4872,卖盘
1274,11:26:00,8.12,0.0,1,812,卖盘
1275,11:26:04,8.12,0.0,56,45472,卖盘
1276,11:26:09,8.12,0.0,9,7308,卖盘
1277,11:26:12,8.12,0.0,87,70644,卖盘
1278,11:26:15,8.12,0.0,1,812,卖盘
1279,11:26:18,8.12,0.0,60,48720,卖盘
1280,11:26:27,8.13,0.01,154,125141,买盘
1281,11:26:36,8.11,-0.02,114,92488,卖盘
1282,11:26:46,8.12,0.01,5,4060,买盘
1283,11:26:52,8.12,0.0,6,4872,买盘
1284,11:26:57,8.11,-0.01,1,811,卖盘
1285,11:27:04,8.12,0.01,10,8120,买盘
1286,11:27:07,8.11,-0.01,4,3244,卖盘
1287,11:27:09,8.12,0.01,5,4060,买盘
1288,11:27:19,8.12,0.0,9,7302,买盘
1289,11:27:25,8.11,-0.01,5,4055,卖盘
1290,11:27:30,8.11,0.0,25,20275,卖盘
1291,11:27:34,8.11,0.0,200,162200,卖盘
1292,11:27:40,8.11,0.0,3,2433,卖盘
1293,11:27:45,8.11,0.0,4,3244,卖盘
1294,11:28:01,8.11,0.0,1,811,卖盘
1295,11:28:04,8.11,0.0,5,4055,卖盘
1296,11:28:10,8.11,0.0,12,9732,卖盘
1297,11:28:16,8.12,0.01,44,35728,买盘
1298,11:28:22,8.12,0.0,10,8120,买盘
1299,11:28:24,8.11,-0.01,1,811,卖盘
1300,11:28:39,8.11,0.0,1,811,卖盘
1301,11:28:48,8.12,0.01,3,2436,买盘
1302,11:28:54,8.11,-0.01,1,811,卖盘
1303,11:28:57,8.12,0.01,8,6496,买盘
1304,11:29:01,8.11,-0.01,1,811,卖盘
1305,11:29:07,8.11,0.0,81,65691,卖盘
1306,11:29:10,8.12,0.01,98,79576,买盘
1307,11:29:13,8.12,0.0,1,812,买盘
1308,11:29:15,8.11,-0.01,21,17031,卖盘
1309,11:29:21,8.12,0.01,28,22736,买盘
1310,11:29:30,8.11,-0.01,2,1622,卖盘
1311,11:29:36,8.12,0.01,32,25956,买盘
1312,11:29:42,8.12,0.0,11,8932,买盘
1313,11:29:45,8.11,-0.01,70,56770,卖盘
1314,11:29:48,8.12,0.01,4,3248,买盘
1315,11:29:51,8.11,-0.01,25,20279,卖盘
1316,11:29:57,8.11,0.0,51,41361,卖盘
1317,11:30:00,8.11,0.0,9,7302,卖盘
1318,13:00:04,8.11,0.0,770,624316,卖盘
1319,13:00:06,8.11,0.0,27,21897,买盘
1320,13:00:09,8.1,-0.01,9,7290,卖盘
1321,13:00:13,8.1,0.0,2,1620,卖盘
1322,13:00:16,8.1,0.0,2,1620,卖盘
1323,13:00:22,8.1,0.0,22,17820,卖盘
1324,13:00:34,8.11,0.01,1,811,买盘
1325,13:00:40,8.11,0.0,10,8110,买盘
1326,13:00:42,8.1,-0.01,228,184680,卖盘
1327,13:01:04,8.11,0.01,10,8110,买盘
1328,13:01:21,8.11,0.0,11,8921,买盘
1329,13:01:27,8.11,0.0,10,8110,买盘
1330,13:01:36,8.11,0.0,6,4866,买盘
1331,13:01:42,8.11,0.0,5,4055,卖盘
1332,13:01:57,8.12,0.01,114,92568,买盘
1333,13:02:00,8.12,0.0,27,21924,卖盘
1334,13:02:03,8.12,0.0,5,4060,卖盘
1335,13:02:12,8.11,-0.01,8,6492,卖盘
1336,13:02:15,8.11,0.0,50,40550,卖盘
1337,13:02:18,8.13,0.02,143,116256,买盘
1338,13:02:21,8.13,0.0,55,44715,买盘
1339,13:03:06,8.12,-0.01,2,1624,买盘
1340,13:03:12,8.12,0.0,11,8932,买盘
1341,13:03:24,8.11,-0.01,17,13787,卖盘
1342,13:03:30,8.11,0.0,18,14598,卖盘
1343,13:03:36,8.11,0.0,40,32440,卖盘
1344,13:03:39,8.11,0.0,63,51093,卖盘
1345,13:03:51,8.11,0.0,19,15409,卖盘
1346,13:03:57,8.11,0.0,49,39749,卖盘
1347,13:04:00,8.11,0.0,21,17031,卖盘
1348,13:04:04,8.11,0.0,10,8110,卖盘
1349,13:04:06,8.11,0.0,12,9732,卖盘
1350,13:04:12,8.11,0.0,9,7299,卖盘
1351,13:04:15,8.12,0.01,2,1624,买盘
1352,13:04:21,8.12,0.0,18,14616,买盘
1353,13:04:27,8.11,-0.01,6,4866,卖盘
1354,13:04:30,8.12,0.01,6,4872,买盘
1355,13:04:33,8.11,-0.01,8,6488,卖盘
1356,13:04:48,8.11,0.0,2,1622,卖盘
1357,13:04:51,8.12,0.01,5,4060,买盘
1358,13:05:00,8.12,0.0,17,13804,买盘
1359,13:05:04,8.12,0.0,20,16240,买盘
1360,13:05:07,8.11,-0.01,1,811,卖盘
1361,13:05:18,8.12,0.01,1,812,买盘
1362,13:05:24,8.12,0.0,10,8120,买盘
1363,13:05:27,8.12,0.0,21,17052,买盘
1364,13:05:33,8.12,0.0,6,4872,买盘
1365,13:05:36,8.11,-0.01,10,8110,卖盘
1366,13:05:42,8.11,0.0,84,68124,卖盘
1367,13:05:54,8.11,0.0,15,12165,卖盘
1368,13:06:04,8.11,0.0,17,13799,卖盘
1369,13:06:07,8.12,0.01,2,1624,买盘
1370,13:06:12,8.12,0.0,17,13792,买盘
1371,13:06:15,8.11,-0.01,50,40599,卖盘
1372,13:06:25,8.11,0.0,162,131382,卖盘
1373,13:06:27,8.12,0.01,18,14616,买盘
1374,13:06:39,8.13,0.01,5,4065,买盘
1375,13:06:42,8.12,-0.01,62,50344,卖盘
1376,13:06:45,8.12,0.0,11,8932,买盘
1377,13:06:48,8.13,0.01,66,53621,买盘
1378,13:07:12,8.12,-0.01,13,10556,卖盘
1379,13:07:36,8.12,0.0,10,8120,卖盘
1380,13:07:39,8.12,0.0,20,16240,卖盘
1381,13:07:42,8.12,0.0,22,17864,卖盘
1382,13:08:01,8.12,0.0,33,26796,买盘
1383,13:08:03,8.12,0.0,14,11368,卖盘
1384,13:08:06,8.13,0.01,10,8130,买盘
1385,13:08:13,8.12,-0.01,11,8932,卖盘
1386,13:08:16,8.12,0.0,100,81200,卖盘
1387,13:08:21,8.12,0.0,5,4060,卖盘
1388,13:08:30,8.13,0.01,5,4065,买盘
1389,13:08:51,8.12,-0.01,4,3248,卖盘
1390,13:09:03,8.12,0.0,10,8120,卖盘
1391,13:09:10,8.12,0.0,30,24360,卖盘
1392,13:09:13,8.12,0.0,30,24360,卖盘
1393,13:09:16,8.13,0.01,10,8130,买盘
1394,13:09:18,8.13,0.0,17,13821,买盘
1395,13:09:42,8.12,-0.01,50,40600,卖盘
1396,13:09:46,8.13,0.01,2,1626,买盘
1397,13:09:48,8.13,0.0,11,8943,买盘
1398,13:10:00,8.1,-0.03,800,648931,卖盘
1399,13:10:03,8.11,0.01,5,4055,卖盘
1400,13:10:12,8.11,0.0,32,25952,卖盘
1401,13:10:24,8.11,0.0,5,4055,卖盘
1402,13:10:33,8.11,0.0,5,4055,卖盘
1403,13:10:37,8.12,0.01,10,8120,买盘
1404,13:10:40,8.12,0.0,11,8932,买盘
1405,13:10:45,8.12,0.0,10,8120,买盘
1406,13:10:48,8.11,-0.01,5,4055,卖盘
1407,13:10:54,8.12,0.01,10,8120,买盘
1408,13:11:18,8.11,-0.01,6,4866,卖盘
1409,13:11:24,8.12,0.01,30,24360,买盘
1410,13:11:28,8.11,-0.01,61,49471,卖盘
1411,13:11:31,8.11,0.0,149,120839,卖盘
1412,13:11:33,8.12,0.01,26,21112,买盘
1413,13:11:42,8.1,-0.02,1118,906022,卖盘
1414,13:11:45,8.1,0.0,1,810,买盘
1415,13:11:48,8.09,-0.01,182,147278,卖盘
1416,13:12:04,8.1,0.01,16,12954,买盘
1417,13:12:06,8.09,-0.01,30,24270,卖盘
1418,13:12:09,8.1,0.01,20,16200,买盘
1419,13:12:12,8.09,-0.01,54,43703,卖盘
1420,13:12:15,8.1,0.01,10,8100,买盘
1421,13:12:18,8.09,-0.01,10,8090,卖盘
1422,13:12:24,8.09,0.0,1,809,卖盘
1423,13:12:31,8.1,0.01,32,25894,买盘
1424,13:12:36,8.09,-0.01,15,12140,卖盘
1425,13:12:39,8.1,0.01,100,81000,买盘
1426,13:12:42,8.11,0.01,73,59203,买盘
1427,13:12:45,8.11,0.0,35,28385,买盘
1428,13:12:49,8.11,0.0,2,1622,卖盘
1429,13:12:52,8.12,0.01,99,80328,买盘
1430,13:13:01,8.11,-0.01,1,811,卖盘
1431,13:13:06,8.12,0.01,9,7308,买盘
1432,13:13:16,8.11,-0.01,13,10543,卖盘
1433,13:13:22,8.11,0.0,64,51904,卖盘
1434,13:14:00,8.12,0.01,29,23539,买盘
1435,13:14:04,8.11,-0.01,20,16220,卖盘
1436,13:14:06,8.12,0.01,28,22731,买盘
1437,13:14:09,8.12,0.0,10,8120,买盘
1438,13:14:16,8.12,0.0,36,29216,买盘
1439,13:14:25,8.11,-0.01,87,70559,卖盘
1440,13:14:28,8.12,0.01,145,117725,买盘
1441,13:14:37,8.12,0.0,13,10556,卖盘
1442,13:14:54,8.12,0.0,52,42224,卖盘
1443,13:15:06,8.12,0.0,12,9744,买盘
1444,13:15:13,8.12,0.0,11,8932,买盘
1445,13:15:15,8.11,-0.01,1,811,卖盘
1446,13:15:18,8.11,0.0,40,32440,卖盘
1447,13:15:21,8.11,0.0,1,811,买盘
1448,13:15:30,8.1,-0.01,7,5670,卖盘
1449,13:15:48,8.1,0.0,5,4050,卖盘
1450,13:15:54,8.1,0.0,1,810,卖盘
1451,13:16:03,8.1,0.0,6,4860,卖盘
1452,13:16:09,8.11,0.01,1,811,买盘
1453,13:16:12,8.1,-0.01,11,8910,卖盘
1454,13:16:22,8.11,0.01,10,8110,买盘
1455,13:16:27,8.11,0.0,10,8110,买盘
1456,13:16:33,8.11,0.0,23,18645,买盘
1457,13:16:36,8.11,0.0,5,4055,买盘
1458,13:16:54,8.11,0.0,49,39739,买盘
1459,13:16:57,8.1,-0.01,150,121500,卖盘
1460,13:17:01,8.1,0.0,18,14580,卖盘
1461,13:17:21,8.12,0.02,2,1624,买盘
1462,13:17:33,8.1,-0.02,8,6482,卖盘
1463,13:17:58,8.1,0.0,24,19440,卖盘
1464,13:18:04,8.1,0.0,16,12982,卖盘
1465,13:18:09,8.1,0.0,5,4050,卖盘
1466,13:18:12,8.1,0.0,27,21870,卖盘
1467,13:18:33,8.12,0.02,2,1624,买盘
1468,13:18:36,8.1,-0.02,8,6480,卖盘
1469,13:18:39,8.1,0.0,5,4050,卖盘
1470,13:19:13,8.11,0.01,20,16220,卖盘
1471,13:19:18,8.12,0.01,10,8115,买盘
1472,13:19:24,8.11,-0.01,10,8110,中性盘
1473,13:19:27,8.1,-0.01,10,8100,卖盘
1474,13:19:30,8.1,0.0,8,6480,卖盘
1475,13:19:42,8.11,0.01,2,1622,买盘
1476,13:19:45,8.1,-0.01,400,324000,卖盘
1477,13:19:54,8.11,0.01,20,16220,买盘
1478,13:20:04,8.11,0.0,49,39739,买盘
1479,13:20:06,8.1,-0.01,6,4860,卖盘
1480,13:20:16,8.1,0.0,11,8910,卖盘
1481,13:20:18,8.11,0.01,1,811,买盘
1482,13:20:30,8.1,-0.01,10,8100,卖盘
1483,13:20:37,8.11,0.01,1,811,买盘
1484,13:20:42,8.11,0.0,10,8110,买盘
1485,13:20:46,8.11,0.0,4,3244,买盘
1486,13:20:51,8.1,-0.01,40,32400,卖盘
1487,13:20:54,8.11,0.01,15,12165,买盘
1488,13:21:12,8.1,-0.01,1,810,卖盘
1489,13:21:27,8.1,0.0,1,810,卖盘
1490,13:21:34,8.1,0.0,8,6480,卖盘
1491,13:21:37,8.1,0.0,15,12160,卖盘
1492,13:21:39,8.1,0.0,200,162000,卖盘
1493,13:21:54,8.1,0.0,3,2430,卖盘
1494,13:22:00,8.11,0.01,10,8110,买盘
1495,13:22:04,8.1,-0.01,5,4050,卖盘
1496,13:22:06,8.11,0.01,50,40550,买盘
1497,13:22:09,8.1,-0.01,6,4860,卖盘
1498,13:22:12,8.1,0.0,80,64800,卖盘
1499,13:22:16,8.1,0.0,10,8100,卖盘
1500,13:22:33,8.1,0.0,57,46170,卖盘
1501,13:22:58,8.11,0.01,1,811,买盘
1502,13:23:09,8.11,0.0,31,25141,买盘
1503,13:23:15,8.1,-0.01,52,42132,卖盘
1504,13:23:21,8.11,0.01,10,8110,买盘
1505,13:23:36,8.1,-0.01,13,10530,卖盘
1506,13:23:42,8.1,0.0,30,24300,卖盘
1507,13:23:46,8.11,0.01,118,95698,买盘
1508,13:23:48,8.1,-0.01,6,4601,卖盘
1509,13:24:04,8.11,0.01,10,8104,买盘
1510,13:24:12,8.11,0.0,2,1622,买盘
1511,13:24:15,8.1,-0.01,10,8100,卖盘
1512,13:24:18,8.11,0.01,11,8920,买盘
1513,13:24:27,8.1,-0.01,124,100440,卖盘
1514,13:24:30,8.1,0.0,13,10530,卖盘
1515,13:24:48,8.11,0.01,30,24330,买盘
1516,13:24:51,8.1,-0.01,75,60750,卖盘
1517,13:24:54,8.11,0.01,11,8921,买盘
1518,13:25:06,8.11,0.0,32,25924,买盘
1519,13:25:19,8.11,0.0,4,3242,买盘
1520,13:25:27,8.11,0.0,10,8110,买盘
1521,13:25:33,8.1,-0.01,200,162000,卖盘
1522,13:25:36,8.1,0.0,9,7290,卖盘
1523,13:25:48,8.11,0.01,4,3244,买盘
1524,13:25:58,8.11,0.0,10,8110,买盘
1525,13:26:01,8.1,-0.01,100,81000,卖盘
1526,13:26:07,8.1,0.0,15,12160,卖盘
1527,13:26:12,8.1,0.0,16,13057,卖盘
1528,13:26:15,8.1,0.0,118,95580,卖盘
1529,13:26:19,8.1,0.0,3,2432,卖盘
1530,13:26:27,8.11,0.01,25,20275,买盘
1531,13:26:33,8.1,-0.01,8,6480,卖盘
1532,13:26:40,8.1,0.0,300,243000,卖盘
1533,13:26:51,8.1,0.0,4,3240,卖盘
1534,13:27:01,8.1,0.0,30,24300,卖盘
1535,13:27:18,8.1,0.0,15,12155,卖盘
1536,13:27:22,8.1,0.0,197,159570,卖盘
1537,13:27:25,8.1,0.0,4,3240,卖盘
1538,13:27:28,8.1,0.0,24,19450,卖盘
1539,13:27:31,8.1,0.0,7,5670,卖盘
1540,13:27:37,8.1,0.0,10,8100,卖盘
1541,13:27:40,8.1,0.0,60,48600,卖盘
1542,13:27:42,8.1,0.0,12,9720,卖盘
1543,13:27:45,8.1,0.0,2,1620,卖盘
1544,13:27:52,8.1,0.0,30,24300,卖盘
1545,13:28:04,8.09,-0.01,10,8090,卖盘
1546,13:28:07,8.09,0.0,5,4045,卖盘
1547,13:28:15,8.09,0.0,11,8899,卖盘
1548,13:28:25,8.1,0.01,7,5670,买盘
1549,13:28:31,8.09,-0.01,1,809,卖盘
1550,13:28:37,8.09,0.0,8,6472,卖盘
1551,13:28:45,8.09,0.0,713,576817,卖盘
1552,13:28:48,8.08,-0.01,11,8898,卖盘
1553,13:28:51,8.09,0.01,10,8090,买盘
1554,13:29:00,8.09,0.0,18,14562,买盘
1555,13:29:04,8.09,0.0,7,5658,买盘
1556,13:29:07,8.09,0.0,10,8090,买盘
1557,13:29:10,8.09,0.0,10,8090,买盘
1558,13:29:12,8.09,0.0,6,4854,买盘
1559,13:29:15,8.09,0.0,174,140895,买盘
1560,13:29:31,8.09,0.0,10,8090,卖盘
1561,13:29:34,8.1,0.01,19,15374,买盘
1562,13:29:37,8.09,-0.01,30,24270,卖盘
1563,13:29:40,8.1,0.01,38,30773,买盘
1564,13:29:45,8.09,-0.01,25,20225,卖盘
1565,13:29:51,8.09,0.0,80,64720,卖盘
1566,13:29:58,8.09,0.0,84,67956,卖盘
1567,13:30:01,8.09,0.0,285,230436,卖盘
1568,13:30:04,8.09,0.0,50,40450,买盘
1569,13:30:07,8.08,-0.01,33,26674,卖盘
1570,13:30:10,8.09,0.01,77,62293,买盘
1571,13:30:16,8.08,-0.01,10,8080,卖盘
1572,13:30:24,8.08,0.0,356,287648,卖盘
1573,13:30:31,8.08,0.0,40,32320,卖盘
1574,13:30:34,8.08,0.0,52,42016,卖盘
1575,13:30:37,8.09,0.01,1,809,买盘
1576,13:30:43,8.08,-0.01,560,452480,卖盘
1577,13:30:45,8.09,0.01,17,13753,买盘
1578,13:30:49,8.08,-0.01,513,414504,卖盘
1579,13:30:57,8.08,0.0,81,65448,卖盘
1580,13:31:00,8.08,0.0,32,25860,卖盘
1581,13:31:03,8.08,0.0,271,218968,卖盘
1582,13:31:07,8.08,0.0,190,153520,卖盘
1583,13:31:13,8.08,0.0,12,9696,卖盘
1584,13:31:16,8.08,0.0,94,75986,卖盘
1585,13:31:19,8.08,0.0,50,40400,卖盘
1586,13:31:22,8.09,0.01,67,54160,买盘
1587,13:31:25,8.09,0.0,67,54163,买盘
1588,13:31:28,8.09,0.0,10,8090,买盘
1589,13:31:31,8.09,0.0,350,282830,买盘
1590,13:31:34,8.08,-0.01,17,13736,卖盘
1591,13:31:46,8.08,0.0,70,56560,卖盘
1592,13:31:55,8.09,0.01,32,25861,买盘
1593,13:31:58,8.08,-0.01,10,8080,卖盘
1594,13:32:01,8.09,0.01,5,4045,买盘
1595,13:32:07,8.08,-0.01,5,4040,卖盘
1596,13:32:16,8.08,0.0,8,6464,卖盘
1597,13:32:18,8.09,0.01,20,16180,买盘
1598,13:32:22,8.09,0.0,17,13743,买盘
1599,13:32:30,8.09,0.0,100,80875,买盘
1600,13:32:36,8.09,0.0,279,225711,买盘
1601,13:32:43,8.09,0.0,193,156137,卖盘
1602,13:32:46,8.09,0.0,110,88990,卖盘
1603,13:32:49,8.1,0.01,10,8100,买盘
1604,13:32:54,8.09,-0.01,5,4045,卖盘
1605,13:32:57,8.1,0.01,3,2430,买盘
1606,13:33:18,8.1,0.0,62,50170,买盘
1607,13:33:21,8.09,-0.01,1,809,卖盘
1608,13:33:25,8.1,0.01,4,3240,买盘
1609,13:33:27,8.09,-0.01,1,809,卖盘
1610,13:33:31,8.1,0.01,5,4050,买盘
1611,13:33:33,8.09,-0.01,8,6472,卖盘
1612,13:33:36,8.1,0.01,8,6477,买盘
1613,13:33:39,8.1,0.0,17,13770,买盘
1614,13:33:45,8.1,0.0,102,82620,买盘
1615,13:33:51,8.09,-0.01,15,12140,卖盘
1616,13:33:54,8.09,0.0,62,50192,卖盘
1617,13:33:57,8.1,0.01,10,8100,买盘
1618,13:34:01,8.1,0.0,2,1620,买盘
1619,13:34:04,8.1,0.0,26,21060,买盘
1620,13:34:06,8.1,0.0,6,4860,卖盘
1621,13:34:10,8.11,0.01,43,34873,买盘
1622,13:34:15,8.1,-0.01,9,7290,卖盘
1623,13:34:21,8.11,0.01,96,77801,买盘
1624,13:34:24,8.1,-0.01,31,25128,卖盘
1625,13:34:28,8.1,0.0,34,27540,卖盘
1626,13:34:37,8.1,0.0,69,55949,卖盘
1627,13:34:43,8.11,0.01,123,99753,买盘
1628,13:34:46,8.1,-0.01,19,15390,卖盘
1629,13:34:54,8.1,0.0,7,5675,卖盘
1630,13:34:58,8.1,0.0,139,112590,卖盘
1631,13:35:04,8.1,0.0,10,8100,买盘
1632,13:35:07,8.1,0.0,3,2430,买盘
1633,13:35:13,8.1,0.0,10,8100,买盘
1634,13:35:16,8.1,0.0,56,45360,买盘
1635,13:35:19,8.11,0.01,2,1622,买盘
1636,13:35:30,8.11,0.0,33,26755,买盘
1637,13:35:36,8.11,0.0,579,469796,买盘
1638,13:35:40,8.11,0.0,19,15409,卖盘
1639,13:35:46,8.11,0.0,30,24330,卖盘
1640,13:35:49,8.11,0.0,46,36625,卖盘
1641,13:35:52,8.11,0.0,49,39739,卖盘
1642,13:35:58,8.11,0.0,50,40555,卖盘
1643,13:36:01,8.11,0.0,10,8110,卖盘
1644,13:36:04,8.12,0.01,37,30020,买盘
1645,13:36:07,8.11,-0.01,5,4055,卖盘
1646,13:36:15,8.11,0.0,10,8110,卖盘
1647,13:36:19,8.12,0.01,2,1624,买盘
1648,13:36:24,8.12,0.0,2,1624,买盘
1649,13:36:28,8.12,0.0,1,812,买盘
1650,13:36:31,8.11,-0.01,8,6488,卖盘
1651,13:36:34,8.11,0.0,3,2433,卖盘
1652,13:36:37,8.12,0.01,5,4060,买盘
1653,13:36:40,8.11,-0.01,12,9734,卖盘
1654,13:36:52,8.11,0.0,5,4266,卖盘
1655,13:36:55,8.11,0.0,93,75666,卖盘
1656,13:36:58,8.12,0.01,17,13554,买盘
1657,13:37:09,8.12,0.0,1,812,买盘
1658,13:37:13,8.12,0.0,2,1624,买盘
1659,13:37:33,8.12,0.0,38,30828,买盘
1660,13:37:36,8.12,0.0,40,32480,买盘
1661,13:37:42,8.12,0.0,21,17052,买盘
1662,13:37:45,8.12,0.0,40,32480,买盘
1663,13:37:48,8.12,0.0,23,18675,买盘
1664,13:37:57,8.11,-0.01,156,126642,卖盘
1665,13:38:06,8.11,0.0,23,18670,卖盘
1666,13:38:09,8.12,0.01,5,4060,买盘
1667,13:38:12,8.12,0.0,102,82968,买盘
1668,13:38:15,8.11,-0.01,38,30845,中性盘
1669,13:38:21,8.12,0.01,2,1624,买盘
1670,13:38:24,8.12,0.0,1,812,买盘
1671,13:38:27,8.12,0.0,7,5684,买盘
1672,13:38:34,8.11,-0.01,8,6488,卖盘
1673,13:38:37,8.12,0.01,55,44660,买盘
1674,13:38:40,8.12,0.0,10,8120,买盘
1675,13:38:43,8.11,-0.01,70,56770,卖盘
1676,13:38:55,8.12,0.01,30,24360,买盘
1677,13:39:15,8.12,0.0,2,1624,买盘
1678,13:39:19,8.11,-0.01,30,24340,卖盘
1679,13:39:30,8.12,0.01,14,11368,买盘
1680,13:39:33,8.11,-0.01,57,46227,卖盘
1681,13:39:36,8.12,0.01,10,8120,买盘
1682,13:39:43,8.12,0.0,231,187751,买盘
1683,13:39:49,8.12,0.0,5,4060,卖盘
1684,13:39:55,8.13,0.01,882,716603,买盘
1685,13:39:58,8.14,0.01,2,1628,买盘
1686,13:40:06,8.13,-0.01,5,4065,卖盘
1687,13:40:16,8.13,0.0,11,8943,卖盘
1688,13:40:22,8.13,0.0,10,8130,卖盘
1689,13:40:27,8.14,0.01,52,42328,买盘
1690,13:40:30,8.14,0.0,317,258038,买盘
1691,13:40:37,8.15,0.01,1,815,买盘
1692,13:40:40,8.14,-0.01,30,24420,卖盘
1693,13:40:42,8.15,0.01,23,18745,买盘
1694,13:40:46,8.15,0.0,500,407500,买盘
1695,13:40:51,8.15,0.0,3,2225,卖盘
1696,13:40:58,8.15,0.0,43,35275,卖盘
1697,13:41:04,8.15,0.0,20,16300,买盘
1698,13:41:06,8.16,0.01,16,12822,买盘
1699,13:41:09,8.15,-0.01,10,8150,卖盘
1700,13:41:13,8.15,0.0,8,6520,卖盘
1701,13:41:16,8.16,0.01,424,345984,买盘
1702,13:41:19,8.15,-0.01,53,43415,卖盘
1703,13:41:25,8.15,0.0,20,16300,买盘
1704,13:41:33,8.14,-0.01,17,13848,卖盘
1705,13:41:57,8.14,0.0,97,78958,卖盘
1706,13:42:00,8.14,0.0,2,1628,买盘
1707,13:42:07,8.13,-0.01,6,4878,卖盘
1708,13:42:15,8.14,0.01,2,1628,买盘
1709,13:42:18,8.13,-0.01,16,13018,卖盘
1710,13:42:22,8.14,0.01,10,8140,买盘
1711,13:42:40,8.13,-0.01,8,6504,卖盘
1712,13:42:52,8.13,0.0,29,23601,卖盘
1713,13:42:57,8.14,0.01,15,12210,买盘
1714,13:43:04,8.14,0.0,63,51282,买盘
1715,13:43:10,8.14,0.0,20,16280,卖盘
1716,13:43:19,8.14,0.0,40,32577,卖盘
1717,13:43:22,8.14,0.0,1,814,中性盘
1718,13:43:25,8.14,0.0,2,1628,买盘
1719,13:43:28,8.15,0.01,45,36648,买盘
1720,13:43:30,8.13,-0.02,20,16270,卖盘
1721,13:43:33,8.14,0.01,10,8140,买盘
1722,13:43:36,8.14,0.0,61,49654,买盘
1723,13:43:40,8.13,-0.01,25,20330,卖盘
1724,13:43:49,8.14,0.01,22,17908,买盘
1725,13:43:52,8.13,-0.01,20,16260,卖盘
1726,13:43:55,8.14,0.01,10,8140,买盘
1727,13:43:58,8.15,0.01,105,85525,买盘
1728,13:44:06,8.15,0.0,39,31765,买盘
1729,13:44:09,8.13,-0.02,20,16260,卖盘
1730,13:44:13,8.13,0.0,65,53373,卖盘
1731,13:44:16,8.13,0.0,12,9756,卖盘
1732,13:44:18,8.13,0.0,54,43970,卖盘
1733,13:44:21,8.13,0.0,80,64568,卖盘
1734,13:44:28,8.14,0.01,20,16280,买盘
1735,13:44:30,8.14,0.0,7,5698,卖盘
1736,13:44:34,8.14,0.0,27,21978,卖盘
1737,13:44:36,8.15,0.01,2,1629,买盘
1738,13:44:40,8.13,-0.02,20,16260,卖盘
1739,13:44:42,8.13,0.0,10,8073,卖盘
1740,13:44:52,8.13,0.0,20,16260,卖盘
1741,13:44:58,8.13,0.0,30,24400,卖盘
1742,13:45:09,8.13,0.0,22,17888,卖盘
1743,13:45:13,8.14,0.01,1,814,买盘
1744,13:45:18,8.13,-0.01,20,16260,卖盘
1745,13:45:28,8.13,0.0,20,16260,卖盘
1746,13:45:30,8.14,0.01,40,32560,买盘
1747,13:45:34,8.13,-0.01,8,6504,卖盘
1748,13:45:37,8.13,0.0,100,81300,卖盘
1749,13:45:40,8.13,0.0,20,16260,卖盘
1750,13:45:48,8.13,0.0,20,16260,卖盘
1751,13:45:57,8.13,0.0,20,16260,卖盘
1752,13:46:06,8.13,0.0,26,21138,卖盘
1753,13:46:12,8.13,0.0,10,8585,卖盘
1754,13:46:19,8.13,0.0,39,31717,卖盘
1755,13:46:21,8.14,0.01,45,36587,买盘
1756,13:46:28,8.14,0.0,36,29288,买盘
1757,13:46:30,8.13,-0.01,90,73170,卖盘
1758,13:46:33,8.13,0.0,7,5691,卖盘
1759,13:46:37,8.13,0.0,11,8260,卖盘
1760,13:46:40,8.13,0.0,3,2439,卖盘
1761,13:46:51,8.13,0.0,16,13009,买盘
1762,13:47:01,8.14,0.01,15,12210,买盘
1763,13:47:04,8.14,0.0,85,69190,买盘
1764,13:47:07,8.14,0.0,6,4884,卖盘
1765,13:47:12,8.14,0.0,5,4070,卖盘
1766,13:47:16,8.14,0.0,5,4070,卖盘
1767,13:47:21,8.14,0.0,2,1628,卖盘
1768,13:47:27,8.15,0.01,141,114915,买盘
1769,13:47:30,8.15,0.0,189,154035,买盘
1770,13:47:33,8.14,-0.01,9,7326,卖盘
1771,13:47:37,8.15,0.01,10,8150,买盘
1772,13:47:40,8.15,0.0,17,13855,买盘
1773,13:47:49,8.15,0.0,34,27710,买盘
1774,13:47:51,8.15,0.0,56,45640,买盘
1775,13:48:06,8.14,-0.01,5,4070,卖盘
1776,13:48:09,8.15,0.01,10,8150,买盘
1777,13:48:18,8.14,-0.01,31,25234,卖盘
1778,13:48:28,8.14,0.0,10,8140,卖盘
1779,13:48:33,8.14,0.0,18,14662,卖盘
1780,13:48:36,8.15,0.01,2,1630,买盘
1781,13:48:39,8.14,-0.01,42,34188,卖盘
1782,13:48:42,8.14,0.0,3,2442,卖盘
1783,13:48:48,8.14,0.0,71,57794,买盘
1784,13:49:06,8.14,0.0,72,58608,卖盘
1785,13:49:13,8.15,0.01,11,8965,买盘
1786,13:49:18,8.15,0.0,20,16300,买盘
1787,13:49:27,8.14,-0.01,10,8140,卖盘
1788,13:49:33,8.15,0.01,28,22812,买盘
1789,13:49:37,8.15,0.0,2,1630,买盘
1790,13:49:45,8.15,0.0,31,25264,买盘
1791,13:49:49,8.15,0.0,2,1630,买盘
1792,13:50:04,8.15,0.0,356,290134,买盘
1793,13:50:07,8.15,0.0,31,25966,买盘
1794,13:50:10,8.15,0.0,21,17115,卖盘
1795,13:50:13,8.17,0.02,750,612180,买盘
1796,13:50:15,8.17,0.0,79,64534,买盘
1797,13:50:18,8.16,-0.01,8,6529,卖盘
1798,13:50:21,8.16,0.0,572,467302,卖盘
1799,13:50:24,8.16,0.0,164,133984,卖盘
1800,13:50:27,8.17,0.01,144,117648,买盘
1801,13:50:30,8.17,0.0,42,34314,买盘
1802,13:50:33,8.17,0.0,19,15523,买盘
1803,13:50:36,8.18,0.01,844,690149,买盘
1804,13:50:39,8.18,0.0,466,381188,买盘
1805,13:50:42,8.19,0.01,716,586293,买盘
1806,13:50:46,8.19,0.0,629,515151,买盘
1807,13:50:49,8.18,-0.01,508,416010,卖盘
1808,13:50:52,8.2,0.02,688,563680,买盘
1809,13:50:55,8.19,-0.01,352,288630,卖盘
1810,13:50:58,8.2,0.01,1241,1017553,买盘
1811,13:51:01,8.19,-0.01,301,246801,卖盘
1812,13:51:04,8.2,0.01,107,88012,买盘
1813,13:51:07,8.2,0.0,15,12300,卖盘
1814,13:51:10,8.2,0.0,16,13120,卖盘
1815,13:51:12,8.21,0.01,60,49250,买盘
1816,13:51:15,8.21,0.0,141,115761,买盘
1817,13:51:18,8.21,0.0,725,595116,买盘
1818,13:51:22,8.21,0.0,59,48439,卖盘
1819,13:51:25,8.22,0.01,100,82200,买盘
1820,13:51:28,8.22,0.0,67,55074,买盘
1821,13:51:31,8.21,-0.01,393,322908,卖盘
1822,13:51:33,8.21,0.0,223,183083,买盘
1823,13:51:36,8.21,0.0,181,148593,买盘
1824,13:51:39,8.21,0.0,54,44334,买盘
1825,13:51:42,8.21,0.0,259,212639,买盘
1826,13:51:45,8.2,-0.01,35,28720,卖盘
1827,13:51:48,8.21,0.01,17,13957,买盘
1828,13:51:51,8.21,0.0,24,19704,买盘
1829,13:51:54,8.21,0.0,129,105814,买盘
1830,13:51:57,8.21,0.0,406,333283,买盘
1831,13:52:01,8.21,0.0,1319,1083802,买盘
1832,13:52:04,8.22,0.01,536,440477,买盘
1833,13:52:07,8.23,0.01,110,90509,买盘
1834,13:52:10,8.23,0.0,275,226325,买盘
1835,13:52:13,8.24,0.01,659,542990,买盘
1836,13:52:16,8.25,0.01,1824,1504240,买盘
1837,13:52:18,8.25,0.0,212,174900,卖盘
1838,13:52:21,8.24,-0.01,111,92020,卖盘
1839,13:52:25,8.24,0.0,57,46975,中性盘
1840,13:52:28,8.24,0.0,149,122776,买盘
1841,13:52:31,8.25,0.01,2408,1986498,买盘
1842,13:52:33,8.24,-0.01,50,41248,卖盘
1843,13:52:36,8.24,0.0,75,61865,卖盘
1844,13:52:39,8.24,0.0,689,568060,卖盘
1845,13:52:42,8.23,-0.01,250,205771,卖盘
1846,13:52:45,8.23,0.0,39,32097,买盘
1847,13:52:48,8.23,0.0,197,162051,买盘
1848,13:52:52,8.23,0.0,53,43585,买盘
1849,13:52:55,8.24,0.01,344,283171,买盘
1850,13:52:58,8.23,-0.01,191,157374,卖盘
1851,13:53:00,8.25,0.02,222,182864,买盘
1852,13:53:04,8.24,-0.01,34,28016,卖盘
1853,13:53:06,8.24,0.0,92,75699,买盘
1854,13:53:10,8.25,0.01,618,509628,买盘
1855,13:53:12,8.25,0.0,257,211944,买盘
1856,13:53:15,8.24,-0.01,388,319712,买盘
1857,13:53:19,8.23,-0.01,97,79852,卖盘
1858,13:53:22,8.23,0.0,243,199990,卖盘
1859,13:53:25,8.24,0.01,108,88958,买盘
1860,13:53:28,8.21,-0.03,192,157891,卖盘
1861,13:53:30,8.22,0.01,10,8220,买盘
1862,13:53:34,8.21,-0.01,72,59172,卖盘
1863,13:53:37,8.22,0.01,105,86408,卖盘
1864,13:53:43,8.22,0.0,221,181794,卖盘
1865,13:53:46,8.22,0.0,157,129151,卖盘
1866,13:53:49,8.23,0.01,76,62548,买盘
1867,13:53:51,8.23,0.0,253,208160,买盘
1868,13:53:57,8.22,-0.01,471,387370,卖盘
1869,13:54:01,8.23,0.01,38,31274,买盘
1870,13:54:04,8.21,-0.02,741,609041,卖盘
1871,13:54:07,8.21,0.0,6,4926,卖盘
1872,13:54:10,8.22,0.01,10,8220,买盘
1873,13:54:13,8.21,-0.01,49,40277,卖盘
1874,13:54:16,8.22,0.01,3,2466,买盘
1875,13:54:18,8.22,0.0,356,292589,买盘
1876,13:54:21,8.22,0.0,80,65730,卖盘
1877,13:54:25,8.23,0.01,29,23867,买盘
1878,13:54:28,8.22,-0.01,90,73980,卖盘
1879,13:54:31,8.23,0.01,12,9876,买盘
1880,13:54:34,8.22,-0.01,10,8220,卖盘
1881,13:54:37,8.22,0.0,8,6576,卖盘
1882,13:54:40,8.22,0.0,380,312463,卖盘
1883,13:54:43,8.23,0.01,34,27978,买盘
1884,13:54:46,8.22,-0.01,30,24660,卖盘
1885,13:54:48,8.23,0.01,17,13986,买盘
1886,13:54:52,8.22,-0.01,202,166046,卖盘
1887,13:54:55,8.23,0.01,61,50183,买盘
1888,13:54:58,8.23,0.0,344,282839,买盘
1889,13:55:01,8.22,-0.01,106,87186,中性盘
1890,13:55:04,8.21,-0.01,25,20540,卖盘
1891,13:55:07,8.22,0.01,11,9042,买盘
1892,13:55:12,8.22,0.0,80,65760,买盘
1893,13:55:15,8.22,0.0,48,39425,买盘
1894,13:55:19,8.23,0.01,464,381311,买盘
1895,13:55:22,8.21,-0.02,8,6568,卖盘
1896,13:55:24,8.22,0.01,50,41100,买盘
1897,13:55:27,8.23,0.01,460,378400,买盘
1898,13:55:31,8.23,0.0,104,85532,买盘
1899,13:55:34,8.23,0.0,284,233074,买盘
1900,13:55:36,8.24,0.01,298,245549,买盘
1901,13:55:39,8.25,0.01,64,52792,买盘
1902,13:55:42,8.25,0.0,67,55242,买盘
1903,13:55:45,8.25,0.0,319,263175,买盘
1904,13:55:49,8.25,0.0,163,134475,买盘
1905,13:55:52,8.24,-0.01,309,255013,卖盘
1906,13:55:55,8.26,0.02,74,61104,买盘
1907,13:55:58,8.26,0.0,163,134638,买盘
1908,13:56:01,8.26,0.0,110,90821,买盘
1909,13:56:04,8.26,0.0,63,52033,买盘
1910,13:56:07,8.26,0.0,865,714334,买盘
1911,13:56:10,8.26,0.0,404,334082,买盘
1912,13:56:13,8.26,0.0,302,249452,卖盘
1913,13:56:16,8.26,0.0,264,218069,卖盘
1914,13:56:18,8.25,-0.01,47,38815,卖盘
1915,13:56:21,8.25,0.0,320,263650,卖盘
1916,13:56:25,8.25,0.0,35,28875,买盘
1917,13:56:28,8.25,0.0,433,357218,买盘
1918,13:56:31,8.25,0.0,101,83325,买盘
1919,13:56:33,8.25,0.0,71,58575,买盘
1920,13:56:36,8.25,0.0,61,50268,买盘
1921,13:56:39,8.24,-0.01,70,57716,卖盘
1922,13:56:43,8.25,0.01,53,43674,买盘
1923,13:56:46,8.24,-0.01,179,147520,卖盘
1924,13:56:49,8.25,0.01,357,294458,买盘
1925,13:56:52,8.24,-0.01,417,343815,卖盘
1926,13:56:54,8.25,0.01,150,123745,买盘
1927,13:56:58,8.24,-0.01,38,31312,卖盘
1928,13:57:01,8.23,-0.01,17,14009,卖盘
1929,13:57:04,8.24,0.01,10,8240,中性盘
1930,13:57:07,8.24,0.0,121,99718,卖盘
1931,13:57:10,8.24,0.0,36,29664,卖盘
1932,13:57:12,8.24,0.0,90,74151,卖盘
1933,13:57:15,8.23,-0.01,110,90554,卖盘
1934,13:57:18,8.24,0.01,14,11530,买盘
1935,13:57:22,8.23,-0.01,22,18106,卖盘
1936,13:57:24,8.24,0.01,30,24720,买盘
1937,13:57:28,8.24,0.0,68,55979,买盘
1938,13:57:31,8.24,0.0,41,33784,买盘
1939,13:57:37,8.24,0.0,6,4944,卖盘
1940,13:57:39,8.24,0.0,29,23904,卖盘
1941,13:57:42,8.24,0.0,88,72512,卖盘
1942,13:57:45,8.25,0.01,74,60982,买盘
1943,13:57:49,8.24,-0.01,65,53560,卖盘
1944,13:57:55,8.24,0.0,10,8240,买盘
1945,13:57:58,8.23,-0.01,11,9053,卖盘
1946,13:58:01,8.23,0.0,278,229499,卖盘
1947,13:58:04,8.23,0.0,36,29628,买盘
1948,13:58:06,8.22,-0.01,17,13984,卖盘
1949,13:58:09,8.23,0.01,30,24684,买盘
1950,13:58:13,8.23,0.0,23,18915,买盘
1951,13:58:16,8.22,-0.01,38,31236,卖盘
1952,13:58:18,8.22,0.0,22,18089,卖盘
1953,13:58:21,8.22,0.0,137,112467,卖盘
1954,13:58:25,8.23,0.01,24,19752,买盘
1955,13:58:28,8.22,-0.01,18,14796,卖盘
1956,13:58:31,8.23,0.01,50,41150,买盘
1957,13:58:34,8.23,0.0,50,41314,买盘
1958,13:58:36,8.22,-0.01,16,13152,卖盘
1959,13:58:39,8.21,-0.01,64,52560,卖盘
1960,13:58:43,8.22,0.01,11,9042,买盘
1961,13:58:46,8.23,0.01,87,71523,买盘
1962,13:58:49,8.22,-0.01,11,9036,中性盘
1963,13:58:51,8.22,0.0,52,42744,卖盘
1964,13:58:54,8.22,0.0,25,20550,买盘
1965,13:58:57,8.21,-0.01,7,5747,卖盘
1966,13:59:00,8.22,0.01,107,87954,买盘
1967,13:59:04,8.23,0.01,47,38635,买盘
1968,13:59:07,8.22,-0.01,8,6576,卖盘
1969,13:59:10,8.22,0.0,29,23838,买盘
1970,13:59:13,8.22,0.0,50,41100,买盘
1971,13:59:15,8.23,0.01,430,353781,买盘
1972,13:59:18,8.22,-0.01,7,5754,卖盘
1973,13:59:22,8.23,0.01,281,230990,买盘
1974,13:59:28,8.21,-0.02,327,268650,卖盘
1975,13:59:31,8.23,0.02,17,13991,买盘
1976,13:59:33,8.23,0.0,28,23044,卖盘
1977,13:59:37,8.22,-0.01,37,30414,卖盘
1978,13:59:40,8.22,0.0,90,73985,卖盘
1979,13:59:46,8.23,0.01,10,8230,买盘
1980,13:59:49,8.22,-0.01,46,37812,卖盘
1981,13:59:51,8.23,0.01,5,4115,买盘
1982,13:59:54,8.23,0.0,31,25513,买盘
1983,13:59:57,8.22,-0.01,7,5754,卖盘
1984,14:00:00,8.22,0.0,300,246600,卖盘
1985,14:00:04,8.22,0.0,27,22214,卖盘
1986,14:00:07,8.22,0.0,10,8220,卖盘
1987,14:00:10,8.22,0.0,9,7402,卖盘
1988,14:00:15,8.23,0.01,20,16460,买盘
1989,14:00:19,8.22,-0.01,15,12330,卖盘
1990,14:00:21,8.23,0.01,2,1646,买盘
1991,14:00:27,8.22,-0.01,6,4932,卖盘
1992,14:00:34,8.23,0.01,3,2468,买盘
1993,14:00:37,8.22,-0.01,8,6577,卖盘
1994,14:00:40,8.22,0.0,58,47676,卖盘
1995,14:00:42,8.22,0.0,16,13152,卖盘
1996,14:00:46,8.22,0.0,12,9864,卖盘
1997,14:00:49,8.23,0.01,8,6578,买盘
1998,14:00:51,8.23,0.0,11,9052,买盘
1999,14:00:55,8.22,-0.01,464,381814,卖盘
2000,14:00:58,8.22,0.0,57,46854,卖盘
2001,14:01:01,8.22,0.0,22,18102,卖盘
2002,14:01:04,8.23,0.01,21,17266,买盘
2003,14:01:07,8.23,0.0,91,74877,买盘
2004,14:01:13,8.23,0.0,104,85592,买盘
2005,14:01:15,8.22,-0.01,30,24674,卖盘
2006,14:01:18,8.22,0.0,31,25484,卖盘
2007,14:01:21,8.22,0.0,113,92936,卖盘
2008,14:01:24,8.22,0.0,27,22194,卖盘
2009,14:01:28,8.23,0.01,221,181877,买盘
2010,14:01:31,8.22,-0.01,30,24660,卖盘
2011,14:01:34,8.22,0.0,18,14806,卖盘
2012,14:01:37,8.22,0.0,6,4932,卖盘
2013,14:01:39,8.23,0.01,4,3292,买盘
2014,14:01:42,8.23,0.0,20,16460,买盘
2015,14:01:45,8.23,0.0,9,7405,买盘
2016,14:01:49,8.22,-0.01,161,132342,卖盘
2017,14:01:52,8.22,0.0,34,27948,卖盘
2018,14:01:55,8.22,0.0,448,368258,卖盘
2019,14:01:57,8.21,-0.01,6,4926,卖盘
2020,14:02:01,8.23,0.02,1386,1140133,买盘
2021,14:02:03,8.23,0.0,64,52507,卖盘
2022,14:02:07,8.23,0.0,57,46911,卖盘
2023,14:02:10,8.23,0.0,6,4938,卖盘
2024,14:02:13,8.23,0.0,3,2469,卖盘
2025,14:02:16,8.23,0.0,20,16460,卖盘
2026,14:02:18,8.22,-0.01,53,43600,卖盘
2027,14:02:21,8.22,0.0,9,7398,卖盘
2028,14:02:24,8.23,0.01,12,9876,买盘
2029,14:02:28,8.22,-0.01,17,13984,卖盘
2030,14:02:37,8.22,0.0,74,60848,卖盘
2031,14:02:43,8.23,0.01,69,56737,买盘
2032,14:02:46,8.22,-0.01,67,55086,卖盘
2033,14:02:48,8.22,0.0,16,13152,卖盘
2034,14:02:51,8.23,0.01,28,23044,买盘
2035,14:02:54,8.22,-0.01,181,148487,卖盘
2036,14:02:57,8.22,0.0,106,87232,卖盘
2037,14:03:01,8.22,0.0,1,822,卖盘
2038,14:03:04,8.23,0.01,9,7400,买盘
2039,14:03:07,8.22,-0.01,7,5754,卖盘
2040,14:03:13,8.22,0.0,280,230160,卖盘
2041,14:03:16,8.23,0.01,2,1646,买盘
2042,14:03:18,8.23,0.0,21,17277,买盘
2043,14:03:22,8.22,-0.01,4,3288,卖盘
2044,14:03:27,8.23,0.01,106,87231,买盘
2045,14:03:31,8.24,0.01,1409,1160527,买盘
2046,14:03:34,8.24,0.0,25,20600,卖盘
2047,14:03:37,8.24,0.0,24,19776,卖盘
2048,14:03:40,8.25,0.01,23,18955,买盘
2049,14:03:43,8.24,-0.01,20,16480,卖盘
2050,14:03:46,8.24,0.0,34,28041,卖盘
2051,14:03:49,8.24,0.0,146,120304,卖盘
2052,14:03:52,8.25,0.01,1015,836717,买盘
2053,14:03:57,8.24,-0.01,6,4944,卖盘
2054,14:04:00,8.24,0.0,51,42024,卖盘
2055,14:04:06,8.23,-0.01,37,30481,卖盘
2056,14:04:10,8.23,0.0,9,7411,卖盘
2057,14:04:13,8.24,0.01,10,8240,买盘
2058,14:04:18,8.23,-0.01,37,30452,卖盘
2059,14:04:21,8.24,0.01,24,19776,买盘
2060,14:04:24,8.23,-0.01,95,78225,卖盘
2061,14:04:27,8.24,0.01,10,8234,买盘
2062,14:04:30,8.23,-0.01,276,227148,卖盘
2063,14:04:33,8.23,0.0,60,49380,买盘
2064,14:04:36,8.22,-0.01,12,9869,卖盘
2065,14:04:40,8.23,0.01,55,45257,买盘
2066,14:04:43,8.23,0.0,30,24690,买盘
2067,14:04:46,8.22,-0.01,10,8220,卖盘
2068,14:04:49,8.23,0.01,73,60073,买盘
2069,14:04:58,8.23,0.0,30,24690,买盘
2070,14:05:00,8.24,0.01,18,14832,买盘
2071,14:05:04,8.23,-0.01,35,28805,卖盘
2072,14:05:06,8.23,0.0,18,14824,卖盘
2073,14:05:09,8.23,0.0,10,8230,卖盘
2074,14:05:12,8.24,0.01,88,72438,买盘
2075,14:05:19,8.23,-0.01,11,9046,买盘
2076,14:05:22,8.23,0.0,10,8230,买盘
2077,14:05:28,8.22,-0.01,26,21372,卖盘
2078,14:05:34,8.22,0.0,7,5754,卖盘
2079,14:05:36,8.22,0.0,7,5754,卖盘
2080,14:05:46,8.22,0.0,82,67404,卖盘
2081,14:05:48,8.22,0.0,6,4932,卖盘
2082,14:05:51,8.23,0.01,58,47734,买盘
2083,14:05:54,8.22,-0.01,44,36168,卖盘
2084,14:05:57,8.24,0.02,458,377089,买盘
2085,14:06:04,8.23,-0.01,52,42793,买盘
2086,14:06:07,8.23,0.0,89,73247,卖盘
2087,14:06:10,8.23,0.0,6,4938,卖盘
2088,14:06:13,8.23,0.0,57,46911,卖盘
2089,14:06:16,8.23,0.0,5,4115,卖盘
2090,14:06:18,8.23,0.0,7,5761,卖盘
2091,14:06:21,8.22,-0.01,353,290723,卖盘
2092,14:06:27,8.22,0.0,42,34534,卖盘
2093,14:06:30,8.22,0.0,273,224409,卖盘
2094,14:06:37,8.21,-0.01,7,5747,卖盘
2095,14:06:40,8.21,0.0,8,6568,卖盘
2096,14:06:43,8.22,0.01,211,172776,买盘
2097,14:06:45,8.22,0.0,102,83844,卖盘
2098,14:06:49,8.2,-0.02,215,176892,卖盘
2099,14:06:52,8.2,0.0,9,7380,卖盘
2100,14:06:58,8.2,0.0,17,13960,卖盘
2101,14:07:01,8.2,0.0,45,36900,卖盘
2102,14:07:04,8.2,0.0,8,6560,卖盘
2103,14:07:07,8.2,0.0,6,4920,卖盘
2104,14:07:10,8.2,0.0,120,98400,卖盘
2105,14:07:13,8.21,0.01,46,37779,买盘
2106,14:07:18,8.2,-0.01,6,4920,卖盘
2107,14:07:24,8.2,0.0,65,53303,卖盘
2108,14:07:28,8.2,0.0,107,87740,卖盘
2109,14:07:31,8.21,0.01,17,13957,买盘
2110,14:07:33,8.2,-0.01,8,6560,卖盘
2111,14:07:37,8.2,0.0,16,13120,卖盘
2112,14:07:40,8.21,0.01,450,369437,买盘
2113,14:07:42,8.2,-0.01,96,78730,卖盘
2114,14:07:46,8.21,0.01,10,8210,买盘
2115,14:07:49,8.2,-0.01,17,13940,卖盘
2116,14:07:58,8.2,0.0,41,33620,卖盘
2117,14:08:00,8.2,0.0,10,8200,卖盘
2118,14:08:04,8.2,0.0,19,15580,卖盘
2119,14:08:06,8.2,0.0,12,9840,卖盘
2120,14:08:09,8.2,0.0,5,4100,卖盘
2121,14:08:19,8.2,0.0,56,45920,卖盘
2122,14:08:21,8.2,0.0,11,9020,卖盘
2123,14:08:24,8.2,0.0,50,41030,卖盘
2124,14:08:27,8.2,0.0,7,5740,卖盘
2125,14:08:31,8.2,0.0,20,16405,卖盘
2126,14:08:36,8.2,0.0,26,21320,卖盘
2127,14:08:40,8.21,0.01,6,4926,买盘
2128,14:08:43,8.2,-0.01,8,6560,卖盘
2129,14:08:49,8.2,0.0,7,5740,卖盘
2130,14:08:52,8.2,0.0,34,27880,卖盘
2131,14:08:57,8.2,0.0,26,21340,卖盘
2132,14:09:04,8.2,0.0,7,5740,卖盘
2133,14:09:06,8.2,0.0,7,5740,卖盘
2134,14:09:09,8.21,0.01,10,8210,买盘
2135,14:09:19,8.21,0.0,36,29530,买盘
2136,14:09:21,8.2,-0.01,7,5740,卖盘
2137,14:09:27,8.21,0.01,11,9024,买盘
2138,14:09:36,8.2,-0.01,14,11480,卖盘
2139,14:09:42,8.21,0.01,38,31198,买盘
2140,14:09:48,8.22,0.01,12,9857,买盘
2141,14:09:57,8.21,-0.01,6,4926,卖盘
2142,14:10:03,8.21,0.0,7,5747,卖盘
2143,14:10:06,8.21,0.0,6,4926,卖盘
2144,14:10:10,8.21,0.0,5,4105,卖盘
2145,14:10:18,8.21,0.0,7,5747,卖盘
2146,14:10:22,8.21,0.0,10,8210,卖盘
2147,14:10:25,8.21,0.0,50,41050,卖盘
2148,14:10:27,8.21,0.0,16,13146,卖盘
2149,14:10:30,8.21,0.0,10,8210,卖盘
2150,14:10:36,8.21,0.0,20,16433,卖盘
2151,14:10:42,8.21,0.0,496,407216,卖盘
2152,14:10:49,8.21,0.0,46,37760,买盘
2153,14:10:57,8.2,-0.01,9,6594,卖盘
2154,14:11:04,8.2,0.0,6,4920,卖盘
2155,14:11:06,8.2,0.0,16,13130,卖盘
2156,14:11:10,8.2,0.0,9,7380,卖盘
2157,14:11:16,8.21,0.01,10,8210,买盘
2158,14:11:19,8.21,0.0,10,8203,买盘
2159,14:11:24,8.21,0.0,121,99341,买盘
2160,14:11:27,8.21,0.0,28,22982,买盘
2161,14:11:30,8.21,0.0,10,8210,买盘
2162,14:11:36,8.2,-0.01,7,5740,卖盘
2163,14:11:40,8.21,0.01,34,27906,买盘
2164,14:11:46,8.22,0.01,10,8220,买盘
2165,14:11:49,8.21,-0.01,6,4926,卖盘
2166,14:11:52,8.21,0.0,40,32840,卖盘
2167,14:11:57,8.2,-0.01,7,5740,卖盘
2168,14:12:03,8.2,0.0,35,28720,卖盘
2169,14:12:06,8.21,0.01,6,4926,中性盘
2170,14:12:10,8.21,0.0,6,4926,卖盘
2171,14:12:15,8.21,0.0,101,82921,卖盘
2172,14:12:18,8.21,0.0,7,5747,卖盘
2173,14:12:22,8.21,0.0,12,9852,卖盘
2174,14:12:24,8.22,0.01,268,220649,买盘
2175,14:12:27,8.22,0.0,8,6576,卖盘
2176,14:12:30,8.23,0.01,46,37851,买盘
2177,14:12:33,8.22,-0.01,30,24660,卖盘
2178,14:12:36,8.22,0.0,24,19738,卖盘
2179,14:12:48,8.22,0.0,6,4932,卖盘
2180,14:12:55,8.23,0.01,28,23044,买盘
2181,14:12:57,8.22,-0.01,26,21372,卖盘
2182,14:13:00,8.22,0.0,6,4932,卖盘
2183,14:13:04,8.23,0.01,52,42769,买盘
2184,14:13:06,8.22,-0.01,34,27595,卖盘
2185,14:13:09,8.21,-0.01,1,821,卖盘
2186,14:13:15,8.22,0.01,24,19728,买盘
2187,14:13:18,8.22,0.0,26,21366,买盘
2188,14:13:21,8.22,0.0,1,822,买盘
2189,14:13:24,8.21,-0.01,22,18083,卖盘
2190,14:13:27,8.21,0.0,7,5747,卖盘
2191,14:13:36,8.21,0.0,14,11494,卖盘
2192,14:13:39,8.21,0.0,1,821,卖盘
2193,14:13:42,8.21,0.0,1,821,卖盘
2194,14:13:46,8.22,0.01,69,57071,买盘
2195,14:13:48,8.22,0.0,7,5754,卖盘
2196,14:13:58,8.22,0.0,6,4932,卖盘
2197,14:14:04,8.22,0.0,6,4932,卖盘
2198,14:14:07,8.22,0.0,12,9864,卖盘
2199,14:14:09,8.22,0.0,15,12340,卖盘
2200,14:14:15,8.22,0.0,14,11508,卖盘
2201,14:14:18,8.22,0.0,9,7398,卖盘
2202,14:14:21,8.22,0.0,12,9864,卖盘
2203,14:14:25,8.22,0.0,5,4110,卖盘
2204,14:14:28,8.22,0.0,53,43596,卖盘
2205,14:14:31,8.22,0.0,17,13974,卖盘
2206,14:14:34,8.22,0.0,335,275370,卖盘
2207,14:14:36,8.22,0.0,36,29592,卖盘
2208,14:14:39,8.22,0.0,8,6576,卖盘
2209,14:14:42,8.22,0.0,33,26773,卖盘
2210,14:14:49,8.21,-0.01,7,5747,卖盘
2211,14:14:52,8.21,0.0,39,32019,卖盘
2212,14:14:55,8.21,0.0,17,13957,卖盘
2213,14:14:57,8.22,0.01,29,23818,买盘
2214,14:15:07,8.2,-0.02,17,13950,卖盘
2215,14:15:09,8.21,0.01,91,74711,买盘
2216,14:15:12,8.21,0.0,20,16420,买盘
2217,14:15:18,8.2,-0.01,646,529720,卖盘
2218,14:15:21,8.2,0.0,136,112342,卖盘
2219,14:15:24,8.2,0.0,10,8200,买盘
2220,14:15:27,8.19,-0.01,6,4914,卖盘
2221,14:15:31,8.2,0.01,409,335380,买盘
2222,14:15:36,8.19,-0.01,15,12285,卖盘
2223,14:15:42,8.2,0.01,10,8200,买盘
2224,14:15:48,8.2,0.0,51,41784,买盘
2225,14:15:51,8.2,0.0,41,33620,买盘
2226,14:15:57,8.19,-0.01,17,13923,卖盘
2227,14:16:03,8.19,0.0,7,5733,卖盘
2228,14:16:06,8.19,0.0,156,127778,卖盘
2229,14:16:12,8.19,0.0,6,4914,卖盘
2230,14:16:15,8.19,0.0,6,4914,卖盘
2231,14:16:18,8.19,0.0,7,5733,卖盘
2232,14:16:22,8.19,0.0,9,7371,卖盘
2233,14:16:28,8.19,0.0,6,4914,卖盘
2234,14:16:33,8.2,0.01,23,18860,买盘
2235,14:16:36,8.19,-0.01,7,5733,卖盘
2236,14:16:39,8.19,0.0,8,6552,卖盘
2237,14:16:42,8.2,0.01,100,82000,买盘
2238,14:16:49,8.19,-0.01,6,4914,卖盘
2239,14:16:51,8.2,0.01,24,19680,买盘
2240,14:16:58,8.19,-0.01,104,85273,卖盘
2241,14:17:04,8.19,0.0,15,12285,卖盘
2242,14:17:06,8.19,0.0,9,7371,卖盘
2243,14:17:09,8.2,0.01,10,8200,买盘
2244,14:17:13,8.2,0.0,5,4100,买盘
2245,14:17:16,8.2,0.0,17,13940,买盘
2246,14:17:19,8.2,0.0,20,16393,买盘
2247,14:17:21,8.2,0.0,7,5737,买盘
2248,14:17:27,8.19,-0.01,14,11474,卖盘
2249,14:17:34,8.2,0.01,60,49150,买盘
2250,14:17:37,8.19,-0.01,59,48321,卖盘
2251,14:17:45,8.2,0.01,165,135300,买盘
2252,14:17:48,8.19,-0.01,6,4914,卖盘
2253,14:17:54,8.2,0.01,10,8200,买盘
2254,14:17:58,8.2,0.0,157,128733,买盘
2255,14:18:01,8.2,0.0,5,4100,买盘
2256,14:18:04,8.2,0.0,51,41033,买盘
2257,14:18:06,8.2,0.0,6,4920,卖盘
2258,14:18:13,8.2,0.0,5,4100,卖盘
2259,14:18:15,8.21,0.01,1,821,买盘
2260,14:18:18,8.2,-0.01,6,4920,卖盘
2261,14:18:25,8.22,0.02,415,341015,买盘
2262,14:18:27,8.2,-0.02,13,10660,卖盘
2263,14:18:30,8.22,0.02,210,172220,买盘
2264,14:18:34,8.2,-0.02,9,7380,卖盘
2265,14:18:37,8.2,0.0,8,6564,卖盘
2266,14:18:39,8.2,0.0,10,8200,卖盘
2267,14:18:49,8.21,0.01,8,6568,卖盘
2268,14:18:55,8.22,0.01,9,7390,买盘
2269,14:18:58,8.21,-0.01,6,4926,卖盘
2270,14:19:04,8.21,0.0,7,5747,卖盘
2271,14:19:07,8.21,0.0,7,5747,卖盘
2272,14:19:12,8.21,0.0,97,79689,卖盘
2273,14:19:18,8.2,-0.01,6,4920,卖盘
2274,14:19:27,8.2,0.0,7,5740,卖盘
2275,14:19:31,8.2,0.0,1,820,卖盘
2276,14:19:36,8.2,0.0,6,4920,卖盘
2277,14:19:39,8.21,0.01,9,7382,买盘
2278,14:19:49,8.2,-0.01,7,5740,卖盘
2279,14:19:54,8.21,0.01,11,9031,买盘
2280,14:19:57,8.2,-0.01,6,4920,卖盘
2281,14:20:04,8.2,0.0,3,2460,卖盘
2282,14:20:06,8.2,0.0,7,5740,卖盘
2283,14:20:12,8.2,0.0,31,25420,卖盘
2284,14:20:15,8.21,0.01,10,8210,买盘
2285,14:20:18,8.2,-0.01,6,4920,卖盘
2286,14:20:25,8.2,0.0,6,4920,卖盘
2287,14:20:28,8.2,0.0,47,38580,卖盘
2288,14:20:30,8.21,0.01,1,821,买盘
2289,14:20:33,8.21,0.0,5,4105,买盘
2290,14:20:36,8.2,-0.01,7,5741,卖盘
2291,14:20:40,8.2,0.0,8,6560,卖盘
2292,14:20:42,8.21,0.01,1,821,买盘
2293,14:20:46,8.21,0.0,190,155990,买盘
2294,14:20:49,8.21,0.0,20,16420,卖盘
2295,14:20:52,8.21,0.0,12,9852,卖盘
2296,14:20:55,8.22,0.01,300,246600,买盘
2297,14:20:57,8.21,-0.01,6,4926,卖盘
2298,14:21:06,8.21,0.0,6,4926,卖盘
2299,14:21:12,8.22,0.01,100,82200,买盘
2300,14:21:18,8.23,0.01,957,787017,买盘
2301,14:21:27,8.22,-0.01,16,13162,卖盘
2302,14:21:31,8.23,0.01,938,772402,买盘
2303,14:21:33,8.23,0.0,18,14814,卖盘
2304,14:21:37,8.23,0.0,119,97937,卖盘
2305,14:21:40,8.23,0.0,6,4938,卖盘
2306,14:21:42,8.24,0.01,242,199408,买盘
2307,14:21:46,8.23,-0.01,35,28377,卖盘
2308,14:21:49,8.23,0.0,11,9481,买盘
2309,14:21:55,8.23,0.0,21,17283,卖盘
2310,14:21:57,8.23,0.0,7,5761,卖盘
2311,14:22:00,8.23,0.0,45,37035,卖盘
2312,14:22:04,8.23,0.0,27,21798,卖盘
2313,14:22:06,8.22,-0.01,6,4932,卖盘
2314,14:22:09,8.23,0.01,102,83946,买盘
2315,14:22:12,8.23,0.0,25,20570,买盘
2316,14:22:15,8.23,0.0,196,161756,买盘
2317,14:22:19,8.23,0.0,175,144083,卖盘
2318,14:22:25,8.22,-0.01,12,9871,卖盘
2319,14:22:27,8.23,0.01,100,82300,买盘
2320,14:22:33,8.22,-0.01,15,12330,卖盘
2321,14:22:36,8.22,0.0,7,5754,卖盘
2322,14:22:40,8.23,0.01,41,33712,买盘
2323,14:22:48,8.22,-0.01,71,58377,卖盘
2324,14:22:57,8.23,0.01,33,27152,买盘
2325,14:23:07,8.22,-0.01,6,4932,卖盘
2326,14:23:10,8.22,0.0,7,5754,卖盘
2327,14:23:13,8.22,0.0,32,26304,卖盘
2328,14:23:16,8.23,0.01,17,13991,买盘
2329,14:23:19,8.22,-0.01,12,9864,卖盘
2330,14:23:21,8.23,0.01,30,24690,买盘
2331,14:23:24,8.22,-0.01,394,323868,卖盘
2332,14:23:27,8.22,0.0,6,4932,卖盘
2333,14:23:31,8.22,0.0,64,52608,卖盘
2334,14:23:34,8.22,0.0,29,23057,卖盘
2335,14:23:37,8.21,-0.01,7,5747,卖盘
2336,14:23:49,8.21,0.0,6,4926,卖盘
2337,14:23:51,8.21,0.0,60,49260,卖盘
2338,14:23:54,8.21,0.0,50,41060,卖盘
2339,14:23:57,8.21,0.0,6,4926,卖盘
2340,14:24:00,8.21,0.0,25,20525,卖盘
2341,14:24:04,8.21,0.0,106,87026,卖盘
2342,14:24:07,8.21,0.0,7,5747,卖盘
2343,14:24:10,8.21,0.0,18,14778,卖盘
2344,14:24:12,8.21,0.0,6,4926,卖盘
2345,14:24:18,8.21,0.0,6,4926,卖盘
2346,14:24:24,8.21,0.0,24,19704,卖盘
2347,14:24:28,8.21,0.0,7,5747,卖盘
2348,14:24:30,8.21,0.0,19,15599,卖盘
2349,14:24:34,8.22,0.01,21,17261,买盘
2350,14:24:37,8.21,-0.01,6,4926,卖盘
2351,14:24:39,8.22,0.01,9,7398,买盘
2352,14:24:48,8.21,-0.01,7,5747,卖盘
2353,14:24:58,8.21,0.0,8,6568,卖盘
2354,14:25:04,8.21,0.0,10,8210,卖盘
2355,14:25:06,8.21,0.0,44,36151,卖盘
2356,14:25:09,8.21,0.0,9,7389,卖盘
2357,14:25:13,8.21,0.0,1,821,卖盘
2358,14:25:15,8.22,0.01,10,8220,买盘
2359,14:25:19,8.21,-0.01,6,4926,卖盘
2360,14:25:27,8.21,0.0,17,13967,卖盘
2361,14:25:31,8.21,0.0,14,11494,卖盘
2362,14:25:36,8.21,0.0,53,43513,卖盘
2363,14:25:42,8.21,0.0,362,297202,卖盘
2364,14:25:45,8.21,0.0,52,42692,买盘
2365,14:25:48,8.21,0.0,27,22167,卖盘
2366,14:25:51,8.21,0.0,20,16420,卖盘
2367,14:25:54,8.21,0.0,13,10673,卖盘
2368,14:25:57,8.21,0.0,114,93579,买盘
2369,14:26:07,8.21,0.0,8,6568,卖盘
2370,14:26:12,8.21,0.0,5,4105,卖盘
2371,14:26:19,8.21,0.0,6,4926,卖盘
2372,14:26:24,8.21,0.0,29,23809,卖盘
2373,14:26:27,8.21,0.0,27,22187,卖盘
2374,14:26:33,8.21,0.0,5,4105,卖盘
2375,14:26:36,8.21,0.0,6,4926,卖盘
2376,14:26:39,8.22,0.01,10,8220,买盘
2377,14:26:48,8.21,-0.01,6,4926,卖盘
2378,14:26:51,8.22,0.01,1,822,买盘
2379,14:26:58,8.21,-0.01,7,5747,卖盘
2380,14:27:07,8.21,0.0,66,54246,卖盘
2381,14:27:15,8.21,0.0,10,8210,卖盘
2382,14:27:18,8.21,0.0,7,5747,卖盘
2383,14:27:21,8.21,0.0,25,20525,卖盘
2384,14:27:24,8.21,0.0,4,3284,卖盘
2385,14:27:27,8.21,0.0,6,4926,卖盘
2386,14:27:30,8.22,0.01,4,3288,买盘
2387,14:27:34,8.22,0.0,402,330444,买盘
2388,14:27:36,8.21,-0.01,7,5747,卖盘
2389,14:27:46,8.22,0.01,17,13974,买盘
2390,14:27:48,8.22,0.0,11,9036,买盘
2391,14:27:58,8.22,0.0,29,23831,买盘
2392,14:28:01,8.22,0.0,20,16440,买盘
2393,14:28:04,8.22,0.0,14,11508,买盘
2394,14:28:06,8.22,0.0,179,147132,买盘
2395,14:28:09,8.22,0.0,22,18084,买盘
2396,14:28:12,8.22,0.0,162,133158,买盘
2397,14:28:15,8.22,0.0,282,232569,买盘
2398,14:28:19,8.22,0.0,107,87954,卖盘
2399,14:28:21,8.23,0.01,6,4938,买盘
2400,14:28:25,8.22,-0.01,8,6576,卖盘
2401,14:28:28,8.22,0.0,6,4932,卖盘
2402,14:28:31,8.22,0.0,7,5754,卖盘
2403,14:28:33,8.22,0.0,101,83022,卖盘
2404,14:28:37,8.21,-0.01,17,13967,卖盘
2405,14:28:46,8.22,0.01,40,32880,买盘
2406,14:28:49,8.22,0.0,6,4932,卖盘
2407,14:28:52,8.22,0.0,39,32058,卖盘
2408,14:28:55,8.22,0.0,11,9042,买盘
2409,14:28:57,8.22,0.0,27,22194,卖盘
2410,14:29:04,8.23,0.01,94,77318,买盘
2411,14:29:07,8.22,-0.01,6,4932,卖盘
2412,14:29:10,8.22,0.0,44,36168,卖盘
2413,14:29:13,8.22,0.0,4,3288,卖盘
2414,14:29:16,8.22,0.0,45,36990,卖盘
2415,14:29:18,8.22,0.0,7,5754,卖盘
2416,14:29:24,8.23,0.01,10,8230,买盘
2417,14:29:27,8.22,-0.01,6,4932,卖盘
2418,14:29:34,8.23,0.01,152,125096,买盘
2419,14:29:37,8.22,-0.01,176,144842,卖盘
2420,14:29:42,8.23,0.01,14,11522,买盘
2421,14:29:49,8.23,0.0,13,10692,买盘
2422,14:29:55,8.23,0.0,10,8230,买盘
2423,14:29:58,8.23,0.0,42,34560,买盘
2424,14:30:00,8.23,0.0,50,41150,买盘
2425,14:30:04,8.23,0.0,158,130034,买盘
2426,14:30:06,8.23,0.0,7,5761,卖盘
2427,14:30:13,8.23,0.0,5,4115,卖盘
2428,14:30:19,8.23,0.0,6,4938,卖盘
2429,14:30:22,8.23,0.0,48,39505,卖盘
2430,14:30:25,8.24,0.01,41,33777,买盘
2431,14:30:28,8.24,0.0,13,10704,买盘
2432,14:30:31,8.23,-0.01,45,37035,卖盘
2433,14:30:36,8.23,0.0,6,4938,卖盘
2434,14:30:40,8.23,0.0,13,10699,卖盘
2435,14:30:43,8.23,0.0,1,823,卖盘
2436,14:30:45,8.24,0.01,35,28840,买盘
2437,14:30:48,8.23,-0.01,7,5761,卖盘
2438,14:30:58,8.23,0.0,6,4938,卖盘
2439,14:31:04,8.23,0.0,501,412323,卖盘
2440,14:31:07,8.23,0.0,107,88054,买盘
2441,14:31:16,8.22,-0.01,21,17263,卖盘
2442,14:31:19,8.22,0.0,6,4932,卖盘
2443,14:31:22,8.23,0.01,1,823,买盘
2444,14:31:28,8.23,0.0,27,22214,买盘
2445,14:31:37,8.22,-0.01,6,4932,卖盘
2446,14:31:40,8.23,0.01,20,16450,买盘
2447,14:31:49,8.22,-0.01,7,5754,卖盘
2448,14:31:57,8.21,-0.01,306,251487,卖盘
2449,14:32:04,8.23,0.02,10,8230,买盘
2450,14:32:07,8.21,-0.02,6,4926,卖盘
2451,14:32:12,8.21,0.0,6,4926,卖盘
2452,14:32:16,8.23,0.02,10,8230,买盘
2453,14:32:19,8.23,0.0,12,9862,买盘
2454,14:32:28,8.21,-0.02,16,13136,卖盘
2455,14:32:37,8.22,0.01,17,13974,卖盘
2456,14:32:42,8.22,0.0,5,4110,卖盘
2457,14:32:49,8.22,0.0,6,4932,卖盘
2458,14:32:57,8.22,0.0,7,5754,卖盘
2459,14:33:00,8.22,0.0,5,4110,卖盘
2460,14:33:06,8.22,0.0,14,11508,卖盘
2461,14:33:09,8.23,0.01,1,823,买盘
2462,14:33:12,8.22,-0.01,8,6576,卖盘
2463,14:33:19,8.22,0.0,8,6576,卖盘
2464,14:33:22,8.23,0.01,310,255130,买盘
2465,14:33:24,8.23,0.0,10,8230,买盘
2466,14:33:27,8.22,-0.01,6,4932,卖盘
2467,14:33:36,8.22,0.0,7,5754,卖盘
2468,14:33:45,8.23,0.01,4,3292,买盘
2469,14:33:49,8.22,-0.01,34,27948,卖盘
2470,14:33:51,8.22,0.0,20,16440,卖盘
2471,14:33:57,8.22,0.0,18,14797,卖盘
2472,14:34:07,8.22,0.0,206,169532,卖盘
2473,14:34:13,8.22,0.0,5,4110,卖盘
2474,14:34:18,8.22,0.0,37,30414,卖盘
2475,14:34:25,8.22,0.0,5,4110,卖盘
2476,14:34:28,8.22,0.0,17,13974,卖盘
2477,14:34:34,8.22,0.0,76,62532,卖盘
2478,14:34:37,8.22,0.0,7,5754,卖盘
2479,14:34:40,8.22,0.0,87,71524,卖盘
2480,14:34:46,8.22,0.0,15,12340,卖盘
2481,14:34:48,8.22,0.0,306,251532,卖盘
2482,14:34:54,8.23,0.01,10,8230,买盘
2483,14:34:57,8.22,-0.01,19,15618,卖盘
2484,14:35:01,8.22,0.0,120,98740,卖盘
2485,14:35:04,8.22,0.0,65,53430,卖盘
2486,14:35:07,8.22,0.0,90,73980,卖盘
2487,14:35:10,8.22,0.0,11,9042,买盘
2488,14:35:12,8.22,0.0,17,13974,卖盘
2489,14:35:15,8.22,0.0,57,46854,卖盘
2490,14:35:19,8.21,-0.01,6,4926,卖盘
2491,14:35:21,8.21,0.0,1,821,卖盘
2492,14:35:28,8.21,0.0,7,5747,卖盘
2493,14:35:37,8.21,0.0,12,9858,卖盘
2494,14:35:48,8.21,0.0,7,5747,卖盘
2495,14:35:58,8.21,0.0,6,4926,卖盘
2496,14:36:04,8.22,0.01,110,90420,买盘
2497,14:36:07,8.21,-0.01,9,7389,卖盘
2498,14:36:09,8.21,0.0,134,109390,卖盘
2499,14:36:12,8.21,0.0,6,4926,卖盘
2500,14:36:15,8.21,0.0,2,1642,卖盘
2501,14:36:18,8.21,0.0,6,4926,卖盘
2502,14:36:25,8.21,0.0,11,9031,卖盘
2503,14:36:28,8.21,0.0,77,63267,卖盘
2504,14:36:34,8.21,0.0,8,6568,卖盘
2505,14:36:37,8.21,0.0,6,4926,卖盘
2506,14:36:39,8.22,0.01,4,3288,买盘
2507,14:36:45,8.21,-0.01,2,1642,卖盘
2508,14:36:49,8.21,0.0,23,18883,卖盘
2509,14:36:58,8.21,0.0,6,4926,卖盘
2510,14:37:01,8.21,0.0,15,12315,卖盘
2511,14:37:07,8.21,0.0,27,22167,卖盘
2512,14:37:10,8.21,0.0,14,11499,卖盘
2513,14:37:13,8.21,0.0,500,410500,卖盘
2514,14:37:16,8.22,0.01,30,24660,买盘
2515,14:37:18,8.21,-0.01,6,4926,卖盘
2516,14:37:24,8.21,0.0,20,16430,卖盘
2517,14:37:27,8.21,0.0,7,5747,卖盘
2518,14:37:33,8.22,0.01,23,18903,买盘
2519,14:37:37,8.21,-0.01,62,50902,卖盘
2520,14:37:42,8.22,0.01,169,138918,买盘
2521,14:37:49,8.21,-0.01,6,4926,卖盘
2522,14:37:51,8.21,0.0,18,14778,卖盘
2523,14:37:57,8.2,-0.01,7,5740,卖盘
2524,14:38:04,8.2,0.0,6,4920,卖盘
2525,14:38:06,8.2,0.0,6,4920,卖盘
2526,14:38:13,8.2,0.0,5,4100,卖盘
2527,14:38:19,8.2,0.0,7,5740,卖盘
2528,14:38:27,8.2,0.0,24,19680,卖盘
2529,14:38:34,8.21,0.01,2,1642,买盘
2530,14:38:36,8.2,-0.01,7,5740,卖盘
2531,14:38:43,8.2,0.0,12,9840,卖盘
2532,14:38:49,8.21,0.01,16,13130,买盘
2533,14:38:58,8.2,-0.01,7,5740,卖盘
2534,14:39:07,8.2,0.0,8,6562,卖盘
2535,14:39:09,8.2,0.0,8,6560,卖盘
2536,14:39:15,8.2,0.0,14,11480,卖盘
2537,14:39:19,8.2,0.0,7,5740,卖盘
2538,14:39:25,8.2,0.0,12,9840,卖盘
2539,14:39:28,8.2,0.0,6,4920,卖盘
2540,14:39:31,8.2,0.0,30,24600,卖盘
2541,14:39:34,8.21,0.01,1,821,买盘
2542,14:39:37,8.2,-0.01,10,8200,卖盘
2543,14:39:40,8.21,0.01,200,164200,买盘
2544,14:39:42,8.21,0.0,10,8210,买盘
2545,14:39:46,8.21,0.0,62,50946,买盘
2546,14:39:49,8.21,0.0,7,5741,买盘
2547,14:39:52,8.2,-0.01,20,16400,卖盘
2548,14:39:58,8.2,0.0,7,5740,卖盘
2549,14:40:01,8.21,0.01,30,24630,买盘
2550,14:40:04,8.21,0.0,10,8210,买盘
2551,14:40:06,8.2,-0.01,6,4920,卖盘
2552,14:40:13,8.2,0.0,6,4920,卖盘
2553,14:40:18,8.21,0.01,129,105885,买盘
2554,14:40:21,8.21,0.0,1,821,买盘
2555,14:40:25,8.21,0.0,2,1642,买盘
2556,14:40:27,8.2,-0.01,13,10660,卖盘
2557,14:40:31,8.21,0.01,315,258515,买盘
2558,14:40:33,8.21,0.0,31,25451,卖盘
2559,14:40:36,8.21,0.0,121,99341,卖盘
2560,14:40:42,8.21,0.0,3,2462,买盘
2561,14:40:45,8.21,0.0,42,34482,买盘
2562,14:40:48,8.21,0.0,85,69778,买盘
2563,14:40:57,8.2,-0.01,6,4920,卖盘
2564,14:41:01,8.21,0.01,72,59112,买盘
2565,14:41:06,8.2,-0.01,7,5740,卖盘
2566,14:41:10,8.21,0.01,73,59933,买盘
2567,14:41:13,8.21,0.0,20,16420,买盘
2568,14:41:16,8.22,0.01,82,67332,买盘
2569,14:41:18,8.21,-0.01,6,4926,卖盘
2570,14:41:22,8.21,0.0,5,4105,卖盘
2571,14:41:28,8.21,0.0,7,5747,卖盘
2572,14:41:34,8.21,0.0,23,18886,卖盘
2573,14:41:37,8.21,0.0,25,20525,卖盘
2574,14:41:40,8.21,0.0,100,82100,卖盘
2575,14:41:49,8.21,0.0,27,22167,卖盘
2576,14:41:58,8.21,0.0,52,42938,卖盘
2577,14:42:01,8.22,0.01,1,822,买盘
2578,14:42:07,8.21,-0.01,7,5747,卖盘
2579,14:42:10,8.2,-0.01,45,36665,卖盘
2580,14:42:12,8.2,0.0,5,4100,卖盘
2581,14:42:15,8.21,0.01,30,24630,买盘
2582,14:42:19,8.2,-0.01,6,4920,卖盘
2583,14:42:22,8.21,0.01,5,4105,买盘
2584,14:42:24,8.21,0.0,2,1642,买盘
2585,14:42:27,8.21,0.0,92,75762,买盘
2586,14:42:37,8.21,0.0,6,4926,卖盘
2587,14:42:40,8.21,0.0,9,7389,卖盘
2588,14:42:43,8.21,0.0,78,64038,卖盘
2589,14:42:46,8.21,0.0,5,4105,卖盘
2590,14:42:48,8.22,0.01,130,106853,买盘
2591,14:42:55,8.21,-0.01,6,4926,买盘
2592,14:42:57,8.21,0.0,12,9846,买盘
2593,14:43:04,8.21,0.0,62,50902,买盘
2594,14:43:07,8.21,0.0,333,273128,卖盘
2595,14:43:10,8.21,0.0,149,122329,卖盘
2596,14:43:13,8.21,0.0,5,4105,卖盘
2597,14:43:16,8.21,0.0,12,9852,卖盘
2598,14:43:18,8.21,0.0,6,4926,卖盘
2599,14:43:24,8.21,0.0,32,26272,卖盘
2600,14:43:28,8.2,-0.01,6,4920,卖盘
2601,14:43:31,8.21,0.01,105,86205,买盘
2602,14:43:36,8.21,0.0,443,363696,买盘
2603,14:43:40,8.21,0.0,20,16420,卖盘
2604,14:43:43,8.21,0.0,14,11494,卖盘
2605,14:43:46,8.21,0.0,1,821,卖盘
2606,14:43:49,8.21,0.0,22,18062,卖盘
2607,14:43:55,8.21,0.0,30,24630,卖盘
2608,14:43:58,8.21,0.0,93,76353,卖盘
2609,14:44:00,8.21,0.0,32,26272,卖盘
2610,14:44:07,8.2,-0.01,6,4920,卖盘
2611,14:44:09,8.21,0.01,59,48439,买盘
2612,14:44:13,8.2,-0.01,6,4924,卖盘
2613,14:44:16,8.2,0.0,10,8200,卖盘
2614,14:44:19,8.2,0.0,7,5740,卖盘
2615,14:44:22,8.2,0.0,25,20500,卖盘
2616,14:44:27,8.2,0.0,16,13120,卖盘
2617,14:44:31,8.21,0.01,1,821,买盘
2618,14:44:34,8.2,-0.01,4,3280,卖盘
2619,14:44:37,8.2,0.0,8,6560,卖盘
2620,14:44:40,8.2,0.0,128,104990,卖盘
2621,14:44:45,8.21,0.01,10,8210,买盘
2622,14:44:48,8.2,-0.01,56,45970,卖盘
2623,14:44:52,8.2,0.0,60,49200,卖盘
2624,14:44:58,8.2,0.0,67,54940,卖盘
2625,14:45:01,8.2,0.0,53,43510,卖盘
2626,14:45:07,8.2,0.0,7,5740,卖盘
2627,14:45:13,8.2,0.0,162,133094,卖盘
2628,14:45:19,8.2,0.0,7,5740,卖盘
2629,14:45:21,8.2,0.0,120,98400,卖盘
2630,14:45:25,8.2,0.0,2,1640,卖盘
2631,14:45:28,8.2,0.0,46,37720,卖盘
2632,14:45:31,8.2,0.0,50,41000,卖盘
2633,14:45:34,8.2,0.0,13,10660,卖盘
2634,14:45:37,8.2,0.0,7,5740,卖盘
2635,14:45:40,8.2,0.0,86,70520,卖盘
2636,14:45:46,8.2,0.0,10,8200,卖盘
2637,14:45:49,8.2,0.0,13,10660,卖盘
2638,14:45:57,8.2,0.0,42,34088,卖盘
2639,14:46:06,8.19,-0.01,6,4914,卖盘
2640,14:46:09,8.2,0.01,102,83640,买盘
2641,14:46:12,8.2,0.0,35,28695,买盘
2642,14:46:16,8.19,-0.01,2,1638,卖盘
2643,14:46:19,8.19,0.0,6,4914,卖盘
2644,14:46:22,8.19,0.0,50,40950,卖盘
2645,14:46:28,8.19,0.0,10,8190,卖盘
2646,14:46:31,8.19,0.0,3,2457,卖盘
2647,14:46:34,8.2,0.01,80,65600,买盘
2648,14:46:37,8.19,-0.01,13,10654,卖盘
2649,14:46:45,8.2,0.01,100,82000,买盘
2650,14:46:48,8.19,-0.01,7,5733,卖盘
2651,14:46:51,8.19,0.0,20,16380,卖盘
2652,14:46:54,8.2,0.01,10,8200,买盘
2653,14:46:57,8.2,0.0,36,29514,买盘
2654,14:47:01,8.19,-0.01,5,4095,卖盘
2655,14:47:06,8.19,0.0,7,5733,卖盘
2656,14:47:10,8.2,0.01,4,3280,买盘
2657,14:47:12,8.19,-0.01,1,819,卖盘
2658,14:47:16,8.2,0.01,5,4100,买盘
2659,14:47:19,8.2,0.0,16,13114,买盘
2660,14:47:24,8.2,0.0,20,16400,买盘
2661,14:47:27,8.2,0.0,22,18033,买盘
2662,14:47:30,8.2,0.0,44,36080,买盘
2663,14:47:33,8.2,0.0,4,3280,买盘
2664,14:47:37,8.19,-0.01,6,4914,卖盘
2665,14:47:40,8.19,0.0,10,8190,卖盘
2666,14:47:49,8.19,0.0,7,5733,卖盘
2667,14:47:58,8.19,0.0,16,13104,卖盘
2668,14:48:00,8.19,0.0,536,438984,卖盘
2669,14:48:04,8.2,0.01,5,4100,买盘
2670,14:48:06,8.19,-0.01,10,8193,卖盘
2671,14:48:15,8.19,0.0,25,20475,卖盘
2672,14:48:19,8.2,0.01,31,25414,买盘
2673,14:48:22,8.2,0.0,89,72892,买盘
2674,14:48:24,8.2,0.0,20,16400,买盘
2675,14:48:28,8.19,-0.01,57,46683,卖盘
2676,14:48:36,8.19,0.0,6,4914,卖盘
2677,14:48:42,8.2,0.01,24,19680,买盘
2678,14:48:49,8.19,-0.01,6,4914,卖盘
2679,14:48:52,8.2,0.01,75,61475,买盘
2680,14:48:58,8.19,-0.01,7,5733,卖盘
2681,14:49:01,8.2,0.01,28,22960,买盘
2682,14:49:07,8.19,-0.01,24,19674,卖盘
2683,14:49:09,8.2,0.01,1,820,买盘
2684,14:49:13,8.19,-0.01,219,179361,卖盘
2685,14:49:16,8.2,0.01,72,59040,买盘
2686,14:49:18,8.19,-0.01,7,5733,卖盘
2687,14:49:21,8.2,0.01,20,16400,买盘
2688,14:49:25,8.2,0.0,1,820,买盘
2689,14:49:28,8.19,-0.01,49,40131,卖盘
2690,14:49:37,8.19,0.0,107,87733,卖盘
2691,14:49:40,8.19,0.0,40,32760,卖盘
2692,14:49:46,8.2,0.01,10,8200,买盘
2693,14:49:48,8.19,-0.01,6,4914,卖盘
2694,14:49:51,8.19,0.0,10,8190,卖盘
2695,14:49:57,8.19,0.0,6,4914,卖盘
2696,14:50:01,8.2,0.01,129,105780,买盘
2697,14:50:04,8.2,0.0,4,3280,买盘
2698,14:50:06,8.19,-0.01,21,17219,卖盘
2699,14:50:10,8.2,0.01,10,8200,买盘
2700,14:50:16,8.19,-0.01,30,24570,卖盘
2701,14:50:19,8.2,0.01,39,31961,买盘
2702,14:50:22,8.2,0.0,887,727693,买盘
2703,14:50:25,8.2,0.0,65,53300,卖盘
2704,14:50:30,8.2,0.0,25,20500,卖盘
2705,14:50:37,8.2,0.0,25,20500,卖盘
2706,14:50:40,8.21,0.01,1,821,买盘
2707,14:50:42,8.2,-0.01,39,31980,卖盘
2708,14:50:52,8.2,0.0,209,171380,卖盘
2709,14:51:01,8.2,0.0,9,7380,卖盘
2710,14:51:04,8.21,0.01,23,18883,买盘
2711,14:51:09,8.21,0.0,100,82100,买盘
2712,14:51:19,8.2,-0.01,40,32800,卖盘
2713,14:51:21,8.2,0.0,1,820,卖盘
2714,14:51:27,8.2,0.0,30,24600,卖盘
2715,14:51:36,8.21,0.01,2,1642,买盘
2716,14:51:40,8.2,-0.01,6,4920,卖盘
2717,14:51:42,8.2,0.0,10,8200,卖盘
2718,14:51:46,8.21,0.01,20,16420,买盘
2719,14:51:51,8.2,-0.01,36,29520,卖盘
2720,14:51:55,8.2,0.0,98,80360,卖盘
2721,14:52:00,8.2,0.0,96,78720,卖盘
2722,14:52:04,8.2,0.0,60,49200,卖盘
2723,14:52:16,8.2,0.0,56,45920,卖盘
2724,14:52:19,8.2,0.0,2,1640,卖盘
2725,14:52:24,8.2,0.0,10,8200,卖盘
2726,14:52:30,8.2,0.0,30,24600,卖盘
2727,14:52:34,8.21,0.01,2,1642,买盘
2728,14:52:37,8.2,-0.01,64,52398,卖盘
2729,14:52:43,8.2,0.0,36,29520,卖盘
2730,14:52:46,8.21,0.01,37,30377,买盘
2731,14:52:48,8.21,0.0,86,70544,买盘
2732,14:52:51,8.2,-0.01,20,16400,卖盘
2733,14:53:04,8.21,0.01,17,13957,买盘
2734,14:53:16,8.2,-0.01,3,2460,卖盘
2735,14:53:19,8.2,0.0,123,100883,卖盘
2736,14:53:22,8.21,0.01,3,2463,买盘
2737,14:53:24,8.21,0.0,7,5747,买盘
2738,14:53:27,8.21,0.0,21,17241,买盘
2739,14:53:30,8.21,0.0,43,35303,买盘
2740,14:53:43,8.21,0.0,25,20510,买盘
2741,14:53:48,8.2,-0.01,29,23804,卖盘
2742,14:53:52,8.2,0.0,1,820,卖盘
2743,14:53:54,8.2,0.0,5,4100,卖盘
2744,14:53:57,8.2,0.0,1,820,卖盘
2745,14:54:01,8.2,0.0,236,193736,卖盘
2746,14:54:04,8.21,0.01,17,13947,买盘
2747,14:54:06,8.2,-0.01,15,12310,卖盘
2748,14:54:09,8.2,0.0,11,9020,卖盘
2749,14:54:12,8.2,0.0,11,9020,卖盘
2750,14:54:16,8.2,0.0,1,820,卖盘
2751,14:54:19,8.2,0.0,150,123000,卖盘
2752,14:54:22,8.21,0.01,47,38586,买盘
2753,14:54:28,8.2,-0.01,159,130084,卖盘
2754,14:54:31,8.21,0.01,169,138601,买盘
2755,14:54:34,8.2,-0.01,3,2460,买盘
2756,14:54:36,8.2,0.0,12,9479,买盘
2757,14:54:39,8.2,0.0,3,2460,卖盘
2758,14:54:45,8.2,0.0,14,11480,卖盘
2759,14:54:49,8.2,0.0,34,27880,卖盘
2760,14:54:52,8.2,0.0,10,8200,卖盘
2761,14:54:55,8.2,0.0,120,98400,卖盘
2762,14:54:58,8.2,0.0,11,9020,卖盘
2763,14:55:04,8.2,0.0,186,152667,卖盘
2764,14:55:07,8.2,0.0,11,9020,卖盘
2765,14:55:13,8.21,0.01,36,29538,买盘
2766,14:55:15,8.21,0.0,24,19699,买盘
2767,14:55:19,8.2,-0.01,45,36900,卖盘
2768,14:55:21,8.2,0.0,1,820,卖盘
2769,14:55:24,8.21,0.01,51,41871,买盘
2770,14:55:28,8.2,-0.01,6,4920,卖盘
2771,14:55:34,8.2,0.0,32,26240,卖盘
2772,14:55:36,8.2,0.0,125,102600,卖盘
2773,14:55:39,8.21,0.01,1,821,买盘
2774,14:55:46,8.2,-0.01,40,32800,卖盘
2775,14:55:52,8.2,0.0,1,820,卖盘
2776,14:55:55,8.2,0.0,20,16400,卖盘
2777,14:55:58,8.2,0.0,1,820,卖盘
2778,14:56:01,8.2,0.0,12,9840,卖盘
2779,14:56:04,8.2,0.0,22,18050,卖盘
2780,14:56:06,8.2,0.0,5,4100,卖盘
2781,14:56:13,8.2,0.0,40,32820,卖盘
2782,14:56:16,8.21,0.01,36,29556,买盘
2783,14:56:19,8.21,0.0,42,34477,买盘
2784,14:56:22,8.21,0.0,740,607379,买盘
2785,14:56:27,8.21,0.0,268,220151,买盘
2786,14:56:30,8.21,0.0,84,68841,卖盘
2787,14:56:33,8.2,-0.01,10,8203,卖盘
2788,14:56:36,8.21,0.01,664,544516,买盘
2789,14:56:39,8.22,0.01,23,18892,买盘
2790,14:56:43,8.21,-0.01,2,1642,卖盘
2791,14:56:46,8.21,0.0,10,8210,卖盘
2792,14:56:48,8.22,0.01,15,12330,买盘
2793,14:56:51,8.21,-0.01,26,21354,卖盘
2794,14:56:54,8.2,-0.01,8,6560,卖盘
2795,14:56:57,8.21,0.01,10,8210,买盘
2796,14:57:01,8.21,0.0,16,13128,买盘
2797,15:00:04,8.21,0.0,1215,997334,卖盘
