,time,price,change,volume,amount,type
0,09:30:07,8.25,0.12,5,4124,买盘
1,09:30:10,8.16,-0.09,5,4080,中性盘
2,09:30:19,8.16,0.0,9,7376,卖盘
3,09:30:31,8.17,0.01,4,3268,卖盘
4,09:30:34,8.19,0.02,2,1638,买盘
5,09:30:40,8.18,-0.01,4,3273,卖盘
6,09:30:43,8.2,0.02,84,68876,买盘
7,09:30:46,8.2,0.0,2,1640,卖盘
8,09:30:49,8.18,-0.02,49,40110,卖盘
9,09:30:55,8.18,0.0,4,3272,卖盘
10,09:30:58,8.18,0.0,2,1636,买盘
11,09:31:01,8.17,-0.01,4,3268,卖盘
12,09:31:10,8.17,0.0,4,3268,卖盘
13,09:31:19,8.17,0.0,4,3268,卖盘
14,09:31:31,8.18,0.01,30,24539,买盘
15,09:31:34,8.18,0.0,1,818,卖盘
16,09:31:37,8.18,0.0,1,818,卖盘
17,09:31:40,8.18,0.0,5,4090,卖盘
18,09:31:46,8.19,0.01,1,819,买盘
19,09:31:49,8.18,-0.01,13,10634,卖盘
20,09:31:52,8.18,0.0,2,1636,卖盘
21,09:31:55,8.18,0.0,48,39264,卖盘
22,09:32:01,8.16,-0.02,4,3264,卖盘
23,09:32:10,8.16,0.0,4,3264,卖盘
24,09:32:19,8.16,0.0,4,3264,卖盘
25,09:32:31,8.16,0.0,4,3264,卖盘
26,09:32:37,8.17,0.01,25,20425,买盘
27,09:32:40,8.16,-0.01,4,3264,卖盘
28,09:32:49,8.16,0.0,22,17972,卖盘
29,09:33:01,8.17,0.01,4,3268,中性盘
30,09:33:07,8.17,0.0,1,817,卖盘
31,09:33:10,8.17,0.0,10,8176,卖盘
32,09:33:13,8.17,0.0,2,1634,卖盘
33,09:33:16,8.17,0.0,5,4085,卖盘
34,09:33:19,8.16,-0.01,4,3266,卖盘
35,09:33:31,8.16,0.0,4,3264,卖盘
36,09:33:40,8.16,0.0,6,4896,卖盘
37,09:33:49,8.16,0.0,4,3264,卖盘
38,09:33:58,8.16,0.0,1,816,卖盘
39,09:34:01,8.16,0.0,4,3264,卖盘
40,09:34:09,8.16,0.0,4,3264,卖盘
41,09:34:19,8.16,0.0,4,3264,卖盘
42,09:34:31,8.16,0.0,4,3264,卖盘
43,09:34:40,8.16,0.0,5,4081,卖盘
44,09:34:49,8.16,0.0,40,32641,卖盘
45,09:34:58,8.17,0.01,1,817,买盘
46,09:35:01,8.16,-0.01,4,3264,卖盘
47,09:35:10,8.16,0.0,4,3264,卖盘
48,09:35:13,8.18,0.02,5,4088,买盘
49,09:35:19,8.16,-0.02,4,3264,卖盘
50,09:35:30,8.16,0.0,4,3264,卖盘
51,09:35:37,8.16,0.0,2,1632,卖盘
52,09:35:40,8.16,0.0,4,3264,卖盘
53,09:35:49,8.16,0.0,4,3264,卖盘
54,09:36:01,8.16,0.0,4,3264,卖盘
55,09:36:04,8.16,0.0,2,1632,卖盘
56,09:36:10,8.16,0.0,4,3264,卖盘
57,09:36:19,8.17,0.01,10,8170,买盘
58,09:36:21,8.17,0.0,4,3268,卖盘
59,09:36:24,8.17,0.0,3,2451,卖盘
60,09:36:28,8.17,0.0,2,1634,卖盘
61,09:36:31,8.16,-0.01,4,3264,卖盘
62,09:36:37,8.18,0.02,27,22083,买盘
63,09:36:39,8.17,-0.01,7,5715,买盘
64,09:36:49,8.17,0.0,4,3268,卖盘
65,09:36:52,8.17,0.0,2,1634,卖盘
66,09:36:55,8.16,-0.01,30,24480,卖盘
67,09:37:01,8.15,-0.01,4,3260,卖盘
68,09:37:06,8.16,0.01,5,4080,买盘
69,09:37:10,8.15,-0.01,6,4892,卖盘
70,09:37:15,8.16,0.01,1,816,买盘
71,09:37:19,8.15,-0.01,4,3260,卖盘
72,09:37:22,8.17,0.02,1,817,买盘
73,09:37:31,8.17,0.0,14,11438,卖盘
74,09:37:40,8.17,0.0,7,5719,买盘
75,09:37:48,8.15,-0.02,4,3263,卖盘
76,09:38:01,8.14,-0.01,8,6516,卖盘
77,09:38:04,8.15,0.01,1,815,中性盘
78,09:38:07,8.17,0.02,55,44931,买盘
79,09:38:10,8.17,0.0,4,3268,卖盘
80,09:38:13,8.17,0.0,1,817,卖盘
81,09:38:19,8.13,-0.04,12,9795,卖盘
82,09:38:31,8.13,0.0,5,4065,卖盘
83,09:38:37,8.13,0.0,2,1626,卖盘
84,09:38:40,8.17,0.04,42,34313,买盘
85,09:38:43,8.17,0.0,1,817,卖盘
86,09:38:45,8.17,0.0,6,4902,卖盘
87,09:38:49,8.16,-0.01,4,3264,卖盘
88,09:39:01,8.16,0.0,4,3264,卖盘
89,09:39:05,8.16,0.0,4,3264,卖盘
90,09:39:07,8.16,0.0,8,6528,卖盘
91,09:39:10,8.13,-0.03,4,3252,卖盘
92,09:39:15,8.17,0.04,6,4897,买盘
93,09:39:19,8.17,0.0,4,3268,卖盘
94,09:39:31,8.14,-0.03,4,3256,卖盘
95,09:39:40,8.14,0.0,4,3256,卖盘
96,09:39:48,8.14,0.0,4,3256,卖盘
97,09:40:01,8.14,0.0,4,3256,卖盘
98,09:40:07,8.14,0.0,7,5698,卖盘
99,09:40:10,8.14,0.0,5,4070,卖盘
100,09:40:13,8.14,0.0,3,2442,卖盘
101,09:40:16,8.14,0.0,2,1628,卖盘
102,09:40:19,8.14,0.0,22,17908,卖盘
103,09:40:25,8.14,0.0,3,2442,卖盘
104,09:40:31,8.14,0.0,8,6512,卖盘
105,09:40:40,8.14,0.0,12,9768,卖盘
106,09:40:49,8.13,-0.01,4,3252,卖盘
107,09:41:01,8.13,0.0,22,17886,卖盘
108,09:41:09,8.13,0.0,4,3252,卖盘
109,09:41:19,8.13,0.0,8,6504,卖盘
110,09:41:31,8.13,0.0,4,3252,卖盘
111,09:41:37,8.14,0.01,10,8140,买盘
112,09:41:40,8.11,-0.03,64,51964,卖盘
113,09:41:48,8.11,0.0,4,3244,卖盘
114,09:41:55,8.11,0.0,2,1622,卖盘
115,09:41:58,8.11,0.0,5,4055,买盘
116,09:42:01,8.07,-0.04,4,3236,卖盘
117,09:42:10,8.08,0.01,4,3232,卖盘
118,09:42:19,8.08,0.0,4,3232,卖盘
119,09:42:28,8.09,0.01,1,809,卖盘
120,09:42:31,8.09,0.0,8,6479,卖盘
121,09:42:39,8.09,0.0,4,3236,卖盘
122,09:42:46,8.11,0.02,24,19464,买盘
123,09:42:49,8.1,-0.01,4,3240,中性盘
124,09:42:58,8.1,0.0,10,8100,卖盘
125,09:43:01,8.11,0.01,24,19460,买盘
126,09:43:10,8.11,0.0,22,17830,买盘
127,09:43:13,8.11,0.0,3,2433,买盘
128,09:43:19,8.11,0.0,8,6488,卖盘
129,09:43:28,8.1,-0.01,23,18632,卖盘
130,09:43:31,8.09,-0.01,4,3236,卖盘
131,09:43:40,8.09,0.0,8,6472,卖盘
132,09:43:49,8.09,0.0,4,3236,卖盘
133,09:44:00,8.09,0.0,4,3236,卖盘
134,09:44:10,8.09,0.0,4,3236,卖盘
135,09:44:19,8.09,0.0,4,3236,卖盘
136,09:44:31,8.09,0.0,4,3236,卖盘
137,09:44:36,8.09,0.0,23,18607,卖盘
138,09:44:40,8.08,-0.01,4,3232,卖盘
139,09:44:46,8.08,0.0,21,16968,卖盘
140,09:44:48,8.07,-0.01,4,3228,卖盘
141,09:45:01,8.07,0.0,4,3228,卖盘
142,09:45:10,8.07,0.0,4,3228,卖盘
143,09:45:18,8.07,0.0,4,3228,卖盘
144,09:45:25,8.07,0.0,1,807,卖盘
145,09:45:28,8.08,0.01,24,19391,买盘
146,09:45:31,8.08,0.0,5,4032,买盘
147,09:45:34,8.06,-0.02,91,73380,卖盘
148,09:45:40,8.06,0.0,8,6444,买盘
149,09:45:48,8.06,0.0,6,4836,买盘
150,09:46:01,8.06,0.0,4,3224,卖盘
151,09:46:07,8.06,0.0,1,806,卖盘
152,09:46:10,8.06,0.0,4,3224,卖盘
153,09:46:19,8.06,0.0,4,3224,卖盘
154,09:46:31,8.06,0.0,4,3224,卖盘
155,09:46:37,8.12,0.06,79,64087,买盘
156,09:46:40,8.07,-0.05,4,3228,卖盘
157,09:46:49,8.07,0.0,5,4044,卖盘
158,09:47:01,8.07,0.0,4,3230,卖盘
159,09:47:10,8.07,0.0,4,3230,卖盘
160,09:47:15,8.07,0.0,38,30698,卖盘
161,09:47:19,8.06,-0.01,4,3224,卖盘
162,09:47:31,8.06,0.0,4,3224,卖盘
163,09:47:40,8.06,0.0,4,3224,卖盘
164,09:47:42,8.06,0.0,37,29822,卖盘
165,09:47:49,8.06,0.0,4,3224,卖盘
166,09:47:55,8.06,0.0,31,24986,卖盘
167,09:48:01,8.05,-0.01,4,3220,卖盘
168,09:48:07,8.06,0.01,10,8060,买盘
169,09:48:10,8.05,-0.01,4,3220,卖盘
170,09:48:12,8.06,0.01,13,10478,买盘
171,09:48:19,8.06,0.0,4,3224,卖盘
172,09:48:25,8.06,0.0,3,2418,卖盘
173,09:48:31,8.07,0.01,59,47572,买盘
174,09:48:39,8.06,-0.01,4,3224,卖盘
175,09:48:49,8.05,-0.01,4,3223,卖盘
176,09:49:01,8.05,0.0,4,3220,卖盘
177,09:49:06,8.05,0.0,27,21735,卖盘
178,09:49:10,8.04,-0.01,4,3216,卖盘
179,09:49:16,8.05,0.01,27,21717,买盘
180,09:49:19,8.03,-0.02,4,3212,卖盘
181,09:49:21,8.05,0.02,39,31395,买盘
182,09:49:25,8.05,0.0,36,28980,卖盘
183,09:49:27,8.05,0.0,2,1610,卖盘
184,09:49:31,8.05,0.0,4,3220,卖盘
185,09:49:40,8.05,0.0,4,3220,卖盘
186,09:49:46,8.06,0.01,10,8060,买盘
187,09:49:48,8.04,-0.02,19,15291,卖盘
188,09:49:52,8.06,0.02,38,30625,买盘
189,09:50:01,8.04,-0.02,4,3216,卖盘
190,09:50:10,8.04,0.0,5,4020,卖盘
191,09:50:19,8.04,0.0,4,3216,卖盘
192,09:50:31,8.04,0.0,4,3216,卖盘
193,09:50:34,8.04,0.0,60,48240,卖盘
194,09:50:40,8.04,0.0,4,3216,卖盘
195,09:50:46,8.05,0.01,9,7245,买盘
196,09:50:49,8.04,-0.01,4,3216,卖盘
197,09:50:58,8.03,-0.01,61,49042,卖盘
198,09:51:00,8.03,0.0,4,3212,卖盘
199,09:51:07,8.03,0.0,97,77891,卖盘
200,09:51:10,8.02,-0.01,4,3208,卖盘
201,09:51:12,8.02,0.0,2,1604,卖盘
202,09:51:19,8.03,0.01,4,3212,中性盘
203,09:51:31,8.03,0.0,4,3212,卖盘
204,09:51:34,8.03,0.0,91,73138,卖盘
205,09:51:40,8.03,0.0,33,26499,买盘
206,09:51:49,8.04,0.01,4,3216,中性盘
207,09:51:52,8.06,0.02,42,33840,买盘
208,09:51:55,8.06,0.0,6,4836,卖盘
209,09:52:01,8.04,-0.02,4,3216,卖盘
210,09:52:10,8.04,0.0,4,3216,卖盘
211,09:52:19,8.04,0.0,4,3216,卖盘
212,09:52:22,8.07,0.03,4,3228,买盘
213,09:52:31,8.04,-0.03,4,3216,卖盘
214,09:52:40,8.05,0.01,4,3220,卖盘
215,09:52:49,8.05,0.0,4,3220,卖盘
216,09:53:01,8.05,0.0,4,3220,卖盘
217,09:53:09,8.05,0.0,4,3220,卖盘
218,09:53:19,8.04,-0.01,20,16097,卖盘
219,09:53:31,8.04,0.0,4,3216,卖盘
220,09:53:34,8.06,0.02,6,4836,买盘
221,09:53:40,8.05,-0.01,4,3220,卖盘
222,09:53:49,8.05,0.0,4,3220,卖盘
223,09:53:51,8.06,0.01,5,4030,买盘
224,09:54:01,8.05,-0.01,4,3220,卖盘
225,09:54:10,8.04,-0.01,4,3219,卖盘
226,09:54:18,8.04,0.0,4,3216,卖盘
227,09:54:30,8.05,0.01,4,3220,卖盘
228,09:54:40,8.04,-0.01,4,3217,卖盘
229,09:54:49,8.04,0.0,4,3216,卖盘
230,09:54:58,8.05,0.01,78,62790,中性盘
231,09:55:01,8.04,-0.01,4,3216,卖盘
232,09:55:04,8.05,0.01,7,5635,买盘
233,09:55:10,8.04,-0.01,5,4020,卖盘
234,09:55:19,8.04,0.0,4,3216,卖盘
235,09:55:25,8.05,0.01,15,12075,买盘
236,09:55:27,8.05,0.0,1,805,卖盘
237,09:55:30,8.05,0.0,4,3220,卖盘
238,09:55:39,8.04,-0.01,4,3218,卖盘
239,09:55:46,8.06,0.02,5,4030,买盘
240,09:55:49,8.06,0.0,12,9672,买盘
241,09:55:51,8.05,-0.01,19,15308,卖盘
242,09:55:55,8.05,0.0,6,4830,买盘
243,09:55:57,8.05,0.0,113,90965,买盘
244,09:56:01,8.04,-0.01,4,3216,卖盘
245,09:56:04,8.05,0.01,23,18515,买盘
246,09:56:07,8.05,0.0,79,63595,买盘
247,09:56:09,8.06,0.01,4,3224,卖盘
248,09:56:19,8.06,0.0,9,7269,卖盘
249,09:56:30,8.07,0.01,4,3228,卖盘
250,09:56:40,8.07,0.0,4,3228,卖盘
251,09:56:49,8.07,0.0,4,3228,卖盘
252,09:56:52,8.07,0.0,25,20197,卖盘
253,09:56:55,8.08,0.01,15,12119,买盘
254,09:57:01,8.07,-0.01,5,4036,卖盘
255,09:57:10,8.07,0.0,24,19388,卖盘
256,09:57:19,8.07,0.0,4,3228,卖盘
257,09:57:31,8.08,0.01,8,6460,买盘
258,09:57:40,8.08,0.0,4,3232,卖盘
259,09:57:48,8.08,0.0,4,3232,卖盘
260,09:57:52,8.08,0.0,3,2424,卖盘
261,09:58:01,8.1,0.02,5,4042,买盘
262,09:58:06,8.1,0.0,53,42930,买盘
263,09:58:10,8.1,0.0,4,3240,卖盘
264,09:58:13,8.11,0.01,2,1622,买盘
265,09:58:19,8.1,-0.01,4,3240,卖盘
266,09:58:21,8.11,0.01,34,27574,买盘
267,09:58:28,8.11,0.0,9,7299,买盘
268,09:58:31,8.09,-0.02,4,3236,卖盘
269,09:58:37,8.11,0.02,9,7299,买盘
270,09:58:40,8.09,-0.02,4,3240,卖盘
271,09:58:49,8.09,0.0,4,3236,卖盘
272,09:58:52,8.12,0.03,51,41382,买盘
273,09:58:58,8.12,0.0,179,145348,卖盘
274,09:59:01,8.09,-0.03,4,3237,卖盘
275,09:59:04,8.09,0.0,1,809,卖盘
276,09:59:07,8.22,0.13,90,73198,买盘
277,09:59:10,8.07,-0.15,4,3229,卖盘
278,09:59:19,8.09,0.02,4,3236,中性盘
279,09:59:31,8.09,0.0,4,3236,卖盘
280,09:59:37,8.12,0.03,42,34104,买盘
281,09:59:40,8.12,0.0,4,3248,卖盘
282,09:59:49,8.12,0.0,4,3248,卖盘
283,10:00:01,8.12,0.0,9,7300,中性盘
284,10:00:07,8.12,0.0,1,812,买盘
285,10:00:10,8.09,-0.03,5,4104,卖盘
286,10:01:31,8.13,0.04,2,1626,买盘
287,10:01:37,8.13,0.0,3,2439,卖盘
288,10:02:07,8.13,0.0,4,3252,买盘
289,10:03:07,8.13,0.0,2,1626,买盘
290,10:03:40,8.13,0.0,7,5691,买盘
291,10:03:49,8.13,0.0,1,813,买盘
292,10:04:27,8.13,0.0,2,1626,买盘
293,10:04:31,8.14,0.01,1,814,卖盘
294,10:04:34,8.14,0.0,13,10582,买盘
295,10:04:45,8.15,0.01,5,4075,卖盘
296,10:04:48,8.14,-0.01,3,2442,买盘
297,10:05:10,8.14,0.0,85,69190,买盘
298,10:05:13,8.14,0.0,8,6512,买盘
299,10:05:16,8.15,0.01,17,13855,买盘
300,10:05:22,8.15,0.0,1,815,买盘
301,10:05:25,8.15,0.0,1,815,买盘
302,10:05:28,8.15,0.0,19,15485,买盘
303,10:05:37,8.15,0.0,1,815,买盘
304,10:05:40,8.14,-0.01,3,2442,卖盘
305,10:05:43,8.14,0.0,1,814,买盘
306,10:05:55,8.14,0.0,66,53724,买盘
307,10:05:57,8.14,0.0,2,1628,卖盘
308,10:06:04,8.14,0.0,1,814,买盘
309,10:06:07,8.14,0.0,1,814,买盘
310,10:06:13,8.15,0.01,1,815,买盘
311,10:06:36,8.15,0.0,7,5705,买盘
312,10:06:58,8.15,0.0,10,8150,买盘
313,10:07:07,8.15,0.0,2,1630,买盘
314,10:07:13,8.14,-0.01,13,10582,卖盘
315,10:07:49,8.14,0.0,2,1628,买盘
316,10:08:01,8.14,0.0,7,5698,买盘
317,10:08:07,8.14,0.0,1,814,买盘
318,10:08:19,8.14,0.0,1,814,买盘
319,10:08:31,8.15,0.01,7,5778,买盘
320,10:09:07,8.15,0.0,2,1630,买盘
321,10:09:37,8.15,0.0,1,815,卖盘
322,10:09:58,8.14,-0.01,6,4884,卖盘
323,10:10:04,8.15,0.01,15,12225,买盘
324,10:11:04,8.14,-0.01,10,8140,卖盘
325,10:11:16,8.14,0.0,7,5698,卖盘
326,10:11:19,8.14,0.0,31,25234,买盘
327,10:11:22,8.14,0.0,2,1628,买盘
328,10:12:00,8.15,0.01,20,16300,买盘
329,10:12:04,8.15,0.0,19,15485,买盘
330,10:12:43,8.16,0.01,19,15504,买盘
331,10:12:46,8.15,-0.01,26,21211,卖盘
332,10:12:49,8.15,0.0,7,5705,卖盘
333,10:13:04,8.15,0.0,3,2445,买盘
334,10:13:22,8.16,0.01,1,816,买盘
335,10:13:25,8.16,0.0,17,13872,买盘
336,10:13:30,8.16,0.0,14,11424,卖盘
337,10:13:37,8.16,0.0,2,1632,卖盘
338,10:13:58,8.17,0.01,23,18791,买盘
339,10:14:06,8.17,0.0,18,14706,买盘
340,10:14:10,8.17,0.0,3,2451,卖盘
341,10:14:13,8.17,0.0,1,817,中性盘
342,10:14:18,8.18,0.01,20,16360,中性盘
343,10:14:28,8.16,-0.02,4,3264,卖盘
344,10:14:31,8.18,0.02,7,5726,买盘
345,10:14:40,8.18,0.0,21,17178,买盘
346,10:14:49,8.18,0.0,10,8180,买盘
347,10:15:01,8.18,0.0,28,22904,卖盘
348,10:15:16,8.18,0.0,24,19632,卖盘
349,10:16:04,8.17,-0.01,3,2451,卖盘
350,10:16:07,8.17,0.0,4,3268,卖盘
351,10:16:22,8.16,-0.01,1,816,卖盘
352,10:16:46,8.16,0.0,7,5712,买盘
353,10:17:15,8.15,-0.01,2,1631,卖盘
354,10:18:07,8.16,0.01,2,1632,卖盘
355,10:18:55,8.16,0.0,7,5712,买盘
356,10:19:07,8.16,0.0,2,1632,买盘
357,10:19:22,8.15,-0.01,1,815,卖盘
358,10:19:54,8.16,0.01,2,1632,买盘
359,10:20:07,8.16,0.0,2,1632,买盘
360,10:20:34,8.16,0.0,5,4080,买盘
361,10:20:46,8.16,0.0,5,4080,买盘
362,10:21:07,8.16,0.0,8,6528,买盘
363,10:21:19,8.16,0.0,1,816,买盘
364,10:21:25,8.17,0.01,6,4902,买盘
365,10:21:31,8.18,0.01,1,818,买盘
366,10:21:46,8.19,0.01,64,52377,买盘
367,10:21:52,8.17,-0.02,2,1634,卖盘
368,10:23:31,8.19,0.02,1,819,买盘
369,10:23:37,8.18,-0.01,2,1636,卖盘
370,10:24:04,8.19,0.01,25,20475,买盘
371,10:24:22,8.19,0.0,46,37674,买盘
372,10:24:34,8.2,0.01,23,18860,买盘
373,10:24:43,8.2,0.0,3,2460,买盘
374,10:24:49,8.2,0.0,106,86920,买盘
375,10:24:52,8.2,0.0,71,58220,买盘
376,10:25:07,8.24,0.04,10,8240,买盘
377,10:25:22,8.24,0.0,6,4941,买盘
378,10:25:39,8.24,0.0,1,824,买盘
379,10:25:42,8.21,-0.03,3,2463,卖盘
380,10:25:51,8.22,0.01,2,1644,卖盘
381,10:26:07,8.22,0.0,10,8220,买盘
382,10:26:10,8.23,0.01,1,823,买盘
383,10:26:25,8.23,0.0,13,10697,买盘
384,10:26:40,8.21,-0.02,6,4926,卖盘
385,10:26:46,8.21,0.0,2,1642,买盘
386,10:27:19,8.23,0.02,102,83846,买盘
387,10:27:25,8.25,0.02,192,158291,买盘
388,10:27:34,8.26,0.01,17,14042,卖盘
389,10:27:37,8.27,0.01,10,8270,买盘
390,10:27:45,8.26,-0.01,18,14868,买盘
391,10:27:54,8.26,0.0,52,42937,买盘
392,10:28:06,8.26,0.0,16,13213,买盘
393,10:28:10,8.25,-0.01,2,1650,卖盘
394,10:28:25,8.25,0.0,12,9900,卖盘
395,10:28:28,8.26,0.01,26,21458,买盘
396,10:28:46,8.26,0.0,10,8260,卖盘
397,10:29:01,8.25,-0.01,1,825,买盘
398,10:29:10,8.24,-0.01,11,9064,卖盘
399,10:29:39,8.24,0.0,7,5768,买盘
400,10:29:58,8.24,0.0,1,824,买盘
401,10:30:25,8.25,0.01,72,59366,买盘
402,10:30:51,8.25,0.0,12,9900,买盘
403,10:31:01,8.25,0.0,1,825,买盘
404,10:31:07,8.25,0.0,2,1650,买盘
405,10:31:28,8.25,0.0,6,4950,买盘
406,10:31:31,8.25,0.0,14,11550,卖盘
407,10:31:34,8.25,0.0,7,5774,买盘
408,10:31:43,8.25,0.0,32,26400,买盘
409,10:31:46,8.25,0.0,70,57750,卖盘
410,10:31:49,8.25,0.0,47,38775,卖盘
411,10:31:52,8.25,0.0,2,1650,卖盘
412,10:31:55,8.25,0.0,18,14850,卖盘
413,10:31:58,8.25,0.0,10,8250,卖盘
414,10:32:01,8.25,0.0,32,26400,卖盘
415,10:32:04,8.25,0.0,70,57750,卖盘
416,10:32:10,8.25,0.0,19,15675,卖盘
417,10:32:13,8.25,0.0,1,825,买盘
418,10:32:16,8.24,-0.01,45,37080,卖盘
419,10:32:25,8.24,0.0,116,95684,卖盘
420,10:32:27,8.24,0.0,6,4944,卖盘
421,10:32:34,8.23,-0.01,2,1646,卖盘
422,10:32:55,8.23,0.0,47,38681,买盘
423,10:32:58,8.23,0.0,1,823,买盘
424,10:33:07,8.23,0.0,4,3292,买盘
425,10:33:22,8.23,0.0,6,4938,买盘
426,10:33:28,8.23,0.0,2,1646,卖盘
427,10:33:34,8.23,0.0,29,23867,卖盘
428,10:33:58,8.23,0.0,1,823,买盘
429,10:34:01,8.23,0.0,1,823,买盘
430,10:34:07,8.23,0.0,8,6584,买盘
431,10:34:31,8.23,0.0,44,36203,买盘
432,10:34:55,8.23,0.0,3,2469,卖盘
433,10:35:19,8.23,0.0,2,1646,卖盘
434,10:36:07,8.23,0.0,2,1646,买盘
435,10:36:13,8.23,0.0,7,5761,买盘
436,10:36:48,8.22,-0.01,13,10686,卖盘
437,10:37:06,8.22,0.0,2,1644,买盘
438,10:37:24,8.22,0.0,3,2466,买盘
439,10:38:06,8.22,0.0,1,822,买盘
440,10:38:19,8.22,0.0,7,5754,买盘
441,10:38:25,8.21,-0.01,10,8210,卖盘
442,10:38:28,8.22,0.01,7,5754,买盘
443,10:38:31,8.21,-0.01,6,4926,卖盘
444,10:38:34,8.22,0.01,43,35346,买盘
445,10:39:01,8.22,0.0,50,41100,卖盘
446,10:39:07,8.22,0.0,8,6576,卖盘
447,10:39:13,8.22,0.0,2,1644,卖盘
448,10:40:07,8.22,0.0,1,822,买盘
449,10:41:04,8.23,0.01,23,18929,买盘
450,10:41:25,8.24,0.01,19,15638,买盘
451,10:41:42,8.23,-0.01,17,13991,卖盘
452,10:42:07,8.23,0.0,20,16460,卖盘
453,10:42:10,8.24,0.01,12,9888,买盘
454,10:42:13,8.24,0.0,22,18128,卖盘
455,10:42:16,8.25,0.01,8,6598,买盘
456,10:42:22,8.24,-0.01,3,2472,卖盘
457,10:42:28,8.24,0.0,1,824,卖盘
458,10:42:30,8.23,-0.01,1,823,卖盘
459,10:42:34,8.24,0.01,36,29664,中性盘
460,10:42:46,8.24,0.0,6,4944,买盘
461,10:42:52,8.23,-0.01,1,823,卖盘
462,10:42:55,8.23,0.0,1,823,买盘
463,10:43:01,8.23,0.0,1,823,卖盘
464,10:43:16,8.23,0.0,1,823,卖盘
465,10:43:30,8.23,0.0,20,16460,卖盘
466,10:43:36,8.23,0.0,10,8230,卖盘
467,10:44:01,8.24,0.01,1,824,买盘
468,10:44:07,8.23,-0.01,21,17285,卖盘
469,10:44:22,8.24,0.01,31,25544,买盘
470,10:44:31,8.24,0.0,5,4120,卖盘
471,10:44:43,8.24,0.0,5,4120,买盘
472,10:44:49,8.24,0.0,20,16480,卖盘
473,10:44:55,8.24,0.0,6,4944,卖盘
474,10:45:01,8.24,0.0,1,824,卖盘
475,10:45:07,8.24,0.0,1,824,卖盘
476,10:45:13,8.24,0.0,2,1648,卖盘
477,10:45:27,8.23,-0.01,1,823,卖盘
478,10:45:34,8.24,0.01,5,4120,买盘
479,10:45:43,8.23,-0.01,1,823,卖盘
480,10:45:49,8.23,0.0,1,823,买盘
481,10:45:58,8.23,0.0,6,4938,卖盘
482,10:46:07,8.23,0.0,52,42830,卖盘
483,10:46:51,8.23,0.0,2,1646,卖盘
484,10:47:01,8.23,0.0,7,5761,买盘
485,10:47:07,8.23,0.0,1,823,买盘
486,10:47:39,8.23,0.0,1,823,卖盘
487,10:48:01,8.23,0.0,1,823,买盘
488,10:48:07,8.23,0.0,2,1646,买盘
489,10:49:06,8.22,-0.01,15,12332,卖盘
490,10:49:16,8.22,0.0,114,93607,买盘
491,10:49:19,8.22,0.0,26,21372,卖盘
492,10:50:07,8.21,-0.01,2,1642,买盘
493,10:50:13,8.2,-0.01,1,820,卖盘
494,10:50:49,8.21,0.01,36,29556,买盘
495,10:50:55,8.21,0.0,6,4926,买盘
496,10:51:01,8.21,0.0,10,8210,买盘
497,10:51:06,8.21,0.0,1,821,买盘
498,10:51:16,8.21,0.0,5,4105,买盘
499,10:51:25,8.21,0.0,7,5747,买盘
500,10:51:28,8.21,0.0,20,16420,买盘
501,10:52:45,8.22,0.01,26,21372,买盘
502,10:52:58,8.23,0.01,21,17283,买盘
503,10:53:15,8.23,0.0,14,11522,卖盘
504,10:53:25,8.24,0.01,1,824,买盘
505,10:53:28,8.24,0.0,32,26368,买盘
506,10:53:34,8.24,0.0,2,1648,买盘
507,10:54:18,8.24,0.0,20,16480,卖盘
508,10:55:07,8.23,-0.01,1,823,买盘
509,10:55:21,8.23,0.0,1,823,买盘
510,10:55:25,8.23,0.0,1,823,买盘
511,10:56:24,8.23,0.0,12,9876,卖盘
512,10:57:06,8.23,0.0,2,1646,买盘
513,10:57:09,8.22,-0.01,11,9042,卖盘
514,10:57:28,8.23,0.01,1,823,买盘
515,10:57:52,8.23,0.0,7,5761,买盘
516,10:57:57,8.22,-0.01,40,32880,卖盘
517,10:58:09,8.22,0.0,21,17262,卖盘
518,10:58:16,8.21,-0.01,3,2463,卖盘
519,10:59:04,8.21,0.0,1,821,买盘
520,10:59:07,8.21,0.0,2,1642,买盘
521,10:59:36,8.21,0.0,1,821,买盘
522,11:00:01,8.22,0.01,1,822,买盘
523,11:00:10,8.22,0.0,7,5754,买盘
524,11:00:15,8.22,0.0,30,24660,买盘
525,11:01:01,8.23,0.01,1,823,买盘
526,11:02:10,8.23,0.0,6,4938,买盘
527,11:03:19,8.23,0.0,1,823,买盘
528,11:03:22,8.23,0.0,1,823,买盘
529,11:03:49,8.22,-0.01,13,10686,卖盘
530,11:04:24,8.22,0.0,7,5754,买盘
531,11:05:22,8.21,-0.01,1,821,卖盘
532,11:05:51,8.2,-0.01,15,12300,卖盘
533,11:06:12,8.2,0.0,4,3280,买盘
534,11:06:16,8.2,0.0,2,1640,卖盘
535,11:06:30,8.2,0.0,1,820,买盘
536,11:08:21,8.18,-0.02,25,20481,卖盘
537,11:10:07,8.19,0.01,1,819,卖盘
538,11:10:28,8.19,0.0,1,819,卖盘
539,11:10:52,8.19,0.0,7,5733,买盘
540,11:10:55,8.18,-0.01,50,40900,卖盘
541,11:11:01,8.18,0.0,2,1636,卖盘
542,11:11:12,8.19,0.01,111,90840,买盘
543,11:11:27,8.2,0.01,1,820,卖盘
544,11:11:39,8.22,0.02,53,43533,买盘
545,11:11:43,8.22,0.0,74,60828,卖盘
546,11:11:45,8.21,-0.01,7,5746,中性盘
547,11:12:15,8.22,0.01,23,18923,卖盘
548,11:12:45,8.23,0.01,4,3292,买盘
549,11:12:52,8.23,0.0,9,7407,卖盘
550,11:12:57,8.23,0.0,1,823,卖盘
551,11:13:06,8.23,0.0,33,27159,卖盘
552,11:13:25,8.23,0.0,8,6584,买盘
553,11:13:27,8.23,0.0,3,2469,卖盘
554,11:13:52,8.24,0.01,19,15656,买盘
555,11:14:10,8.22,-0.02,4,3294,卖盘
556,11:14:12,8.23,0.01,19,15637,卖盘
557,11:14:51,8.23,0.0,20,16452,买盘
558,11:15:13,8.23,0.0,25,20575,买盘
559,11:15:15,8.23,0.0,1,823,卖盘
560,11:15:22,8.22,-0.01,1,822,卖盘
561,11:15:31,8.22,0.0,5,4110,买盘
562,11:15:49,8.2,-0.02,27,22143,卖盘
563,11:15:52,8.22,0.02,12,9842,买盘
564,11:16:54,8.19,-0.03,1,819,卖盘
565,11:18:31,8.19,0.0,16,13104,卖盘
566,11:19:01,8.2,0.01,21,17214,买盘
567,11:19:51,8.2,0.0,20,16400,卖盘
568,11:19:54,8.2,0.0,7,5740,卖盘
569,11:21:43,8.2,0.0,6,4920,买盘
570,11:23:00,8.18,-0.02,23,18814,卖盘
571,11:23:07,8.18,0.0,1,818,买盘
572,11:23:13,8.18,0.0,1,818,买盘
573,11:23:54,8.18,0.0,7,5726,买盘
574,11:24:51,8.18,0.0,3,2454,买盘
575,11:25:39,8.17,-0.01,10,8174,卖盘
576,11:26:33,8.17,0.0,17,13889,卖盘
577,11:27:54,8.17,0.0,5,4085,买盘
578,11:28:12,8.17,0.0,7,5719,买盘
579,13:00:07,8.1,-0.07,60,48725,卖盘
580,13:00:10,8.1,0.0,1,810,买盘
581,13:00:13,8.1,0.0,26,21060,买盘
582,13:00:15,8.1,0.0,7,5670,买盘
583,13:00:18,8.19,0.09,33,26993,买盘
584,13:00:21,8.16,-0.03,7,5712,卖盘
585,13:00:36,8.19,0.03,5,4094,买盘
586,13:01:25,8.17,-0.02,1,817,卖盘
587,13:01:27,8.13,-0.04,43,34974,卖盘
588,13:01:31,8.17,0.04,1,817,中性盘
589,13:01:34,8.18,0.01,1,818,卖盘
590,13:02:42,8.16,-0.02,7,5712,买盘
591,13:04:52,8.16,0.0,7,5712,买盘
592,13:06:04,8.16,0.0,20,16320,买盘
593,13:06:58,8.16,0.0,7,5712,买盘
594,13:07:06,8.16,0.0,1,816,买盘
595,13:08:00,8.16,0.0,13,10608,买盘
596,13:09:12,8.16,0.0,7,5712,买盘
597,13:09:22,8.16,0.0,35,28560,买盘
598,13:09:24,8.16,0.0,85,69360,买盘
599,13:10:04,8.16,0.0,2,1632,卖盘
600,13:11:12,8.18,0.02,1,818,买盘
601,13:11:58,8.18,0.0,1,818,买盘
602,13:12:00,8.18,0.0,1,818,买盘
603,13:12:04,8.18,0.0,1,818,买盘
604,13:12:16,8.19,0.01,3,2457,买盘
605,13:12:19,8.19,0.0,3,2457,买盘
606,13:12:22,8.19,0.0,5,4095,买盘
607,13:12:58,8.19,0.0,1,819,买盘
608,13:13:07,8.19,0.0,1,819,买盘
609,13:13:24,8.19,0.0,7,5733,买盘
610,13:13:28,8.18,-0.01,14,11452,卖盘
611,13:13:31,8.18,0.0,1,818,卖盘
612,13:13:34,8.18,0.0,4,3272,卖盘
613,13:13:54,8.18,0.0,1,818,买盘
614,13:14:12,8.18,0.0,7,5726,买盘
615,13:14:19,8.18,0.0,10,8180,买盘
616,13:14:28,8.18,0.0,2,1636,买盘
617,13:14:55,8.18,0.0,1,818,卖盘
618,13:14:58,8.19,0.01,1,819,买盘
619,13:15:04,8.19,0.0,1,819,买盘
620,13:15:39,8.19,0.0,7,5733,买盘
621,13:15:49,8.19,0.0,22,18018,买盘
622,13:15:57,8.2,0.01,1,820,买盘
623,13:16:58,8.2,0.0,1,820,买盘
624,13:17:04,8.2,0.0,1,820,买盘
625,13:17:34,8.2,0.0,27,22140,买盘
626,13:17:39,8.2,0.0,5,4100,买盘
627,13:17:58,8.22,0.02,46,37772,买盘
628,13:18:04,8.22,0.0,27,22194,买盘
629,13:18:06,8.22,0.0,75,61650,买盘
630,13:18:13,8.22,0.0,3,2466,买盘
631,13:18:19,8.21,-0.01,36,29602,卖盘
632,13:18:22,8.21,0.0,4,3284,买盘
633,13:18:25,8.21,0.0,15,12315,买盘
634,13:18:33,8.21,0.0,27,22167,买盘
635,13:19:04,8.21,0.0,27,22167,买盘
636,13:19:22,8.21,0.0,17,13957,买盘
637,13:19:34,8.21,0.0,27,22167,买盘
638,13:19:52,8.21,0.0,7,5747,买盘
639,13:19:58,8.21,0.0,2,1642,买盘
640,13:20:07,8.21,0.0,17,13957,买盘
641,13:20:16,8.2,-0.01,20,16410,卖盘
642,13:20:36,8.2,0.0,1,820,买盘
643,13:21:22,8.22,0.02,1,822,买盘
644,13:21:37,8.22,0.0,13,10686,买盘
645,13:21:39,8.22,0.0,2,1644,卖盘
646,13:21:42,8.23,0.01,33,27153,买盘
647,13:21:49,8.23,0.0,2,1646,买盘
648,13:21:55,8.23,0.0,1,823,卖盘
649,13:21:58,8.24,0.01,1,824,买盘
650,13:22:06,8.24,0.0,27,22248,买盘
651,13:22:10,8.23,-0.01,27,22221,卖盘
652,13:22:13,8.23,0.0,8,6584,买盘
653,13:22:16,8.23,0.0,6,4938,买盘
654,13:22:34,8.22,-0.01,1,822,卖盘
655,13:22:40,8.21,-0.01,1,821,卖盘
656,13:23:31,8.22,0.01,1,822,买盘
657,13:23:57,8.22,0.0,2,1644,买盘
658,13:24:00,8.22,0.0,10,8220,买盘
659,13:24:21,8.22,0.0,7,5754,买盘
660,13:24:37,8.22,0.0,1,822,买盘
661,13:24:57,8.22,0.0,1,822,买盘
662,13:26:22,8.22,0.0,7,5754,买盘
663,13:26:57,8.22,0.0,1,822,买盘
664,13:27:09,8.22,0.0,1,822,买盘
665,13:27:13,8.22,0.0,2,1644,买盘
666,13:27:19,8.22,0.0,15,12330,买盘
667,13:27:24,8.22,0.0,5,4110,买盘
668,13:28:22,8.22,0.0,3,2466,卖盘
669,13:28:39,8.22,0.0,6,4932,买盘
670,13:29:07,8.22,0.0,1,822,买盘
671,13:29:45,8.22,0.0,5,4110,买盘
672,13:29:51,8.22,0.0,34,27948,买盘
673,13:30:04,8.22,0.0,10,8220,买盘
674,13:30:10,8.23,0.01,1,823,买盘
675,13:30:46,8.23,0.0,7,5761,买盘
676,13:30:58,8.23,0.0,1,823,买盘
677,13:32:55,8.23,0.0,7,5761,买盘
678,13:33:01,8.22,-0.01,6,4932,卖盘
679,13:33:04,8.23,0.01,5,4115,买盘
680,13:34:00,8.23,0.0,17,13991,买盘
681,13:34:21,8.23,0.0,15,12345,卖盘
682,13:34:39,8.23,0.0,8,6584,卖盘
683,13:34:46,8.23,0.0,1,823,买盘
684,13:34:58,8.23,0.0,1,823,买盘
685,13:35:01,8.23,0.0,2,1646,中性盘
686,13:35:13,8.24,0.01,6,4944,买盘
687,13:35:19,8.23,-0.01,7,5761,卖盘
688,13:35:40,8.23,0.0,14,11522,买盘
689,13:35:42,8.23,0.0,1,823,买盘
690,13:35:49,8.22,-0.01,5,4113,卖盘
691,13:35:55,8.22,0.0,10,8222,卖盘
692,13:36:01,8.24,0.02,1,824,买盘
693,13:37:00,8.24,0.0,1,824,买盘
694,13:37:16,8.24,0.0,7,5768,买盘
695,13:37:19,8.22,-0.02,100,82210,卖盘
696,13:37:28,8.22,0.0,1,822,卖盘
697,13:37:33,8.22,0.0,9,7398,买盘
698,13:37:36,8.23,0.01,21,17283,买盘
699,13:37:43,8.23,0.0,12,9876,卖盘
700,13:37:48,8.23,0.0,3,2469,卖盘
701,13:38:37,8.23,0.0,43,35389,买盘
702,13:38:40,8.23,0.0,4,3292,买盘
703,13:38:58,8.24,0.01,1,824,买盘
704,13:39:27,8.24,0.0,11,9064,买盘
705,13:39:57,8.24,0.0,1,824,买盘
706,13:40:01,8.24,0.0,4,3296,买盘
707,13:40:16,8.24,0.0,51,42024,买盘
708,13:41:16,8.24,0.0,30,24720,卖盘
709,13:41:36,8.24,0.0,5,4120,卖盘
710,13:41:55,8.25,0.01,9,7425,买盘
711,13:41:58,8.24,-0.01,30,24720,卖盘
712,13:42:25,8.24,0.0,12,9888,卖盘
713,13:42:30,8.24,0.0,4,3296,卖盘
714,13:42:36,8.23,-0.01,16,13168,卖盘
715,13:42:42,8.24,0.01,6,4944,买盘
716,13:42:48,8.23,-0.01,62,51031,卖盘
717,13:42:54,8.24,0.01,6,4944,卖盘
718,13:43:04,8.24,0.0,18,14832,卖盘
719,13:43:16,8.24,0.0,4,3296,买盘
720,13:43:30,8.24,0.0,26,21424,卖盘
721,13:43:52,8.24,0.0,7,5768,买盘
722,13:43:58,8.23,-0.01,1,823,卖盘
723,13:44:34,8.23,0.0,3,2469,卖盘
724,13:45:30,8.23,0.0,15,12345,卖盘
725,13:45:58,8.23,0.0,7,5761,买盘
726,13:46:04,8.22,-0.01,1,822,卖盘
727,13:46:09,8.22,0.0,2,1644,卖盘
728,13:48:07,8.22,0.0,6,4932,买盘
729,13:48:13,8.22,0.0,1,822,买盘
730,13:49:13,8.22,0.0,4,3288,买盘
731,13:50:58,8.23,0.01,1,823,买盘
732,13:51:51,8.22,-0.01,10,8220,卖盘
733,13:52:28,8.22,0.0,1,822,买盘
734,13:53:06,8.22,0.0,7,5754,卖盘
735,13:53:57,8.18,-0.04,70,57332,卖盘
736,13:54:22,8.23,0.05,8,6581,买盘
737,13:54:24,8.21,-0.02,6,4926,卖盘
738,13:54:31,8.2,-0.01,94,77080,买盘
739,13:54:51,8.21,0.01,1,821,卖盘
740,13:54:55,8.21,0.0,5,4105,卖盘
741,13:55:49,8.21,0.0,3,2463,卖盘
742,13:56:45,8.22,0.01,18,14796,买盘
743,13:57:13,8.22,0.0,4,3288,卖盘
744,13:57:19,8.22,0.0,1,822,卖盘
745,13:57:27,8.23,0.01,15,12345,买盘
746,13:57:30,8.23,0.0,1,823,卖盘
747,13:57:33,8.23,0.0,5,4115,卖盘
748,13:58:01,8.23,0.0,16,13168,卖盘
749,13:58:07,8.23,0.0,5,4115,卖盘
750,13:58:45,8.24,0.01,27,22248,买盘
751,13:58:54,8.24,0.0,7,5768,买盘
752,13:59:04,8.24,0.0,16,13184,买盘
753,13:59:28,8.24,0.0,10,8240,卖盘
754,13:59:34,8.24,0.0,26,21424,买盘
755,13:59:55,8.24,0.0,4,3296,买盘
756,14:00:10,8.24,0.0,9,7416,卖盘
757,14:00:37,8.25,0.01,19,15675,买盘
758,14:00:43,8.24,-0.01,5,4120,买盘
759,14:01:10,8.24,0.0,7,5768,买盘
760,14:01:39,8.23,-0.01,6,4938,卖盘
761,14:02:19,8.23,0.0,4,3292,卖盘
762,14:02:24,8.22,-0.01,1,822,卖盘
763,14:03:58,8.23,0.01,1,823,买盘
764,14:04:01,8.23,0.0,1,823,买盘
765,14:04:51,8.22,-0.01,5,4110,卖盘
766,14:05:00,8.22,0.0,5,4110,卖盘
767,14:05:19,8.21,-0.01,5,4105,卖盘
768,14:05:33,8.21,0.0,11,9031,卖盘
769,14:05:51,8.21,0.0,8,6568,买盘
770,14:06:09,8.21,0.0,13,10673,卖盘
771,14:06:22,8.21,0.0,20,16420,买盘
772,14:06:24,8.2,-0.01,5,4100,卖盘
773,14:06:57,8.18,-0.02,10,8181,卖盘
774,14:07:31,8.16,-0.02,65,53105,卖盘
775,14:07:34,8.18,0.02,6,4908,买盘
776,14:08:25,8.17,-0.01,5,4085,买盘
777,14:08:28,8.17,0.0,5,4085,买盘
778,14:08:31,8.17,0.0,3,2451,买盘
779,14:10:55,8.18,0.01,4,3272,卖盘
780,14:12:01,8.18,0.0,7,5726,买盘
781,14:12:13,8.18,0.0,1,818,买盘
782,14:13:34,8.19,0.01,55,45045,卖盘
783,14:13:40,8.19,0.0,2,1638,卖盘
784,14:13:46,8.18,-0.01,1,818,卖盘
785,14:14:00,8.18,0.0,3,2454,卖盘
786,14:14:03,8.18,0.0,2,1636,买盘
787,14:14:13,8.18,0.0,7,5726,买盘
788,14:14:19,8.18,0.0,3,2454,买盘
789,14:14:28,8.18,0.0,4,3272,卖盘
790,14:14:37,8.16,-0.02,87,71145,卖盘
791,14:14:40,8.17,0.01,9,7353,买盘
792,14:14:43,8.16,-0.01,3,2448,卖盘
793,14:15:31,8.17,0.01,9,7353,买盘
794,14:15:37,8.19,0.02,6,4914,买盘
795,14:15:43,8.19,0.0,1,819,买盘
796,14:16:19,8.18,-0.01,26,21275,卖盘
797,14:16:25,8.19,0.01,3,2457,买盘
798,14:16:31,8.19,0.0,3,2457,卖盘
799,14:17:13,8.19,0.0,2,1638,卖盘
800,14:17:46,8.17,-0.02,6,4902,卖盘
801,14:17:52,8.17,0.0,3,2451,卖盘
802,14:17:57,8.17,0.0,1,817,买盘
803,14:18:18,8.14,-0.03,7,5710,卖盘
804,14:18:25,8.17,0.03,7,5719,买盘
805,14:18:33,8.17,0.0,13,10621,买盘
806,14:18:45,8.17,0.0,79,64543,买盘
807,14:18:55,8.14,-0.03,10,8141,卖盘
808,14:18:58,8.17,0.03,4,3268,买盘
809,14:19:22,8.17,0.0,25,20425,卖盘
810,14:19:55,8.2,0.03,51,41760,买盘
811,14:20:01,8.2,0.0,9,7380,卖盘
812,14:20:18,8.2,0.0,5,4100,卖盘
813,14:20:31,8.2,0.0,180,147697,卖盘
814,14:20:40,8.2,0.0,12,9840,买盘
815,14:20:43,8.2,0.0,7,5740,买盘
816,14:20:46,8.2,0.0,68,55760,买盘
817,14:20:52,8.18,-0.02,12,9838,卖盘
818,14:21:16,8.18,0.0,1,818,买盘
819,14:21:18,8.18,0.0,6,4908,买盘
820,14:21:28,8.18,0.0,13,10634,买盘
821,14:21:34,8.18,0.0,13,10634,卖盘
822,14:21:40,8.17,-0.01,20,16341,中性盘
823,14:21:57,8.17,0.0,36,29412,买盘
824,14:22:01,8.16,-0.01,2,1633,卖盘
825,14:22:04,8.16,0.0,11,8976,买盘
826,14:22:43,8.18,0.02,1,818,卖盘
827,14:24:37,8.2,0.02,8,6560,买盘
828,14:25:04,8.2,0.0,6,4920,买盘
829,14:26:43,8.21,0.01,1,821,买盘
830,14:26:46,8.2,-0.01,7,5740,卖盘
831,14:26:55,8.2,0.0,17,13940,买盘
832,14:27:33,8.2,0.0,9,7380,卖盘
833,14:27:36,8.2,0.0,14,11480,买盘
834,14:28:13,8.18,-0.02,30,24564,卖盘
835,14:28:58,8.19,0.01,1,819,买盘
836,14:29:19,8.19,0.0,7,5733,买盘
837,14:29:34,8.19,0.0,2,1638,买盘
838,14:29:43,8.19,0.0,3,2457,买盘
839,14:29:55,8.19,0.0,2,1638,买盘
840,14:30:07,8.19,0.0,3,2457,买盘
841,14:30:16,8.19,0.0,2,1638,买盘
842,14:30:28,8.19,0.0,2,1638,买盘
843,14:30:31,8.18,-0.01,5,4090,卖盘
844,14:30:33,8.19,0.01,1,819,买盘
845,14:30:36,8.19,0.0,3,2457,买盘
846,14:30:39,8.19,0.0,14,11466,买盘
847,14:30:49,8.19,0.0,2,1638,买盘
848,14:30:52,8.19,0.0,13,10647,买盘
849,14:31:01,8.19,0.0,18,14742,买盘
850,14:31:04,8.17,-0.02,3,2453,卖盘
851,14:31:22,8.18,0.01,6,4908,买盘
852,14:31:34,8.2,0.02,16,13105,买盘
853,14:31:45,8.2,0.0,18,14760,买盘
854,14:31:55,8.19,-0.01,16,13104,买盘
855,14:31:58,8.18,-0.01,7,5726,卖盘
856,14:32:06,8.19,0.01,17,13910,买盘
857,14:32:19,8.19,0.0,14,11466,买盘
858,14:32:31,8.2,0.01,16,13120,买盘
859,14:32:40,8.2,0.0,18,14760,买盘
860,14:32:48,8.19,-0.01,4,3276,卖盘
861,14:32:52,8.2,0.01,17,13929,买盘
862,14:33:04,8.19,-0.01,15,12285,买盘
863,14:33:10,8.17,-0.02,1,817,卖盘
864,14:33:13,8.19,0.02,19,15561,买盘
865,14:33:19,8.17,-0.02,26,21242,卖盘
866,14:33:24,8.19,0.02,16,13104,买盘
867,14:33:33,8.19,0.0,10,8190,买盘
868,14:33:37,8.19,0.0,13,10647,买盘
869,14:33:40,8.17,-0.02,24,19608,卖盘
870,14:33:58,8.17,0.0,17,13889,买盘
871,14:34:04,8.17,0.0,12,9804,买盘
872,14:34:19,8.2,0.03,18,14747,买盘
873,14:34:31,8.2,0.0,18,14760,买盘
874,14:34:34,8.2,0.0,1,820,买盘
875,14:34:40,8.2,0.0,3,2460,买盘
876,14:34:43,8.2,0.0,16,13120,买盘
877,14:35:04,8.2,0.0,16,13120,买盘
878,14:35:13,8.2,0.0,3,2460,买盘
879,14:35:16,8.2,0.0,15,12300,买盘
880,14:35:24,8.2,0.0,17,13940,买盘
881,14:35:37,8.2,0.0,15,12300,买盘
882,14:35:46,8.19,-0.01,5,4095,卖盘
883,14:35:49,8.19,0.0,22,18018,买盘
884,14:35:52,8.19,0.0,7,5733,买盘
885,14:35:55,8.19,0.0,1,819,买盘
886,14:35:58,8.2,0.01,12,9835,买盘
887,14:36:01,8.2,0.0,21,17220,买盘
888,14:36:07,8.2,0.0,3,2460,买盘
889,14:36:10,8.19,-0.01,16,13104,买盘
890,14:36:12,8.19,0.0,1,819,买盘
891,14:36:16,8.19,0.0,1,819,买盘
892,14:36:19,8.19,0.0,4,3276,买盘
893,14:36:22,8.19,0.0,12,9828,买盘
894,14:36:28,8.2,0.01,1,820,买盘
895,14:36:31,8.2,0.0,2,1640,买盘
896,14:36:34,8.2,0.0,5,4100,买盘
897,14:36:37,8.22,0.02,6,4931,买盘
898,14:36:43,8.22,0.0,17,13973,买盘
899,14:36:46,8.21,-0.01,3,2463,卖盘
900,14:36:49,8.22,0.01,5,4110,买盘
901,14:36:54,8.23,0.01,16,13155,买盘
902,14:37:04,8.23,0.0,15,12345,买盘
903,14:37:10,8.23,0.0,22,18091,买盘
904,14:37:28,8.23,0.0,17,13991,买盘
905,14:37:31,8.22,-0.01,10,8220,卖盘
906,14:37:37,8.23,0.01,2,1646,买盘
907,14:37:39,8.23,0.0,16,13168,买盘
908,14:37:48,8.23,0.0,19,15637,买盘
909,14:37:55,8.23,0.0,7,5761,买盘
910,14:37:58,8.23,0.0,3,2469,买盘
911,14:38:01,8.23,0.0,14,11522,买盘
912,14:38:07,8.23,0.0,5,4115,买盘
913,14:38:09,8.23,0.0,2,1646,买盘
914,14:38:13,8.23,0.0,14,11522,买盘
915,14:38:22,8.23,0.0,18,14814,买盘
916,14:38:34,8.23,0.0,4,3292,买盘
917,14:38:46,8.24,0.01,17,14008,买盘
918,14:38:55,8.23,-0.01,24,19752,卖盘
919,14:38:58,8.23,0.0,2,1646,买盘
920,14:39:07,8.23,0.0,17,13991,买盘
921,14:39:16,8.23,0.0,3,2469,买盘
922,14:39:19,8.23,0.0,15,12345,买盘
923,14:39:27,8.23,0.0,12,9876,买盘
924,14:39:33,8.23,0.0,7,5761,卖盘
925,14:39:40,8.23,0.0,15,12345,买盘
926,14:39:52,8.23,0.0,14,11522,买盘
927,14:39:55,8.21,-0.02,60,49266,卖盘
928,14:40:01,8.23,0.02,2,1646,中性盘
929,14:40:06,8.23,0.0,12,9876,卖盘
930,14:40:09,8.23,0.0,4,3292,卖盘
931,14:40:13,8.23,0.0,2,1646,买盘
932,14:40:16,8.24,0.01,15,12359,买盘
933,14:40:22,8.23,-0.01,3,2469,买盘
934,14:40:25,8.23,0.0,3,2469,买盘
935,14:40:37,8.23,0.0,25,20590,卖盘
936,14:40:46,8.24,0.01,18,14832,买盘
937,14:40:58,8.24,0.0,16,13184,买盘
938,14:41:07,8.24,0.0,16,13184,买盘
939,14:41:10,8.23,-0.01,30,24690,卖盘
940,14:41:19,8.23,0.0,18,14814,买盘
941,14:41:31,8.23,0.0,15,12345,买盘
942,14:41:40,8.23,0.0,3,2469,买盘
943,14:41:52,8.24,0.01,17,14008,买盘
944,14:42:01,8.23,-0.01,10,8230,卖盘
945,14:42:04,8.24,0.01,18,14832,买盘
946,14:42:07,8.23,-0.01,5,4115,卖盘
947,14:42:13,8.23,0.0,15,12345,买盘
948,14:42:25,8.24,0.01,17,14008,买盘
949,14:42:37,8.24,0.0,18,14832,买盘
950,14:42:43,8.23,-0.01,9,7407,卖盘
951,14:42:46,8.24,0.01,17,14007,买盘
952,14:42:58,8.24,0.0,2,1648,买盘
953,14:43:01,8.24,0.0,16,13184,买盘
954,14:43:06,8.24,0.0,3,2472,买盘
955,14:43:10,8.24,0.0,15,12360,买盘
956,14:43:18,8.24,0.0,17,14008,买盘
957,14:43:31,8.24,0.0,17,14008,买盘
958,14:43:43,8.24,0.0,18,14832,买盘
959,14:43:52,8.24,0.0,2,1648,买盘
960,14:43:55,8.24,0.0,14,11536,买盘
961,14:44:04,8.24,0.0,18,14832,买盘
962,14:44:13,8.24,0.0,3,2472,买盘
963,14:44:16,8.24,0.0,15,12360,买盘
964,14:44:22,8.24,0.0,2,1648,买盘
965,14:44:28,8.24,0.0,23,18912,买盘
966,14:44:37,8.23,-0.01,14,11522,买盘
967,14:44:40,8.23,0.0,1,823,卖盘
968,14:44:48,8.23,0.0,18,14814,买盘
969,14:45:00,8.23,0.0,16,13168,买盘
970,14:45:07,8.21,-0.02,7,5747,卖盘
971,14:45:10,8.21,0.0,3,2463,买盘
972,14:45:13,8.23,0.02,15,12331,买盘
973,14:45:22,8.21,-0.02,16,13136,买盘
974,14:45:25,8.23,0.02,6,4932,买盘
975,14:45:42,8.23,0.0,20,16424,买盘
976,14:45:46,8.23,0.0,15,12345,买盘
977,14:45:49,8.23,0.0,1,823,买盘
978,14:45:52,8.19,-0.04,1,819,卖盘
979,14:45:58,8.21,0.02,17,13957,卖盘
980,14:46:04,8.23,0.02,5,4112,买盘
981,14:46:16,8.21,-0.02,35,28739,卖盘
982,14:46:18,8.21,0.0,1,821,买盘
983,14:46:21,8.19,-0.02,1,819,卖盘
984,14:46:28,8.21,0.02,16,13136,买盘
985,14:46:36,8.21,0.0,4,3284,买盘
986,14:46:49,8.23,0.02,19,15634,买盘
987,14:47:01,8.23,0.0,16,13168,买盘
988,14:47:10,8.22,-0.01,2,1644,中性盘
989,14:47:13,8.23,0.01,15,12336,买盘
990,14:47:22,8.23,0.0,16,13168,买盘
991,14:47:28,8.22,-0.01,1,822,卖盘
992,14:47:34,8.22,0.0,17,13974,买盘
993,14:47:43,8.22,0.0,2,1644,买盘
994,14:47:46,8.22,0.0,13,10686,买盘
995,14:47:49,8.22,0.0,1,822,买盘
996,14:47:55,8.22,0.0,18,14796,买盘
997,14:48:07,8.22,0.0,16,13152,买盘
998,14:48:16,8.22,0.0,2,1644,买盘
999,14:48:19,8.22,0.0,17,13974,买盘
1000,14:48:28,8.22,0.0,18,14796,买盘
1001,14:48:40,8.22,0.0,16,13152,买盘
1002,14:48:49,8.22,0.0,2,1644,买盘
1003,14:48:52,8.21,-0.01,26,21362,中性盘
1004,14:49:01,8.23,0.02,19,15632,买盘
1005,14:49:12,8.23,0.0,15,12345,买盘
1006,14:49:22,8.23,0.0,2,1646,买盘
1007,14:49:34,8.21,-0.02,20,16423,卖盘
1008,14:49:43,8.23,0.02,33,27159,买盘
1009,14:49:51,8.24,0.01,1,824,买盘
1010,14:50:04,8.23,-0.01,96,79008,卖盘
1011,14:50:10,8.24,0.01,6,4944,买盘
1012,14:50:16,8.23,-0.01,12,9876,卖盘
1013,14:50:19,8.23,0.0,1,823,买盘
1014,14:50:52,8.23,0.0,1,823,买盘
1015,14:51:16,8.2,-0.03,4,3280,卖盘
1016,14:51:21,8.23,0.03,1,823,买盘
1017,14:51:45,8.2,-0.03,18,14764,卖盘
1018,14:52:16,8.2,0.0,11,9010,买盘
1019,14:52:19,8.2,0.0,2,1640,买盘
1020,14:52:22,8.2,0.0,3,2460,买盘
1021,14:52:34,8.2,0.0,4,3280,买盘
1022,14:53:34,8.19,-0.01,44,36036,卖盘
1023,14:53:40,8.2,0.01,29,23780,买盘
1024,14:54:07,8.2,0.0,33,27060,买盘
1025,14:54:22,8.18,-0.02,10,8187,卖盘
1026,14:54:28,8.18,0.0,7,5726,卖盘
1027,14:54:30,8.17,-0.01,59,48265,卖盘
1028,14:54:34,8.18,0.01,2,1636,买盘
1029,14:54:58,8.17,-0.01,2,1634,卖盘
1030,14:55:10,8.17,0.0,26,21242,卖盘
1031,14:55:19,8.17,0.0,12,9804,卖盘
1032,14:55:22,8.17,0.0,6,4902,买盘
1033,14:55:31,8.17,0.0,2,1634,买盘
1034,14:55:34,8.15,-0.02,50,40750,卖盘
1035,14:55:37,8.17,0.02,26,21230,买盘
1036,14:56:07,8.16,-0.01,2,1632,买盘
1037,14:56:09,8.16,0.0,7,5712,买盘
1038,14:56:16,8.16,0.0,89,72624,卖盘
1039,14:56:19,8.16,0.0,4,3264,卖盘
1040,14:56:40,8.16,0.0,4,3264,买盘
1041,14:56:45,8.16,0.0,10,8160,买盘
1042,14:56:48,8.16,0.0,6,4896,买盘
1043,14:56:52,8.16,0.0,12,9792,买盘
1044,14:56:55,8.16,0.0,1,816,买盘
1045,14:56:58,8.16,0.0,5,4080,买盘
1046,14:57:01,8.16,0.0,1,816,买盘
1047,15:00:04,8.15,-0.01,111,90465,卖盘
