,time,price,change,volume,amount,type
0,09:25:05,5.38,-0.01,874,470212,卖盘
1,09:30:04,5.37,-0.01,1446,773236,中性盘
2,09:30:07,5.33,-0.04,593,316413,中性盘
3,09:30:10,5.33,0.0,45,23963,买盘
4,09:30:16,5.33,0.0,23,12258,买盘
5,09:30:19,5.33,0.0,109,58108,买盘
6,09:30:21,5.33,0.0,8,4264,卖盘
7,09:30:28,5.33,0.0,2,1066,卖盘
8,09:30:31,5.34,0.01,332,177288,买盘
9,09:30:34,5.33,-0.01,10,5330,卖盘
10,09:30:36,5.34,0.01,46,24559,买盘
11,09:30:39,5.34,0.0,62,33098,买盘
12,09:30:43,5.33,-0.01,271,144443,卖盘
13,09:30:46,5.33,0.0,34,18122,买盘
14,09:30:49,5.33,0.0,19,10126,买盘
15,09:30:54,5.32,-0.01,29,15428,卖盘
16,09:30:58,5.32,0.0,1,532,买盘
17,09:31:04,5.32,0.0,5,2660,买盘
18,09:31:06,5.32,0.0,18,9576,买盘
19,09:31:10,5.33,0.01,24,12778,买盘
20,09:31:13,5.33,0.0,5,2665,买盘
21,09:31:25,5.32,-0.01,90,47880,卖盘
22,09:31:28,5.32,0.0,20,10640,买盘
23,09:31:31,5.32,0.0,5,2660,买盘
24,09:31:36,5.32,0.0,37,19684,买盘
25,09:31:40,5.32,0.0,11,5852,买盘
26,09:31:42,5.31,-0.01,2,1062,卖盘
27,09:31:49,5.32,0.01,10,5320,卖盘
28,09:31:51,5.32,0.0,10,5320,卖盘
29,09:31:54,5.32,0.0,2,1064,卖盘
30,09:32:01,5.33,0.01,35,18655,买盘
31,09:32:04,5.33,0.0,54,28782,卖盘
32,09:32:15,5.33,0.0,12,6396,卖盘
33,09:32:19,5.35,0.02,30,16040,买盘
34,09:32:22,5.34,-0.01,10,5340,中性盘
35,09:32:24,5.34,0.0,5,2670,买盘
36,09:32:31,5.35,0.01,680,363135,买盘
37,09:32:43,5.34,-0.01,554,295836,卖盘
38,09:32:49,5.34,0.0,80,42720,买盘
39,09:32:54,5.34,0.0,384,205056,买盘
40,09:32:57,5.34,0.0,20,10680,买盘
41,09:33:01,5.34,0.0,4,2136,买盘
42,09:33:04,5.34,0.0,19,10146,买盘
43,09:33:07,5.33,-0.01,34,18136,卖盘
44,09:33:10,5.34,0.01,12,6408,买盘
45,09:33:12,5.34,0.0,123,65782,卖盘
46,09:33:19,5.35,0.01,64,34240,买盘
47,09:33:22,5.35,0.0,14,7490,买盘
48,09:33:24,5.35,0.0,26,13910,买盘
49,09:33:37,5.33,-0.02,704,375677,卖盘
50,09:33:42,5.32,-0.01,41,21812,卖盘
51,09:33:46,5.32,0.0,176,93632,卖盘
52,09:33:49,5.33,0.01,350,186550,买盘
53,09:33:52,5.31,-0.02,279,148151,卖盘
54,09:33:55,5.31,0.0,22,11682,买盘
55,09:33:57,5.31,0.0,43,22833,买盘
56,09:34:01,5.31,0.0,93,49383,买盘
57,09:34:04,5.3,-0.01,50,26501,卖盘
58,09:34:07,5.31,0.01,63,33453,买盘
59,09:34:10,5.3,-0.01,321,170130,卖盘
60,09:34:13,5.31,0.01,507,268907,买盘
61,09:34:15,5.31,0.0,3,1593,买盘
62,09:34:22,5.31,0.0,49,26019,买盘
63,09:34:25,5.31,0.0,7,3717,买盘
64,09:34:28,5.3,-0.01,94,49834,卖盘
65,09:34:31,5.3,0.0,12,6360,买盘
66,09:34:34,5.3,0.0,60,31800,买盘
67,09:34:36,5.3,0.0,26,13780,买盘
68,09:34:39,5.3,0.0,14,7420,买盘
69,09:34:43,5.3,0.0,133,70490,买盘
70,09:34:46,5.29,-0.01,185,97940,卖盘
71,09:34:49,5.31,0.02,29,15369,买盘
72,09:34:51,5.3,-0.01,69,36629,卖盘
73,09:34:54,5.3,0.0,21,11145,卖盘
74,09:34:58,5.31,0.01,8,4248,买盘
75,09:35:00,5.31,0.0,13,6900,买盘
76,09:35:04,5.31,0.0,13,6903,买盘
77,09:35:07,5.31,0.0,7,3717,买盘
78,09:35:15,5.31,0.0,81,42938,买盘
79,09:35:19,5.31,0.0,11,5841,买盘
80,09:35:25,5.31,0.0,9,4779,买盘
81,09:35:28,5.31,0.0,35,18585,买盘
82,09:35:30,5.3,-0.01,82,43491,卖盘
83,09:35:33,5.31,0.01,12,6372,买盘
84,09:35:37,5.31,0.0,121,64137,买盘
85,09:35:55,5.34,0.03,24,12816,买盘
86,09:36:06,5.31,-0.03,5,2655,卖盘
87,09:36:24,5.31,0.0,3,1593,卖盘
88,09:36:31,5.34,0.03,8,4272,买盘
89,09:36:37,5.32,-0.02,5,2660,卖盘
90,09:36:55,5.32,0.0,10,5320,卖盘
91,09:36:57,5.32,0.0,8,4263,卖盘
92,09:37:01,5.32,0.0,200,106400,卖盘
93,09:37:04,5.33,0.01,9,4797,买盘
94,09:37:07,5.33,0.0,18,9594,买盘
95,09:37:12,5.32,-0.01,23,12239,卖盘
96,09:37:16,5.32,0.0,104,55378,卖盘
97,09:37:22,5.32,0.0,33,17556,买盘
98,09:37:25,5.32,0.0,50,26600,卖盘
99,09:37:34,5.32,0.0,52,27694,卖盘
100,09:37:45,5.33,0.01,1,533,买盘
101,09:37:49,5.32,-0.01,183,97456,卖盘
102,09:38:07,5.32,0.0,25,13300,卖盘
103,09:38:10,5.32,0.0,40,21280,卖盘
104,09:38:21,5.32,0.0,35,18620,卖盘
105,09:38:31,5.33,0.01,33,17589,中性盘
106,09:38:37,5.34,0.01,40,21360,买盘
107,09:38:40,5.33,-0.01,485,259138,卖盘
108,09:38:43,5.33,0.0,30,15990,卖盘
109,09:38:48,5.33,0.0,55,29315,卖盘
110,09:38:52,5.33,0.0,10,5330,买盘
111,09:38:54,5.33,0.0,40,21320,买盘
112,09:38:58,5.33,0.0,79,42107,买盘
113,09:39:01,5.33,0.0,21,11193,买盘
114,09:39:07,5.33,0.0,10,5330,卖盘
115,09:39:31,5.35,0.02,8,4280,买盘
116,09:39:40,5.34,-0.01,86,45924,卖盘
117,09:39:46,5.35,0.01,55,29425,买盘
118,09:39:49,5.35,0.0,452,241820,买盘
119,09:39:52,5.36,0.01,560,299620,买盘
120,09:40:01,5.37,0.01,5,2685,买盘
121,09:40:04,5.37,0.0,159,85383,买盘
122,09:40:13,5.38,0.01,93,50034,买盘
123,09:40:15,5.39,0.01,36,19404,买盘
124,09:40:22,5.39,0.0,34,18326,买盘
125,09:40:28,5.42,0.03,40,21672,买盘
126,09:40:34,5.45,0.03,376,204289,买盘
127,09:40:37,5.45,0.0,20,10900,买盘
128,09:40:40,5.45,0.0,82,44690,买盘
129,09:40:43,5.47,0.02,291,158615,买盘
130,09:40:46,5.5,0.03,276,151420,买盘
131,09:40:48,5.46,-0.04,6,3276,卖盘
132,09:40:52,5.5,0.04,59,32405,买盘
133,09:40:55,5.54,0.04,441,243390,买盘
134,09:40:57,5.55,0.01,50,27750,买盘
135,09:41:01,5.55,0.0,278,154070,买盘
136,09:41:04,5.5,-0.05,1122,619665,卖盘
137,09:41:07,5.5,0.0,416,228785,买盘
138,09:41:10,5.5,0.0,547,299872,买盘
139,09:41:13,5.5,0.0,626,344543,买盘
140,09:41:16,5.53,0.03,622,344663,中性盘
141,09:41:19,5.5,-0.03,334,183887,卖盘
142,09:41:22,5.5,0.0,452,248456,卖盘
143,09:41:25,5.5,0.0,69,37950,买盘
144,09:41:28,5.5,0.0,241,133173,买盘
145,09:41:30,5.5,0.0,112,61688,卖盘
146,09:41:33,5.5,0.0,95,52310,买盘
147,09:41:36,5.5,0.0,99,54627,卖盘
148,09:41:40,5.5,0.0,49,26988,卖盘
149,09:41:43,5.52,0.02,237,130420,买盘
150,09:41:46,5.5,-0.02,431,238038,卖盘
151,09:41:49,5.5,0.0,126,69490,卖盘
152,09:41:52,5.53,0.03,90,49712,买盘
153,09:41:54,5.5,-0.03,246,135364,卖盘
154,09:41:58,5.5,0.0,100,55000,买盘
155,09:42:01,5.5,0.0,248,136515,买盘
156,09:42:04,5.5,0.0,34,18700,买盘
157,09:42:06,5.5,0.0,174,95700,买盘
158,09:42:09,5.5,0.0,83,45650,买盘
159,09:42:12,5.52,0.02,32,17634,买盘
160,09:42:16,5.5,-0.02,14,7700,卖盘
161,09:42:19,5.51,0.01,53,29203,买盘
162,09:42:22,5.52,0.01,117,64504,买盘
163,09:42:25,5.52,0.0,22,12144,买盘
164,09:42:27,5.52,0.0,31,17112,买盘
165,09:42:30,5.51,-0.01,60,33100,卖盘
166,09:42:34,5.51,0.0,258,142166,卖盘
167,09:42:37,5.52,0.01,78,43006,买盘
168,09:42:40,5.54,0.02,475,262435,买盘
169,09:42:42,5.53,-0.01,30,16590,卖盘
170,09:42:46,5.53,0.0,76,42028,卖盘
171,09:42:48,5.54,0.01,26,14379,买盘
172,09:42:52,5.52,-0.02,266,146490,中性盘
173,09:42:55,5.51,-0.01,130,71751,中性盘
174,09:42:58,5.53,0.02,367,202909,买盘
175,09:43:01,5.53,0.0,45,24885,买盘
176,09:43:04,5.5,-0.03,657,362253,卖盘
177,09:43:06,5.5,0.0,284,156197,买盘
178,09:43:09,5.5,0.0,131,72050,买盘
179,09:43:13,5.49,-0.01,999,548012,卖盘
180,09:43:16,5.49,0.0,81,44469,买盘
181,09:43:22,5.49,0.0,201,110147,买盘
182,09:43:24,5.49,0.0,5,2745,买盘
183,09:43:31,5.49,0.0,10,5490,买盘
184,09:43:34,5.49,0.0,22,12517,买盘
185,09:43:37,5.46,-0.03,219,119359,卖盘
186,09:43:39,5.48,0.02,58,31761,买盘
187,09:43:43,5.48,0.0,27,14796,买盘
188,09:43:46,5.5,0.02,39,21384,买盘
189,09:43:55,5.48,-0.02,100,54800,卖盘
190,09:44:04,5.47,-0.01,37,20269,卖盘
191,09:44:06,5.48,0.01,40,21920,买盘
192,09:44:10,5.47,-0.01,45,24620,卖盘
193,09:44:13,5.48,0.01,18,9864,买盘
194,09:44:16,5.48,0.0,133,72884,买盘
195,09:44:19,5.48,0.0,145,79498,卖盘
196,09:44:21,5.48,0.0,13,7127,卖盘
197,09:44:28,5.49,0.01,479,262672,买盘
198,09:44:31,5.48,-0.01,281,153988,卖盘
199,09:44:34,5.48,0.0,28,15344,买盘
200,09:44:37,5.48,0.0,13,7124,买盘
201,09:44:39,5.47,-0.01,8,4376,卖盘
202,09:44:42,5.48,0.01,276,151132,买盘
203,09:44:49,5.47,-0.01,50,27350,卖盘
204,09:44:55,5.47,0.0,25,13675,卖盘
205,09:44:58,5.47,0.0,5,2735,买盘
206,09:45:01,5.47,0.0,5,2735,买盘
207,09:45:04,5.47,0.0,60,32820,买盘
208,09:45:07,5.46,-0.01,159,86814,卖盘
209,09:45:10,5.47,0.01,230,125669,买盘
210,09:45:13,5.46,-0.01,52,28424,卖盘
211,09:45:16,5.46,0.0,5,2730,买盘
212,09:45:22,5.46,0.0,24,13088,买盘
213,09:45:25,5.46,0.0,29,15834,买盘
214,09:45:28,5.45,-0.01,160,87200,卖盘
215,09:45:31,5.46,0.01,100,54588,买盘
216,09:45:34,5.46,0.0,3,1638,买盘
217,09:45:40,5.45,-0.01,90,49050,卖盘
218,09:45:43,5.45,0.0,51,27795,卖盘
219,09:45:46,5.45,0.0,6,3270,买盘
220,09:45:48,5.45,0.0,23,12535,买盘
221,09:45:52,5.45,0.0,1,545,买盘
222,09:45:57,5.45,0.0,19,10355,买盘
223,09:46:04,5.45,0.0,1,545,卖盘
224,09:46:07,5.45,0.0,32,17440,买盘
225,09:46:15,5.46,0.01,20,10920,买盘
226,09:46:19,5.45,-0.01,50,27250,卖盘
227,09:46:21,5.45,0.0,99,53956,卖盘
228,09:46:24,5.45,0.0,22,11990,买盘
229,09:46:28,5.45,0.0,75,40875,买盘
230,09:46:30,5.46,0.01,7,3822,买盘
231,09:46:34,5.45,-0.01,24,13099,卖盘
232,09:46:37,5.43,-0.02,410,222964,卖盘
233,09:46:42,5.46,0.03,142,77532,买盘
234,09:46:58,5.46,0.0,20,10920,买盘
235,09:47:04,5.46,0.0,6,3276,买盘
236,09:47:06,5.46,0.0,63,34348,买盘
237,09:47:09,5.46,0.0,414,226044,买盘
238,09:47:13,5.46,0.0,18,9828,买盘
239,09:47:18,5.46,0.0,45,24570,买盘
240,09:47:22,5.46,0.0,24,13104,买盘
241,09:47:28,5.46,0.0,50,27300,卖盘
242,09:47:31,5.47,0.01,2,1094,买盘
243,09:47:39,5.47,0.0,1,547,买盘
244,09:47:49,5.47,0.0,18,9846,买盘
245,09:47:51,5.48,0.01,271,148469,买盘
246,09:48:04,5.47,-0.01,7,3829,卖盘
247,09:48:16,5.46,-0.01,733,401100,卖盘
248,09:48:25,5.47,0.01,5,2735,买盘
249,09:48:34,5.47,0.0,80,43700,买盘
250,09:48:36,5.46,-0.01,203,110670,卖盘
251,09:48:40,5.46,0.0,35,19110,买盘
252,09:48:46,5.45,-0.01,480,261980,卖盘
253,09:48:57,5.45,0.0,11,5995,卖盘
254,09:49:04,5.46,0.01,5,2730,买盘
255,09:49:07,5.46,0.0,10,5460,买盘
256,09:49:13,5.45,-0.01,27,14730,卖盘
257,09:49:22,5.45,0.0,30,16350,卖盘
258,09:49:24,5.45,0.0,63,34393,卖盘
259,09:49:33,5.44,-0.01,185,100705,卖盘
260,09:49:37,5.44,0.0,10,5440,买盘
261,09:49:40,5.44,0.0,30,16320,买盘
262,09:49:52,5.44,0.0,26,14144,买盘
263,09:49:55,5.43,-0.01,10,5437,卖盘
264,09:50:06,5.46,0.03,52,28358,买盘
265,09:50:13,5.45,-0.01,49,26705,卖盘
266,09:50:25,5.45,0.0,70,38150,买盘
267,09:50:30,5.45,0.0,50,27250,卖盘
268,09:50:33,5.45,0.0,17,9265,卖盘
269,09:50:36,5.48,0.03,362,197939,买盘
270,09:50:40,5.45,-0.03,10,5450,卖盘
271,09:50:45,5.47,0.02,14,7658,买盘
272,09:50:48,5.48,0.01,17,9300,买盘
273,09:50:52,5.48,0.0,30,16440,买盘
274,09:50:55,5.47,-0.01,10,5470,中性盘
275,09:51:01,5.48,0.01,5,2740,买盘
276,09:51:04,5.48,0.0,20,10960,买盘
277,09:51:09,5.47,-0.01,20,10940,卖盘
278,09:51:12,5.48,0.01,35,19180,买盘
279,09:51:16,5.47,-0.01,130,71130,卖盘
280,09:51:18,5.47,0.0,337,184288,买盘
281,09:51:24,5.48,0.01,452,247771,买盘
282,09:51:28,5.48,0.0,13,7124,卖盘
283,09:51:34,5.48,0.0,2,1096,卖盘
284,09:51:43,5.48,0.0,20,10960,买盘
285,09:51:46,5.48,0.0,70,38360,买盘
286,09:51:51,5.47,-0.01,139,76053,卖盘
287,09:52:01,5.46,-0.01,431,235457,卖盘
288,09:52:04,5.47,0.01,16,8752,买盘
289,09:52:06,5.47,0.0,6,3282,买盘
290,09:52:12,5.47,0.0,15,8195,买盘
291,09:52:25,5.47,0.0,4,2188,买盘
292,09:52:28,5.47,0.0,54,29538,买盘
293,09:52:34,5.46,-0.01,169,92274,卖盘
294,09:52:36,5.47,0.01,70,38290,买盘
295,09:52:40,5.47,0.0,10,5470,买盘
296,09:52:42,5.46,-0.01,333,181818,卖盘
297,09:52:58,5.45,-0.01,17,9265,卖盘
298,09:53:01,5.46,0.01,5,2730,买盘
299,09:53:04,5.45,-0.01,60,32700,卖盘
300,09:53:07,5.46,0.01,50,27300,买盘
301,09:53:16,5.45,-0.01,33,18015,卖盘
302,09:53:22,5.46,0.01,137,74802,买盘
303,09:53:25,5.46,0.0,10,5460,买盘
304,09:53:30,5.45,-0.01,20,10900,卖盘
305,09:53:34,5.46,0.01,200,109200,买盘
306,09:53:37,5.46,0.0,3,1638,买盘
307,09:53:57,5.47,0.01,64,35008,买盘
308,09:54:01,5.47,0.0,37,20230,买盘
309,09:54:04,5.47,0.0,9,4923,买盘
310,09:54:06,5.47,0.0,200,109400,买盘
311,09:54:10,5.47,0.0,12,6564,买盘
312,09:54:13,5.47,0.0,4,2188,买盘
313,09:54:19,5.48,0.01,10,5480,买盘
314,09:54:22,5.48,0.0,41,22468,买盘
315,09:54:25,5.48,0.0,260,142473,买盘
316,09:54:28,5.47,-0.01,33,18051,卖盘
317,09:54:30,5.47,0.0,50,27350,买盘
318,09:54:34,5.47,0.0,200,109400,买盘
319,09:54:37,5.47,0.0,19,10393,买盘
320,09:54:43,5.47,0.0,99,54153,买盘
321,09:54:45,5.5,0.03,1953,1072287,买盘
322,09:54:49,5.5,0.0,1,550,卖盘
323,09:54:57,5.51,0.01,33,18181,买盘
324,09:55:00,5.51,0.0,14,7714,卖盘
325,09:55:04,5.52,0.01,200,110400,买盘
326,09:55:07,5.52,0.0,131,72306,买盘
327,09:55:10,5.52,0.0,30,16560,买盘
328,09:55:12,5.52,0.0,71,39244,买盘
329,09:55:16,5.52,0.0,110,60820,卖盘
330,09:55:19,5.52,0.0,1465,812044,卖盘
331,09:55:22,5.55,0.03,131,72662,买盘
332,09:55:25,5.54,-0.01,316,175064,卖盘
333,09:55:28,5.54,0.0,116,64152,买盘
334,09:55:31,5.55,0.01,217,120428,买盘
335,09:55:33,5.55,0.0,1048,581357,买盘
336,09:55:37,5.55,0.0,100,55500,卖盘
337,09:55:39,5.55,0.0,386,214212,卖盘
338,09:55:43,5.55,0.0,17,9451,卖盘
339,09:55:46,5.55,0.0,495,275132,卖盘
340,09:55:49,5.55,0.0,18,10000,卖盘
341,09:55:52,5.55,0.0,160,88800,买盘
342,09:55:54,5.54,-0.01,195,108098,卖盘
343,09:55:58,5.54,0.0,61,33794,买盘
344,09:56:01,5.54,0.0,11,6094,买盘
345,09:56:04,5.56,0.02,864,479264,买盘
346,09:56:06,5.53,-0.03,33,18275,中性盘
347,09:56:10,5.54,0.01,210,116252,买盘
348,09:56:15,5.53,-0.01,12,6636,卖盘
349,09:56:19,5.52,-0.01,127,70203,卖盘
350,09:56:25,5.54,0.02,95,52630,买盘
351,09:56:28,5.52,-0.02,29,16008,卖盘
352,09:56:31,5.52,0.0,30,16560,卖盘
353,09:56:33,5.52,0.0,56,30943,卖盘
354,09:56:36,5.52,0.0,71,39192,买盘
355,09:56:39,5.52,0.0,117,64584,买盘
356,09:56:42,5.52,0.0,52,28704,买盘
357,09:56:46,5.52,0.0,50,27600,买盘
358,09:56:49,5.51,-0.01,5,2755,卖盘
359,09:56:52,5.52,0.01,16,8827,买盘
360,09:56:55,5.52,0.0,83,45816,买盘
361,09:56:58,5.51,-0.01,69,38065,卖盘
362,09:57:00,5.51,0.0,24,13224,买盘
363,09:57:07,5.51,0.0,30,16530,卖盘
364,09:57:12,5.51,0.0,250,137990,中性盘
365,09:57:16,5.51,0.0,28,15436,卖盘
366,09:57:22,5.51,0.0,50,27550,卖盘
367,09:57:25,5.52,0.01,48,26456,买盘
368,09:57:28,5.52,0.0,76,41952,买盘
369,09:57:33,5.51,-0.01,50,27550,卖盘
370,09:57:37,5.51,0.0,10,5510,卖盘
371,09:57:39,5.52,0.01,18,9936,买盘
372,09:57:43,5.51,-0.01,40,22040,卖盘
373,09:57:46,5.52,0.01,116,64032,买盘
374,09:57:48,5.51,-0.01,45,24798,卖盘
375,09:57:52,5.51,0.0,10,5510,卖盘
376,09:57:58,5.52,0.01,20,11041,买盘
377,09:58:04,5.52,0.0,177,97704,买盘
378,09:58:12,5.51,-0.01,120,66220,卖盘
379,09:58:16,5.51,0.0,50,27550,卖盘
380,09:58:19,5.52,0.01,3,1656,买盘
381,09:58:22,5.51,-0.01,4,2204,卖盘
382,09:58:25,5.52,0.01,40,22080,买盘
383,09:58:28,5.51,-0.01,122,67222,卖盘
384,09:58:33,5.51,0.0,1,551,买盘
385,09:58:36,5.5,-0.01,30,16520,卖盘
386,09:58:43,5.51,0.01,66,36356,买盘
387,09:58:46,5.5,-0.01,13,7150,卖盘
388,09:58:49,5.5,0.0,13,7150,卖盘
389,09:58:52,5.5,0.0,25,13750,卖盘
390,09:58:54,5.51,0.01,1,551,买盘
391,09:59:00,5.51,0.0,70,38570,买盘
392,09:59:04,5.51,0.0,36,19836,买盘
393,09:59:06,5.51,0.0,85,46835,买盘
394,09:59:13,5.51,0.0,5,2755,卖盘
395,09:59:16,5.51,0.0,3,1653,卖盘
396,09:59:25,5.51,0.0,20,11020,卖盘
397,09:59:28,5.52,0.01,10,5520,买盘
398,09:59:30,5.51,-0.01,17,9367,卖盘
399,09:59:58,5.51,0.0,133,73352,卖盘
400,10:00:01,5.51,0.0,288,158688,卖盘
401,10:00:04,5.51,0.0,50,27550,买盘
402,10:00:13,5.52,0.01,178,98082,买盘
403,10:00:16,5.51,-0.01,30,16530,卖盘
404,10:00:18,5.51,0.0,10,5510,卖盘
405,10:00:31,5.52,0.01,38,20976,买盘
406,10:00:37,5.52,0.0,230,126960,买盘
407,10:00:40,5.52,0.0,28,15456,卖盘
408,10:00:43,5.52,0.0,5,2760,卖盘
409,10:00:49,5.53,0.01,29,16037,买盘
410,10:00:51,5.52,-0.01,100,55200,卖盘
411,10:00:55,5.53,0.01,205,113365,买盘
412,10:00:58,5.54,0.01,146,80690,买盘
413,10:01:01,5.53,-0.01,9,4977,卖盘
414,10:01:04,5.53,0.0,9,4977,卖盘
415,10:01:07,5.54,0.01,62,34348,买盘
416,10:01:09,5.54,0.0,56,31021,买盘
417,10:01:12,5.54,0.0,1106,613251,买盘
418,10:01:18,5.54,0.0,20,11080,卖盘
419,10:01:21,5.55,0.01,125,69375,买盘
420,10:01:24,5.55,0.0,78,43308,卖盘
421,10:01:27,5.55,0.0,181,100455,卖盘
422,10:01:31,5.55,0.0,36,19980,卖盘
423,10:01:34,5.56,0.01,324,180117,买盘
424,10:01:37,5.56,0.0,112,62172,买盘
425,10:01:40,5.55,-0.01,25,13875,买盘
426,10:01:43,5.56,0.01,54,29981,买盘
427,10:01:45,5.55,-0.01,3,1665,卖盘
428,10:01:49,5.55,0.0,80,44410,卖盘
429,10:01:51,5.56,0.01,285,158460,买盘
430,10:01:55,5.56,0.0,3,1668,买盘
431,10:01:58,5.55,-0.01,383,212723,卖盘
432,10:02:01,5.56,0.01,288,159694,买盘
433,10:02:04,5.56,0.0,155,86230,卖盘
434,10:02:07,5.55,-0.01,84,46736,卖盘
435,10:02:09,5.55,0.0,37,20535,买盘
436,10:02:16,5.55,0.0,20,11100,买盘
437,10:02:19,5.56,0.01,62,34470,买盘
438,10:02:22,5.55,-0.01,7,3885,卖盘
439,10:02:24,5.55,0.0,80,44400,卖盘
440,10:02:27,5.56,0.01,55,30551,买盘
441,10:02:30,5.56,0.0,115,63940,买盘
442,10:02:34,5.55,-0.01,11,6106,卖盘
443,10:02:40,5.56,0.01,16,8896,买盘
444,10:02:43,5.55,-0.01,231,128293,卖盘
445,10:02:49,5.55,0.0,11,6105,买盘
446,10:02:51,5.54,-0.01,50,27700,卖盘
447,10:02:55,5.55,0.01,843,467845,买盘
448,10:02:58,5.55,0.0,10,5550,卖盘
449,10:03:04,5.56,0.01,38,21120,买盘
450,10:03:07,5.55,-0.01,32,17760,卖盘
451,10:03:13,5.56,0.01,38,21127,买盘
452,10:03:16,5.55,-0.01,53,29418,卖盘
453,10:03:22,5.56,0.01,5,2780,买盘
454,10:03:27,5.55,-0.01,78,43290,卖盘
455,10:03:31,5.56,0.01,124,68939,买盘
456,10:03:36,5.55,-0.01,181,100553,卖盘
457,10:03:40,5.55,0.0,512,284160,卖盘
458,10:03:43,5.56,0.01,10,5560,买盘
459,10:03:46,5.55,-0.01,203,112665,卖盘
460,10:03:48,5.55,0.0,66,36630,卖盘
461,10:03:51,5.55,0.0,436,241985,买盘
462,10:03:58,5.55,0.0,31,17205,买盘
463,10:04:00,5.55,0.0,21,11655,买盘
464,10:04:10,5.54,-0.01,4,2216,买盘
465,10:04:13,5.53,-0.01,95,52535,卖盘
466,10:04:22,5.53,0.0,59,32627,卖盘
467,10:04:28,5.53,0.0,25,13825,卖盘
468,10:04:31,5.53,0.0,6,3318,卖盘
469,10:04:39,5.53,0.0,402,222311,卖盘
470,10:04:42,5.53,0.0,10,5530,卖盘
471,10:04:45,5.53,0.0,50,27650,卖盘
472,10:04:49,5.53,0.0,3,1659,卖盘
473,10:04:52,5.53,0.0,65,35957,卖盘
474,10:04:55,5.53,0.0,45,24885,卖盘
475,10:04:58,5.53,0.0,124,68586,卖盘
476,10:05:01,5.53,0.0,80,44240,卖盘
477,10:05:04,5.53,0.0,3,1659,买盘
478,10:05:12,5.52,-0.01,11,6072,卖盘
479,10:05:18,5.53,0.01,13,7179,买盘
480,10:05:22,5.53,0.0,227,125509,买盘
481,10:05:25,5.52,-0.01,30,16560,卖盘
482,10:05:31,5.52,0.0,100,55200,卖盘
483,10:05:37,5.52,0.0,7,3864,卖盘
484,10:05:40,5.52,0.0,4,2208,卖盘
485,10:05:42,5.52,0.0,6,3312,卖盘
486,10:05:46,5.52,0.0,240,132680,卖盘
487,10:05:48,5.52,0.0,50,27600,卖盘
488,10:05:55,5.52,0.0,60,33120,卖盘
489,10:05:58,5.52,0.0,40,22080,卖盘
490,10:06:04,5.52,0.0,54,29808,卖盘
491,10:06:10,5.52,0.0,10,5520,卖盘
492,10:06:16,5.52,0.0,119,65707,卖盘
493,10:06:22,5.52,0.0,2,1104,卖盘
494,10:06:25,5.52,0.0,20,11040,卖盘
495,10:06:28,5.52,0.0,40,22080,卖盘
496,10:06:33,5.52,0.0,14,7728,卖盘
497,10:06:37,5.52,0.0,10,5520,卖盘
498,10:06:40,5.52,0.0,4,2208,卖盘
499,10:06:46,5.52,0.0,11,6073,卖盘
500,10:06:52,5.52,0.0,26,14352,卖盘
501,10:06:58,5.53,0.01,39,21567,买盘
502,10:07:04,5.53,0.0,23,12719,买盘
503,10:07:13,5.53,0.0,5,2765,买盘
504,10:07:19,5.52,-0.01,50,27600,卖盘
505,10:07:21,5.52,0.0,208,114844,卖盘
506,10:07:24,5.52,0.0,362,199824,卖盘
507,10:07:31,5.52,0.0,15,8285,卖盘
508,10:07:33,5.52,0.0,94,51888,卖盘
509,10:07:37,5.52,0.0,34,18768,卖盘
510,10:07:42,5.51,-0.01,300,165547,卖盘
511,10:07:48,5.52,0.01,30,16560,买盘
512,10:07:51,5.51,-0.01,186,102486,卖盘
513,10:07:55,5.5,-0.01,67,36912,卖盘
514,10:08:04,5.5,0.0,24,13200,卖盘
515,10:08:15,5.51,0.01,50,27540,买盘
516,10:08:21,5.5,-0.01,131,72050,卖盘
517,10:08:25,5.5,0.0,20,11000,卖盘
518,10:08:28,5.5,0.0,177,97350,卖盘
519,10:08:30,5.49,-0.01,100,54900,卖盘
520,10:08:37,5.5,0.01,3,1650,买盘
521,10:08:49,5.5,0.0,6,3300,买盘
522,10:08:52,5.5,0.0,2,1100,买盘
523,10:08:55,5.49,-0.01,22,12080,卖盘
524,10:09:09,5.51,0.02,194,106792,买盘
525,10:09:16,5.5,-0.01,58,31900,买盘
526,10:09:25,5.49,-0.01,21,11540,卖盘
527,10:09:27,5.49,0.0,20,10980,卖盘
528,10:09:30,5.5,0.01,7,3850,买盘
529,10:09:39,5.5,0.0,61,33550,买盘
530,10:09:42,5.5,0.0,9,4950,买盘
531,10:09:46,5.49,-0.01,36,19764,卖盘
532,10:09:49,5.5,0.01,35,19250,买盘
533,10:09:54,5.5,0.0,2,1100,买盘
534,10:10:06,5.5,0.0,32,17600,买盘
535,10:10:10,5.49,-0.01,18,9882,卖盘
536,10:10:18,5.5,0.01,100,55000,买盘
537,10:10:24,5.5,0.0,10,5500,买盘
538,10:10:34,5.5,0.0,117,64350,买盘
539,10:10:37,5.5,0.0,10,5500,买盘
540,10:10:40,5.5,0.0,3,1650,卖盘
541,10:10:43,5.5,0.0,20,11000,卖盘
542,10:11:04,5.5,0.0,3,1650,卖盘
543,10:11:06,5.5,0.0,67,36850,卖盘
544,10:11:22,5.5,0.0,1,550,卖盘
545,10:11:25,5.5,0.0,10,5500,卖盘
546,10:11:28,5.51,0.01,185,101927,买盘
547,10:11:33,5.5,-0.01,50,27542,卖盘
548,10:11:36,5.5,0.0,25,13750,卖盘
549,10:11:40,5.51,0.01,3,1653,买盘
550,10:11:45,5.5,-0.01,20,11000,卖盘
551,10:11:49,5.51,0.01,44,24244,买盘
552,10:11:54,5.51,0.0,5,2755,买盘
553,10:11:57,5.51,0.0,29,15979,买盘
554,10:12:04,5.51,0.0,20,11020,买盘
555,10:12:07,5.51,0.0,64,35264,买盘
556,10:12:10,5.51,0.0,13,7163,买盘
557,10:12:13,5.51,0.0,17,9367,买盘
558,10:12:19,5.51,0.0,30,16530,卖盘
559,10:12:22,5.51,0.0,10,5510,卖盘
560,10:12:27,5.52,0.01,17,9384,买盘
561,10:12:31,5.52,0.0,3,1656,买盘
562,10:12:42,5.52,0.0,80,44160,买盘
563,10:12:54,5.51,-0.01,66,36366,卖盘
564,10:13:01,5.51,0.0,9,4959,买盘
565,10:13:19,5.5,-0.01,366,201300,卖盘
566,10:13:31,5.49,-0.01,10,5490,卖盘
567,10:13:34,5.49,0.0,50,27460,卖盘
568,10:13:36,5.49,0.0,10,5490,卖盘
569,10:13:42,5.5,0.01,6,3300,买盘
570,10:13:46,5.49,-0.01,80,43920,卖盘
571,10:13:49,5.49,0.0,13,7137,卖盘
572,10:13:52,5.5,0.01,11,6050,买盘
573,10:13:57,5.49,-0.01,27,14823,卖盘
574,10:14:01,5.5,0.01,12,6600,买盘
575,10:14:04,5.49,-0.01,10,5490,卖盘
576,10:14:34,5.49,0.0,1,549,卖盘
577,10:14:36,5.49,0.0,42,23058,卖盘
578,10:14:39,5.49,0.0,30,16470,卖盘
579,10:14:46,5.49,0.0,20,10980,卖盘
580,10:14:49,5.49,0.0,3,1647,卖盘
581,10:14:55,5.5,0.01,18,9900,买盘
582,10:14:58,5.49,-0.01,15,8235,卖盘
583,10:15:00,5.49,0.0,3,1647,卖盘
584,10:15:07,5.5,0.01,26,14280,买盘
585,10:15:13,5.49,-0.01,6,3294,卖盘
586,10:15:16,5.5,0.01,20,11000,买盘
587,10:15:27,5.49,-0.01,5,2745,卖盘
588,10:15:34,5.49,0.0,100,54900,卖盘
589,10:15:37,5.5,0.01,2,1100,买盘
590,10:15:49,5.49,-0.01,120,65880,卖盘
591,10:15:52,5.49,0.0,29,15921,买盘
592,10:15:55,5.49,0.0,24,13176,买盘
593,10:16:04,5.49,0.0,2,1098,买盘
594,10:16:07,5.48,-0.01,82,44936,卖盘
595,10:16:10,5.49,0.01,12,6588,买盘
596,10:16:18,5.49,0.0,9,4941,买盘
597,10:16:21,5.48,-0.01,220,120580,卖盘
598,10:16:28,5.49,0.01,5,2745,买盘
599,10:16:31,5.48,-0.01,89,48772,卖盘
600,10:16:34,5.47,-0.01,20,10941,卖盘
601,10:16:40,5.48,0.01,30,16440,买盘
602,10:16:43,5.48,0.0,50,27400,买盘
603,10:16:45,5.48,0.0,332,181655,买盘
604,10:17:07,5.47,-0.01,3,1641,卖盘
605,10:17:09,5.48,0.01,25,13700,买盘
606,10:17:13,5.48,0.0,1,548,买盘
607,10:17:19,5.48,0.0,8,4384,买盘
608,10:17:22,5.48,0.0,30,16440,买盘
609,10:17:24,5.48,0.0,15,8220,买盘
610,10:17:33,5.48,0.0,5,2740,买盘
611,10:17:46,5.48,0.0,20,10960,卖盘
612,10:17:55,5.48,0.0,23,12604,卖盘
613,10:17:58,5.48,0.0,77,42196,买盘
614,10:18:04,5.49,0.01,2,1098,买盘
615,10:18:16,5.49,0.0,4,2196,买盘
616,10:18:19,5.49,0.0,81,44469,买盘
617,10:18:24,5.49,0.0,30,16470,买盘
618,10:18:40,5.49,0.0,121,66429,卖盘
619,10:18:42,5.49,0.0,11,6039,卖盘
620,10:18:58,5.49,0.0,43,23607,卖盘
621,10:19:04,5.49,0.0,4,2196,买盘
622,10:19:28,5.49,0.0,50,27450,买盘
623,10:19:36,5.49,0.0,71,38918,买盘
624,10:19:49,5.49,0.0,12,6588,买盘
625,10:19:55,5.49,0.0,27,14823,买盘
626,10:19:58,5.49,0.0,10,5490,买盘
627,10:20:04,5.48,-0.01,190,104120,卖盘
628,10:20:12,5.48,0.0,10,5480,买盘
629,10:20:30,5.48,0.0,63,34524,卖盘
630,10:20:33,5.47,-0.01,212,115964,卖盘
631,10:20:48,5.47,0.0,8,4376,买盘
632,10:20:52,5.46,-0.01,19,10374,卖盘
633,10:20:58,5.46,0.0,126,68846,卖盘
634,10:21:15,5.47,0.01,20,10940,买盘
635,10:21:19,5.46,-0.01,25,13674,卖盘
636,10:21:36,5.47,0.01,2,1094,买盘
637,10:21:42,5.47,0.0,325,177475,买盘
638,10:21:58,5.47,0.0,2,1094,卖盘
639,10:22:24,5.47,0.0,26,14222,卖盘
640,10:22:27,5.47,0.0,11,6017,买盘
641,10:22:31,5.47,0.0,29,15863,卖盘
642,10:22:37,5.47,0.0,20,10940,买盘
643,10:22:43,5.46,-0.01,56,30576,卖盘
644,10:22:46,5.47,0.01,5,2735,买盘
645,10:22:52,5.47,0.0,27,14769,买盘
646,10:22:54,5.46,-0.01,28,15301,卖盘
647,10:23:25,5.46,0.0,40,21840,卖盘
648,10:23:45,5.47,0.01,18,9846,买盘
649,10:23:52,5.46,-0.01,226,123396,卖盘
650,10:24:01,5.46,0.0,4,2184,买盘
651,10:24:06,5.46,0.0,6,3276,卖盘
652,10:24:10,5.46,0.0,24,13104,买盘
653,10:24:19,5.45,-0.01,702,382867,卖盘
654,10:24:24,5.47,0.02,336,183378,买盘
655,10:24:37,5.44,-0.03,20,10892,卖盘
656,10:24:58,5.45,0.01,39,21255,卖盘
657,10:25:04,5.45,0.0,10,5450,卖盘
658,10:25:36,5.45,0.0,16,8720,卖盘
659,10:25:46,5.45,0.0,270,147150,卖盘
660,10:25:52,5.45,0.0,50,27250,买盘
661,10:25:58,5.45,0.0,11,5995,买盘
662,10:26:15,5.45,0.0,10,5450,买盘
663,10:26:36,5.45,0.0,107,58310,买盘
664,10:26:42,5.45,0.0,457,249065,买盘
665,10:26:55,5.44,-0.01,623,339000,卖盘
666,10:26:58,5.44,0.0,15,8160,买盘
667,10:27:04,5.43,-0.01,56,30424,卖盘
668,10:27:07,5.43,0.0,54,29346,卖盘
669,10:27:10,5.44,0.01,35,19035,买盘
670,10:27:25,5.44,0.0,70,38080,买盘
671,10:27:37,5.44,0.0,5,2719,买盘
672,10:27:40,5.44,0.0,3050,1652032,买盘
673,10:27:42,5.44,0.0,3,1632,买盘
674,10:27:48,5.44,0.0,95,51670,买盘
675,10:27:51,5.44,0.0,80,43520,卖盘
676,10:28:04,5.44,0.0,35,19040,卖盘
677,10:28:25,5.43,-0.01,45,24453,卖盘
678,10:28:28,5.44,0.01,2,1088,卖盘
679,10:28:33,5.45,0.01,10,5447,买盘
680,10:28:57,5.46,0.01,10,5460,买盘
681,10:29:06,5.46,0.0,18,9820,买盘
682,10:29:19,5.46,0.0,3,1638,买盘
683,10:29:25,5.46,0.0,20,10920,买盘
684,10:29:31,5.46,0.0,8,4368,买盘
685,10:29:33,5.46,0.0,10,5460,买盘
686,10:29:37,5.46,0.0,3,1638,买盘
687,10:29:40,5.47,0.01,50,27304,买盘
688,10:29:51,5.46,-0.01,13,7098,卖盘
689,10:30:01,5.46,0.0,50,27300,卖盘
690,10:30:10,5.46,0.0,8,4368,买盘
691,10:30:22,5.46,0.0,40,21840,卖盘
692,10:30:25,5.46,0.0,55,30030,买盘
693,10:30:40,5.45,-0.01,177,96465,卖盘
694,10:30:43,5.45,0.0,20,10900,买盘
695,10:30:46,5.45,0.0,30,16350,买盘
696,10:30:54,5.45,0.0,1,545,买盘
697,10:31:01,5.45,0.0,3,1635,买盘
698,10:31:33,5.45,0.0,40,21800,买盘
699,10:32:01,5.45,0.0,3,1635,买盘
700,10:32:04,5.44,-0.01,4,2176,卖盘
701,10:32:07,5.45,0.01,208,113360,买盘
702,10:32:31,5.44,-0.01,10,5440,卖盘
703,10:32:34,5.45,0.01,5,2725,买盘
704,10:32:40,5.45,0.0,10,5450,买盘
705,10:32:55,5.45,0.0,2,1090,买盘
706,10:33:04,5.45,0.0,10,5450,买盘
707,10:33:13,5.44,-0.01,30,16321,卖盘
708,10:33:27,5.45,0.01,74,40330,卖盘
709,10:33:52,5.45,0.0,2,1090,买盘
710,10:34:10,5.45,0.0,1,545,买盘
711,10:34:30,5.45,0.0,10,5450,买盘
712,10:34:40,5.46,0.01,100,54567,买盘
713,10:35:00,5.46,0.0,15,8190,买盘
714,10:35:03,5.46,0.0,5,2730,买盘
715,10:35:25,5.46,0.0,4,2184,买盘
716,10:35:28,5.45,-0.01,24,13080,卖盘
717,10:35:31,5.45,0.0,15,8175,买盘
718,10:35:48,5.46,0.01,1,546,买盘
719,10:35:57,5.45,-0.01,6,3270,卖盘
720,10:36:10,5.46,0.01,20,10920,买盘
721,10:36:24,5.45,-0.01,1,545,卖盘
722,10:36:34,5.45,0.0,1,545,卖盘
723,10:37:00,5.46,0.01,10,5460,买盘
724,10:37:04,5.45,-0.01,3,1635,卖盘
725,10:37:21,5.46,0.01,18,9828,买盘
726,10:37:55,5.46,0.0,5,2730,买盘
727,10:38:21,5.46,0.0,39,21256,买盘
728,10:38:28,5.45,-0.01,67,36515,卖盘
729,10:38:45,5.45,0.0,10,5450,卖盘
730,10:39:01,5.46,0.01,15,8190,买盘
731,10:39:21,5.44,-0.02,317,172753,卖盘
732,10:39:28,5.46,0.02,33,18018,买盘
733,10:39:34,5.44,-0.02,432,235058,卖盘
734,10:39:49,5.43,-0.01,60,32580,卖盘
735,10:39:57,5.43,0.0,58,31494,卖盘
736,10:40:00,5.43,0.0,26,14118,卖盘
737,10:40:04,5.43,0.0,9,4887,卖盘
738,10:40:10,5.43,0.0,49,26607,中性盘
739,10:40:28,5.43,0.0,26,14118,卖盘
740,10:40:30,5.43,0.0,19,10317,买盘
741,10:40:46,5.43,0.0,25,13575,卖盘
742,10:40:48,5.43,0.0,10,5430,卖盘
743,10:40:51,5.42,-0.01,140,75961,卖盘
744,10:41:04,5.43,0.01,3,1629,买盘
745,10:41:10,5.42,-0.01,4,2170,卖盘
746,10:41:21,5.42,0.0,201,108943,卖盘
747,10:41:24,5.42,0.0,26,14092,卖盘
748,10:41:28,5.41,-0.01,66,35720,卖盘
749,10:41:37,5.42,0.01,5,2710,卖盘
750,10:42:04,5.43,0.01,50,27150,买盘
751,10:42:07,5.42,-0.01,2,1084,卖盘
752,10:42:28,5.42,0.0,10,5420,卖盘
753,10:42:31,5.43,0.01,40,21720,买盘
754,10:42:34,5.43,0.0,5,2715,买盘
755,10:42:37,5.43,0.0,2,1086,买盘
756,10:43:06,5.43,0.0,10,5430,买盘
757,10:43:12,5.43,0.0,69,37467,买盘
758,10:43:19,5.43,0.0,3,1629,买盘
759,10:43:24,5.43,0.0,20,10860,买盘
760,10:43:27,5.43,0.0,14,7602,买盘
761,10:44:49,5.44,0.01,42,22848,卖盘
762,10:45:00,5.45,0.01,41,22345,买盘
763,10:45:04,5.45,0.0,2,1090,卖盘
764,10:45:36,5.46,0.01,93,50778,买盘
765,10:45:49,5.46,0.0,2,1092,卖盘
766,10:45:52,5.47,0.01,80,43760,买盘
767,10:45:54,5.46,-0.01,6,3276,卖盘
768,10:46:18,5.46,0.0,12,6552,卖盘
769,10:46:24,5.46,0.0,10,5460,买盘
770,10:46:27,5.46,0.0,10,5460,买盘
771,10:46:31,5.46,0.0,26,14196,买盘
772,10:46:37,5.46,0.0,2,1092,买盘
773,10:46:52,5.47,0.01,1,547,买盘
774,10:46:55,5.46,-0.01,1,546,卖盘
775,10:47:25,5.47,0.01,22,12034,买盘
776,10:47:37,5.46,-0.01,32,17472,卖盘
777,10:47:49,5.46,0.0,7,3822,买盘
778,10:47:55,5.45,-0.01,130,70853,卖盘
779,10:47:57,5.45,0.0,43,23435,买盘
780,10:48:09,5.47,0.02,9,4923,买盘
781,10:48:28,5.46,-0.01,87,47502,卖盘
782,10:48:31,5.46,0.0,1,546,买盘
783,10:48:37,5.46,0.0,20,10920,买盘
784,10:48:49,5.46,0.0,91,49686,买盘
785,10:49:00,5.44,-0.02,260,141548,卖盘
786,10:49:03,5.45,0.01,3,1635,买盘
787,10:49:06,5.44,-0.01,49,26656,卖盘
788,10:49:19,5.43,-0.01,10,5430,卖盘
789,10:49:21,5.43,0.0,2,1086,卖盘
790,10:49:37,5.44,0.01,7,3806,买盘
791,10:49:40,5.44,0.0,3,1632,买盘
792,10:49:42,5.43,-0.01,2,1086,卖盘
793,10:49:51,5.44,0.01,40,21760,买盘
794,10:50:12,5.43,-0.01,25,13575,卖盘
795,10:50:40,5.43,0.0,10,5430,卖盘
796,10:51:04,5.44,0.01,3,1632,买盘
797,10:51:21,5.43,-0.01,4,2172,卖盘
798,10:51:27,5.44,0.01,10,5440,买盘
799,10:51:37,5.44,0.0,8,4352,买盘
800,10:52:01,5.43,-0.01,4,2172,卖盘
801,10:52:16,5.44,0.01,4,2176,买盘
802,10:52:25,5.43,-0.01,31,16856,卖盘
803,10:52:27,5.43,0.0,2,1086,卖盘
804,10:52:31,5.44,0.01,6,3264,买盘
805,10:52:34,5.43,-0.01,1,543,卖盘
806,10:52:55,5.44,0.01,50,27200,买盘
807,10:53:13,5.43,-0.01,78,42354,卖盘
808,10:53:18,5.43,0.0,86,46698,卖盘
809,10:53:24,5.43,0.0,50,27150,买盘
810,10:53:31,5.43,0.0,10,5430,买盘
811,10:53:52,5.42,-0.01,9,4878,卖盘
812,10:54:04,5.42,0.0,6,3252,卖盘
813,10:54:16,5.43,0.01,18,9774,买盘
814,10:54:18,5.43,0.0,61,33072,买盘
815,10:54:22,5.42,-0.01,10,5420,卖盘
816,10:54:45,5.42,0.0,208,112736,卖盘
817,10:55:12,5.41,-0.01,220,119020,卖盘
818,10:55:22,5.41,0.0,40,21640,买盘
819,10:55:28,5.4,-0.01,342,184680,卖盘
820,10:55:30,5.4,0.0,10,5400,卖盘
821,10:55:33,5.4,0.0,171,92340,卖盘
822,10:55:43,5.4,0.0,30,16186,买盘
823,10:55:46,5.39,-0.01,10,5390,卖盘
824,10:55:49,5.39,0.0,47,25333,卖盘
825,10:56:00,5.39,0.0,10,5390,卖盘
826,10:56:06,5.39,0.0,10,5390,中性盘
827,10:56:10,5.39,0.0,18,9702,卖盘
828,10:56:13,5.39,0.0,20,10780,卖盘
829,10:56:19,5.38,-0.01,108,58151,卖盘
830,10:56:34,5.39,0.01,5,2695,卖盘
831,10:56:43,5.39,0.0,2,1078,买盘
832,10:56:48,5.39,0.0,28,15092,买盘
833,10:56:51,5.39,0.0,1,539,买盘
834,10:56:55,5.4,0.01,64,34546,买盘
835,10:57:06,5.4,0.0,50,27000,买盘
836,10:57:13,5.4,0.0,90,48491,买盘
837,10:57:46,5.38,-0.02,27,14536,卖盘
838,10:58:16,5.39,0.01,58,31262,卖盘
839,10:58:40,5.39,0.0,29,15631,买盘
840,10:59:10,5.4,0.01,9,4860,买盘
841,10:59:19,5.39,-0.01,1,539,卖盘
842,10:59:55,5.38,-0.01,2,1076,卖盘
843,10:59:58,5.39,0.01,16,8624,买盘
844,11:00:04,5.39,0.0,100,53900,买盘
845,11:00:07,5.39,0.0,12,6468,卖盘
846,11:00:18,5.39,0.0,20,10780,卖盘
847,11:00:21,5.37,-0.02,227,122204,卖盘
848,11:00:37,5.37,0.0,28,15036,卖盘
849,11:00:42,5.36,-0.01,107,57363,卖盘
850,11:01:10,5.36,0.0,93,49848,卖盘
851,11:01:40,5.36,0.0,44,23584,卖盘
852,11:01:42,5.36,0.0,48,25728,卖盘
853,11:01:55,5.36,0.0,9,4824,卖盘
854,11:02:04,5.36,0.0,5,2680,卖盘
855,11:02:10,5.38,0.02,2,1076,买盘
856,11:02:13,5.38,0.0,10,5380,卖盘
857,11:02:21,5.39,0.01,18,9702,买盘
858,11:02:49,5.37,-0.02,86,46195,卖盘
859,11:02:52,5.37,0.0,47,25239,买盘
860,11:02:55,5.37,0.0,10,5370,买盘
861,11:03:01,5.37,0.0,30,16110,买盘
862,11:03:06,5.37,0.0,28,15036,买盘
863,11:03:10,5.37,0.0,4,2148,买盘
864,11:03:12,5.37,0.0,18,9666,买盘
865,11:03:34,5.37,0.0,60,32220,卖盘
866,11:03:40,5.38,0.01,62,33356,买盘
867,11:03:54,5.38,0.0,48,25824,卖盘
868,11:04:00,5.38,0.0,4,2152,买盘
869,11:04:10,5.38,0.0,50,26900,卖盘
870,11:04:15,5.39,0.01,1,539,买盘
871,11:04:24,5.39,0.0,10,5390,买盘
872,11:04:39,5.37,-0.02,61,32757,卖盘
873,11:04:42,5.39,0.02,5,2695,买盘
874,11:04:48,5.39,0.0,19,10232,买盘
875,11:04:57,5.39,0.0,40,21560,买盘
876,11:05:04,5.39,0.0,12,6468,买盘
877,11:05:36,5.39,0.0,19,10241,买盘
878,11:05:48,5.39,0.0,1,539,买盘
879,11:05:57,5.39,0.0,10,5390,买盘
880,11:06:25,5.38,-0.01,18,9684,卖盘
881,11:06:34,5.38,0.0,48,25824,卖盘
882,11:06:43,5.38,0.0,5,2690,卖盘
883,11:06:55,5.38,0.0,10,5380,卖盘
884,11:06:58,5.38,0.0,8,4304,卖盘
885,11:07:13,5.38,0.0,185,99530,卖盘
886,11:07:16,5.36,-0.02,670,360058,卖盘
887,11:07:25,5.39,0.03,14,7542,买盘
888,11:07:28,5.39,0.0,18,9702,买盘
889,11:08:21,5.38,-0.01,1,538,卖盘
890,11:08:49,5.38,0.0,4,2152,买盘
891,11:08:57,5.39,0.01,1,539,买盘
892,11:09:21,5.38,-0.01,4,2152,卖盘
893,11:09:54,5.38,0.0,10,5380,卖盘
894,11:10:01,5.38,0.0,35,18830,卖盘
895,11:10:30,5.39,0.01,5,2695,买盘
896,11:10:46,5.38,-0.01,18,9684,卖盘
897,11:10:51,5.39,0.01,12,6468,买盘
898,11:10:55,5.39,0.0,1,539,买盘
899,11:11:00,5.38,-0.01,5,2690,卖盘
900,11:11:04,5.39,0.01,20,10780,买盘
901,11:11:07,5.39,0.0,50,26950,买盘
902,11:11:09,5.39,0.0,3,1617,买盘
903,11:11:12,5.39,0.0,10,5390,买盘
904,11:12:13,5.39,0.0,19,10241,买盘
905,11:12:37,5.39,0.0,3,1617,买盘
906,11:12:42,5.39,0.0,1,539,买盘
907,11:12:52,5.39,0.0,1,539,买盘
908,11:13:04,5.38,-0.01,88,47344,卖盘
909,11:13:19,5.38,0.0,7,3766,卖盘
910,11:13:45,5.38,0.0,5,2690,卖盘
911,11:14:22,5.38,0.0,7,3766,卖盘
912,11:14:52,5.38,0.0,10,5380,卖盘
913,11:15:07,5.38,0.0,6,3228,卖盘
914,11:15:10,5.38,0.0,300,161400,卖盘
915,11:15:16,5.38,0.0,1,538,卖盘
916,11:15:22,5.38,0.0,39,20982,卖盘
917,11:15:34,5.38,0.0,9,4842,买盘
918,11:15:43,5.38,0.0,21,11298,买盘
919,11:16:06,5.38,0.0,10,5380,买盘
920,11:16:12,5.38,0.0,2,1076,买盘
921,11:16:15,5.37,-0.01,300,161100,卖盘
922,11:16:31,5.38,0.01,3,1614,买盘
923,11:17:16,5.37,-0.01,10,5370,卖盘
924,11:17:39,5.37,0.0,5,2685,卖盘
925,11:17:58,5.37,0.0,5,2685,卖盘
926,11:18:06,5.37,0.0,2,1074,卖盘
927,11:18:45,5.36,-0.01,401,214936,卖盘
928,11:19:06,5.36,0.0,15,8040,卖盘
929,11:19:24,5.36,0.0,50,26830,卖盘
930,11:19:36,5.36,0.0,1,536,卖盘
931,11:19:43,5.36,0.0,30,16080,卖盘
932,11:19:52,5.37,0.01,7,3759,买盘
933,11:19:55,5.37,0.0,10,5370,卖盘
934,11:20:28,5.37,0.0,1,537,卖盘
935,11:20:46,5.37,0.0,10,5370,卖盘
936,11:20:51,5.36,-0.01,26,13507,卖盘
937,11:20:55,5.37,0.01,83,44957,买盘
938,11:20:58,5.37,0.0,5,2685,卖盘
939,11:21:28,5.37,0.0,2,1074,卖盘
940,11:21:37,5.37,0.0,3,1611,卖盘
941,11:22:04,5.36,-0.01,2,1072,卖盘
942,11:22:12,5.37,0.01,2,1074,买盘
943,11:22:19,5.37,0.0,2,1074,买盘
944,11:22:25,5.37,0.0,2,1074,买盘
945,11:22:27,5.37,0.0,2,1074,买盘
946,11:22:30,5.37,0.0,7,3759,买盘
947,11:22:40,5.36,-0.01,102,54247,卖盘
948,11:22:46,5.36,0.0,13,6968,买盘
949,11:22:49,5.36,0.0,12,6432,买盘
950,11:22:51,5.36,0.0,23,12328,买盘
951,11:22:55,5.36,0.0,12,6432,买盘
952,11:22:57,5.38,0.02,110,59062,买盘
953,11:23:01,5.37,-0.01,4,2148,中性盘
954,11:23:07,5.37,0.0,2,1074,买盘
955,11:23:10,5.37,0.0,1,537,买盘
956,11:23:12,5.36,-0.01,16,8576,买盘
957,11:23:15,5.36,0.0,31,16616,买盘
958,11:23:19,5.36,0.0,12,6432,买盘
959,11:23:22,5.36,0.0,18,9648,买盘
960,11:23:25,5.36,0.0,23,12328,买盘
961,11:23:28,5.37,0.01,3,1611,买盘
962,11:23:30,5.35,-0.02,114,61005,卖盘
963,11:23:33,5.38,0.03,2,1076,买盘
964,11:23:40,5.35,-0.03,278,148820,卖盘
965,11:23:42,5.35,0.0,2,1070,买盘
966,11:23:46,5.35,0.0,1,535,买盘
967,11:23:49,5.35,0.0,11,5885,买盘
968,11:23:51,5.35,0.0,1,535,买盘
969,11:23:55,5.35,0.0,1,535,买盘
970,11:23:58,5.35,0.0,3,1605,买盘
971,11:24:58,5.36,0.01,1,536,买盘
972,11:25:09,5.36,0.0,40,21440,买盘
973,11:25:12,5.36,0.0,229,122545,买盘
974,11:25:15,5.35,-0.01,10,5351,卖盘
975,11:25:28,5.36,0.01,29,15544,买盘
976,11:25:58,5.36,0.0,100,53600,卖盘
977,11:26:55,5.38,0.02,15,8070,买盘
978,11:27:21,5.38,0.0,183,98884,买盘
979,11:27:28,5.38,0.0,1,538,卖盘
980,11:27:49,5.39,0.01,14,7546,买盘
981,11:27:54,5.35,-0.04,1000,536507,卖盘
982,11:28:01,5.39,0.04,20,10780,买盘
983,11:28:03,5.39,0.0,1,539,买盘
984,11:28:33,5.39,0.0,1,539,买盘
985,11:28:54,5.39,0.0,5,2695,买盘
986,11:29:00,5.39,0.0,10,5390,买盘
987,11:29:06,5.39,0.0,5,2695,买盘
988,11:29:12,5.39,0.0,77,41503,买盘
989,11:29:18,5.37,-0.02,46,24709,卖盘
990,11:29:24,5.37,0.0,7,3759,买盘
991,11:29:37,5.37,0.0,28,15036,买盘
992,13:00:07,5.36,-0.01,3951,2097008,卖盘
993,13:00:10,5.33,-0.03,50,26650,卖盘
994,13:00:13,5.36,0.03,40,21440,买盘
995,13:00:43,5.36,0.0,9,4824,买盘
996,13:01:06,5.31,-0.05,5,2655,卖盘
997,13:01:27,5.28,-0.03,11,5808,卖盘
998,13:01:46,5.28,0.0,108,57024,买盘
999,13:02:15,5.35,0.07,19,10155,买盘
1000,13:03:37,5.33,-0.02,20,10660,买盘
1001,13:03:54,5.32,-0.01,50,26600,卖盘
1002,13:04:12,5.33,0.01,100,53300,买盘
1003,13:04:55,5.34,0.01,2,1068,买盘
1004,13:05:00,5.36,0.02,473,253238,买盘
1005,13:05:04,5.33,-0.03,80,42721,卖盘
1006,13:05:12,5.33,0.0,10,5330,买盘
1007,13:05:18,5.33,0.0,10,5330,买盘
1008,13:05:27,5.32,-0.01,52,27664,卖盘
1009,13:05:34,5.33,0.01,120,63960,买盘
1010,13:06:28,5.32,-0.01,38,20216,卖盘
1011,13:06:43,5.33,0.01,9,4797,买盘
1012,13:06:52,5.33,0.0,50,26650,卖盘
1013,13:07:00,5.33,0.0,9,4797,卖盘
1014,13:07:28,5.35,0.02,15,8025,买盘
1015,13:07:31,5.35,0.0,301,161035,卖盘
1016,13:07:37,5.32,-0.03,360,191836,卖盘
1017,13:07:49,5.36,0.04,10,5360,买盘
1018,13:09:43,5.33,-0.03,322,171626,卖盘
1019,13:09:55,5.32,-0.01,255,135660,卖盘
1020,13:10:01,5.32,0.0,30,15960,买盘
1021,13:10:09,5.32,0.0,16,8512,买盘
1022,13:10:28,5.33,0.01,38,20254,买盘
1023,13:12:45,5.33,0.0,172,91676,卖盘
1024,13:13:01,5.32,-0.01,130,69160,卖盘
1025,13:13:04,5.31,-0.01,20,10620,卖盘
1026,13:14:04,5.33,0.02,50,26650,买盘
1027,13:14:22,5.33,0.0,78,41574,买盘
1028,13:14:36,5.33,0.0,11,5863,卖盘
1029,13:14:39,5.33,0.0,17,9061,卖盘
1030,13:14:49,5.33,0.0,21,11193,买盘
1031,13:15:45,5.33,0.0,52,27716,卖盘
1032,13:15:49,5.33,0.0,5,2665,卖盘
1033,13:16:22,5.33,0.0,20,10660,买盘
1034,13:16:28,5.33,0.0,25,13325,买盘
1035,13:17:43,5.33,0.0,9,4797,卖盘
1036,13:17:49,5.33,0.0,9,4797,卖盘
1037,13:18:28,5.34,0.01,20,10680,买盘
1038,13:18:40,5.34,0.0,6,3204,买盘
1039,13:18:48,5.34,0.0,5,2670,卖盘
1040,13:19:22,5.34,0.0,69,36846,卖盘
1041,13:19:31,5.34,0.0,15,8010,买盘
1042,13:20:15,5.35,0.01,84,44940,买盘
1043,13:20:19,5.34,-0.01,50,26716,卖盘
1044,13:20:58,5.34,0.0,39,20826,卖盘
1045,13:21:10,5.34,0.0,10,5340,买盘
1046,13:21:55,5.34,0.0,1,534,买盘
1047,13:22:28,5.36,0.02,65,34840,买盘
1048,13:22:33,5.36,0.0,1,536,卖盘
1049,13:22:40,5.37,0.01,6,3222,买盘
1050,13:22:45,5.37,0.0,52,27924,买盘
1051,13:22:58,5.37,0.0,20,10740,买盘
1052,13:23:01,5.37,0.0,3,1611,买盘
1053,13:23:06,5.37,0.0,1,537,卖盘
1054,13:23:09,5.37,0.0,14,7528,卖盘
1055,13:23:12,5.37,0.0,4,2148,卖盘
1056,13:23:16,5.37,0.0,4,2148,卖盘
1057,13:23:19,5.38,0.01,7,3763,买盘
1058,13:23:22,5.38,0.0,35,18807,买盘
1059,13:23:25,5.37,-0.01,3,1611,卖盘
1060,13:23:31,5.37,0.0,1,537,卖盘
1061,13:23:36,5.37,0.0,1,537,卖盘
1062,13:23:39,5.37,0.0,1,537,卖盘
1063,13:23:42,5.37,0.0,1,537,卖盘
1064,13:23:46,5.37,0.0,1,537,卖盘
1065,13:24:16,5.37,0.0,1,537,买盘
1066,13:24:43,5.38,0.01,102,54827,买盘
1067,13:24:57,5.37,-0.01,20,10740,卖盘
1068,13:25:04,5.38,0.01,20,10760,买盘
1069,13:25:16,5.38,0.0,208,111904,买盘
1070,13:26:01,5.38,0.0,29,15602,卖盘
1071,13:26:27,5.38,0.0,10,5380,买盘
1072,13:26:33,5.38,0.0,3,1614,买盘
1073,13:27:28,5.37,-0.01,100,53700,卖盘
1074,13:27:58,5.37,0.0,13,6981,卖盘
1075,13:28:01,5.38,0.01,13,6994,买盘
1076,13:28:06,5.37,-0.01,101,54237,卖盘
1077,13:28:09,5.38,0.01,69,37122,买盘
1078,13:29:16,5.38,0.0,16,8608,买盘
1079,13:29:31,5.38,0.0,3,1614,买盘
1080,13:29:52,5.38,0.0,93,50034,买盘
1081,13:30:09,5.38,0.0,2,1076,卖盘
1082,13:30:22,5.38,0.0,29,15602,买盘
1083,13:30:43,5.37,-0.01,38,20406,卖盘
1084,13:30:51,5.37,0.0,10,5370,卖盘
1085,13:31:48,5.36,-0.01,109,58432,卖盘
1086,13:31:54,5.37,0.01,2,1074,中性盘
1087,13:32:34,5.37,0.0,112,60144,卖盘
1088,13:33:04,5.37,0.0,23,12351,买盘
1089,13:33:51,5.37,0.0,8,4296,买盘
1090,13:34:06,5.36,-0.01,3,1608,卖盘
1091,13:35:09,5.36,0.0,50,26800,卖盘
1092,13:35:43,5.36,0.0,1,536,卖盘
1093,13:36:13,5.37,0.01,100,53700,买盘
1094,13:36:22,5.37,0.0,50,26850,买盘
1095,13:36:24,5.37,0.0,93,49941,买盘
1096,13:36:34,5.37,0.0,50,26850,买盘
1097,13:36:37,5.36,-0.01,1,536,卖盘
1098,13:36:40,5.37,0.01,5,2685,买盘
1099,13:36:43,5.37,0.0,59,31683,买盘
1100,13:36:45,5.38,0.01,100,53800,买盘
1101,13:36:48,5.37,-0.01,1,537,卖盘
1102,13:36:55,5.37,0.0,1,537,卖盘
1103,13:37:01,5.37,0.0,1,537,卖盘
1104,13:37:06,5.37,0.0,1,537,卖盘
1105,13:37:12,5.37,0.0,1,537,卖盘
1106,13:37:15,5.37,0.0,1,537,卖盘
1107,13:37:19,5.37,0.0,1,537,卖盘
1108,13:37:22,5.38,0.01,21,11297,买盘
1109,13:37:25,5.37,-0.01,1,537,卖盘
1110,13:37:33,5.38,0.01,80,42990,买盘
1111,13:38:04,5.37,-0.01,20,10740,卖盘
1112,13:38:10,5.37,0.0,1,537,卖盘
1113,13:38:30,5.37,0.0,31,16647,卖盘
1114,13:39:09,5.37,0.0,6,3222,买盘
1115,13:39:15,5.37,0.0,39,20943,买盘
1116,13:39:49,5.38,0.01,35,18830,买盘
1117,13:40:15,5.38,0.0,50,26900,买盘
1118,13:40:40,5.38,0.0,350,188300,买盘
1119,13:40:52,5.38,0.0,54,29052,买盘
1120,13:41:07,5.38,0.0,446,240098,卖盘
1121,13:41:18,5.38,0.0,34,18292,买盘
1122,13:41:25,5.38,0.0,6,3228,买盘
1123,13:41:34,5.38,0.0,9,4842,买盘
1124,13:41:37,5.38,0.0,70,37660,买盘
1125,13:41:55,5.38,0.0,7,3766,买盘
1126,13:42:40,5.38,0.0,78,41964,买盘
1127,13:42:48,5.38,0.0,12,6456,卖盘
1128,13:44:16,5.37,-0.01,3,1611,卖盘
1129,13:44:28,5.38,0.01,49,26362,买盘
1130,13:44:42,5.38,0.0,1,538,卖盘
1131,13:44:54,5.38,0.0,3,1614,买盘
1132,13:44:57,5.38,0.0,10,5380,买盘
1133,13:45:03,5.37,-0.01,13,6981,卖盘
1134,13:45:10,5.37,0.0,295,158415,卖盘
1135,13:46:13,5.36,-0.01,17,9112,卖盘
1136,13:46:25,5.36,0.0,38,20368,卖盘
1137,13:47:00,5.36,0.0,15,8040,卖盘
1138,13:47:07,5.36,0.0,185,99160,卖盘
1139,13:47:25,5.35,-0.01,5,2675,卖盘
1140,13:47:46,5.35,0.0,30,16050,卖盘
1141,13:48:27,5.35,0.0,3,1605,卖盘
1142,13:48:33,5.36,0.01,2,1072,买盘
1143,13:48:57,5.36,0.0,17,9112,买盘
1144,13:49:55,5.35,-0.01,40,21400,卖盘
1145,13:50:04,5.35,0.0,17,9095,卖盘
1146,13:51:09,5.36,0.01,100,53600,买盘
1147,13:52:19,5.35,-0.01,19,10165,卖盘
1148,13:54:55,5.36,0.01,1,536,买盘
1149,13:55:00,5.35,-0.01,5,2675,卖盘
1150,13:55:04,5.35,0.0,3,1605,卖盘
1151,13:55:10,5.35,0.0,21,11235,卖盘
1152,13:55:22,5.35,0.0,50,26750,卖盘
1153,13:55:28,5.36,0.01,31,16616,买盘
1154,13:55:46,5.35,-0.01,31,16585,卖盘
1155,13:55:54,5.35,0.0,9,4815,买盘
1156,13:57:15,5.36,0.01,2,1072,买盘
1157,13:58:28,5.36,0.0,6,3216,买盘
1158,13:58:54,5.36,0.0,5,2680,买盘
1159,13:59:25,5.36,0.0,7,3751,买盘
1160,13:59:30,5.36,0.0,1,536,卖盘
1161,13:59:52,5.36,0.0,100,53600,卖盘
1162,13:59:57,5.36,0.0,6,3216,卖盘
1163,14:00:03,5.36,0.0,5,2680,卖盘
1164,14:00:55,5.37,0.01,1,537,买盘
1165,14:00:58,5.36,-0.01,238,127568,卖盘
1166,14:01:21,5.36,0.0,10,5360,买盘
1167,14:01:58,5.36,0.0,187,100355,买盘
1168,14:02:21,5.37,0.01,45,24165,买盘
1169,14:02:36,5.37,0.0,259,139083,买盘
1170,14:02:40,5.37,0.0,50,26850,卖盘
1171,14:02:57,5.38,0.01,30,16140,买盘
1172,14:03:04,5.37,-0.01,40,21480,卖盘
1173,14:03:10,5.38,0.01,30,16140,买盘
1174,14:03:16,5.38,0.0,8,4304,买盘
1175,14:03:27,5.39,0.01,3,1617,买盘
1176,14:03:46,5.39,0.0,20,10770,买盘
1177,14:03:49,5.39,0.0,4,2156,买盘
1178,14:03:52,5.39,0.0,20,10780,买盘
1179,14:04:04,5.39,0.0,83,44737,买盘
1180,14:04:16,5.39,0.0,118,63602,卖盘
1181,14:04:22,5.39,0.0,35,18865,买盘
1182,14:04:27,5.39,0.0,3,1617,买盘
1183,14:04:33,5.39,0.0,10,5390,买盘
1184,14:04:37,5.39,0.0,80,43120,买盘
1185,14:04:52,5.38,-0.01,57,30666,卖盘
1186,14:05:19,5.4,0.02,400,215736,买盘
1187,14:05:46,5.39,-0.01,10,5390,卖盘
1188,14:06:10,5.4,0.01,50,27000,买盘
1189,14:06:21,5.39,-0.01,50,26950,卖盘
1190,14:06:27,5.4,0.01,120,64780,买盘
1191,14:06:31,5.39,-0.01,30,16170,卖盘
1192,14:06:39,5.39,0.0,104,56056,买盘
1193,14:06:58,5.39,0.0,11,5929,买盘
1194,14:07:49,5.39,0.0,10,5390,买盘
1195,14:07:58,5.38,-0.01,10,5380,卖盘
1196,14:08:51,5.38,0.0,13,6994,卖盘
1197,14:09:00,5.38,0.0,5,2690,卖盘
1198,14:09:07,5.39,0.01,100,53900,买盘
1199,14:09:34,5.38,-0.01,6,3228,卖盘
1200,14:09:39,5.39,0.01,55,29645,买盘
1201,14:10:22,5.39,0.0,1,539,买盘
1202,14:10:27,5.39,0.0,237,127743,买盘
1203,14:10:48,5.39,0.0,40,21560,卖盘
1204,14:11:42,5.4,0.01,40,21600,买盘
1205,14:12:00,5.4,0.0,129,69660,买盘
1206,14:12:10,5.4,0.0,1,540,买盘
1207,14:12:13,5.4,0.0,10,5400,买盘
1208,14:12:21,5.4,0.0,2,1080,买盘
1209,14:12:30,5.4,0.0,4,2160,买盘
1210,14:12:51,5.4,0.0,73,39420,买盘
1211,14:13:13,5.4,0.0,37,19980,买盘
1212,14:13:16,5.4,0.0,5,2700,买盘
1213,14:13:22,5.4,0.0,49,26460,买盘
1214,14:14:22,5.42,0.02,25,13550,买盘
1215,14:14:25,5.41,-0.01,50,27050,卖盘
1216,14:14:39,5.41,0.0,25,13525,买盘
1217,14:14:42,5.4,-0.01,119,64270,卖盘
1218,14:14:45,5.4,0.0,1,540,买盘
1219,14:15:24,5.39,-0.01,50,26950,卖盘
1220,14:15:34,5.39,0.0,100,53900,卖盘
1221,14:15:40,5.39,0.0,25,13475,卖盘
1222,14:15:43,5.39,0.0,47,25333,卖盘
1223,14:16:07,5.39,0.0,6,3234,卖盘
1224,14:16:13,5.39,0.0,69,37221,卖盘
1225,14:16:46,5.4,0.01,4,2160,买盘
1226,14:17:01,5.4,0.0,10,5400,买盘
1227,14:17:12,5.4,0.0,7,3780,买盘
1228,14:17:25,5.4,0.0,15,8100,买盘
1229,14:17:34,5.4,0.0,37,19980,买盘
1230,14:17:42,5.4,0.0,10,5400,买盘
1231,14:17:58,5.4,0.0,10,5400,买盘
1232,14:18:09,5.4,0.0,326,176040,买盘
1233,14:18:22,5.41,0.01,249,134709,买盘
1234,14:18:27,5.41,0.0,216,116856,买盘
1235,14:18:45,5.42,0.01,50,27100,买盘
1236,14:18:49,5.42,0.0,207,112094,买盘
1237,14:19:07,5.43,0.01,66,35838,买盘
1238,14:19:09,5.43,0.0,49,26607,买盘
1239,14:19:13,5.43,0.0,54,29322,买盘
1240,14:19:15,5.45,0.02,221,120234,买盘
1241,14:19:24,5.45,0.0,4,2180,买盘
1242,14:19:28,5.45,0.0,258,140675,买盘
1243,14:19:37,5.45,0.0,20,10900,卖盘
1244,14:19:40,5.46,0.01,33,17998,买盘
1245,14:19:43,5.46,0.0,65,35490,买盘
1246,14:19:48,5.46,0.0,4,2184,卖盘
1247,14:19:57,5.47,0.01,82,44854,买盘
1248,14:20:01,5.48,0.01,72,39566,买盘
1249,14:20:04,5.48,0.0,10,5480,卖盘
1250,14:20:10,5.49,0.01,40,21960,买盘
1251,14:20:13,5.48,-0.01,6,3182,卖盘
1252,14:20:16,5.48,0.0,23,12714,买盘
1253,14:20:18,5.48,0.0,121,66249,卖盘
1254,14:20:21,5.49,0.01,14,7681,买盘
1255,14:20:25,5.48,-0.01,7,3836,卖盘
1256,14:20:28,5.48,0.0,11,6028,买盘
1257,14:20:31,5.47,-0.01,30,16410,卖盘
1258,14:20:43,5.48,0.01,5,2740,买盘
1259,14:20:46,5.47,-0.01,71,38837,卖盘
1260,14:20:49,5.45,-0.02,90,49095,卖盘
1261,14:21:01,5.47,0.02,2,1094,买盘
1262,14:21:07,5.47,0.0,20,10940,买盘
1263,14:21:16,5.47,0.0,10,5470,买盘
1264,14:21:25,5.47,0.0,10,5461,买盘
1265,14:21:39,5.47,0.0,4,2188,买盘
1266,14:21:42,5.48,0.01,195,106690,买盘
1267,14:21:46,5.47,-0.01,3,1313,中性盘
1268,14:21:52,5.47,0.0,1,547,卖盘
1269,14:21:58,5.47,0.0,30,16410,卖盘
1270,14:22:01,5.47,0.0,103,56758,卖盘
1271,14:22:16,5.46,-0.01,5,2730,卖盘
1272,14:22:24,5.46,0.0,15,8190,卖盘
1273,14:22:31,5.46,0.0,75,40950,买盘
1274,14:22:33,5.46,0.0,10,5460,卖盘
1275,14:22:36,5.46,0.0,29,15834,卖盘
1276,14:22:42,5.46,0.0,5,2730,卖盘
1277,14:22:49,5.47,0.01,31,16957,买盘
1278,14:23:00,5.46,-0.01,73,39858,卖盘
1279,14:23:10,5.45,-0.01,78,42445,卖盘
1280,14:23:22,5.45,0.0,2,1090,买盘
1281,14:23:43,5.44,-0.01,10,5440,卖盘
1282,14:23:58,5.44,0.0,38,20672,卖盘
1283,14:24:04,5.44,0.0,23,12512,卖盘
1284,14:24:10,5.44,0.0,17,9248,买盘
1285,14:24:25,5.45,0.01,19,10355,买盘
1286,14:24:28,5.44,-0.01,20,10880,卖盘
1287,14:24:39,5.45,0.01,5,2725,买盘
1288,14:24:43,5.44,-0.01,14,7616,卖盘
1289,14:24:49,5.45,0.01,99,53955,买盘
1290,14:24:58,5.45,0.0,3,1700,买盘
1291,14:25:01,5.45,0.0,3,1635,卖盘
1292,14:25:04,5.44,-0.01,76,41283,卖盘
1293,14:25:07,5.45,0.01,58,31573,买盘
1294,14:25:10,5.45,0.0,31,16895,买盘
1295,14:25:13,5.46,0.01,20,10906,买盘
1296,14:25:37,5.45,-0.01,27,14715,买盘
1297,14:25:43,5.45,0.0,13,7085,买盘
1298,14:25:49,5.46,0.01,10,5460,买盘
1299,14:25:52,5.46,0.0,73,39858,买盘
1300,14:26:07,5.46,0.0,9,4914,买盘
1301,14:26:13,5.45,-0.01,10,5450,卖盘
1302,14:26:25,5.46,0.01,20,10920,买盘
1303,14:26:37,5.45,-0.01,150,81750,卖盘
1304,14:27:07,5.44,-0.01,29,15801,卖盘
1305,14:27:10,5.45,0.01,2,1090,卖盘
1306,14:27:43,5.44,-0.01,15,8160,卖盘
1307,14:28:21,5.44,0.0,20,10880,卖盘
1308,14:28:25,5.44,0.0,61,33184,卖盘
1309,14:28:27,5.45,0.01,3,1633,买盘
1310,14:29:40,5.44,-0.01,16,8704,卖盘
1311,14:29:46,5.44,0.0,99,53856,买盘
1312,14:30:07,5.44,0.0,30,16320,卖盘
1313,14:30:10,5.44,0.0,31,16864,卖盘
1314,14:31:03,5.44,0.0,30,16320,买盘
1315,14:31:13,5.44,0.0,83,45152,买盘
1316,14:31:31,5.45,0.01,24,13080,买盘
1317,14:31:34,5.45,0.0,6,3270,买盘
1318,14:31:42,5.45,0.0,30,16350,买盘
1319,14:31:52,5.44,-0.01,23,12512,卖盘
1320,14:31:55,5.45,0.01,81,44145,买盘
1321,14:31:58,5.45,0.0,70,38150,买盘
1322,14:32:04,5.44,-0.01,91,49504,卖盘
1323,14:32:07,5.45,0.01,237,128965,买盘
1324,14:32:09,5.45,0.0,5,2725,卖盘
1325,14:32:12,5.45,0.0,10,5450,卖盘
1326,14:32:34,5.45,0.0,33,17985,卖盘
1327,14:32:37,5.46,0.01,300,163733,买盘
1328,14:32:52,5.46,0.0,1,546,买盘
1329,14:33:04,5.46,0.0,10,5460,买盘
1330,14:33:07,5.46,0.0,12,6552,买盘
1331,14:33:27,5.46,0.0,403,220038,买盘
1332,14:33:34,5.46,0.0,245,133770,买盘
1333,14:33:37,5.46,0.0,38,20808,买盘
1334,14:33:55,5.46,0.0,130,71110,卖盘
1335,14:34:04,5.47,0.01,4,2188,买盘
1336,14:34:12,5.47,0.0,11,5689,买盘
1337,14:34:16,5.47,0.0,15,8205,卖盘
1338,14:34:28,5.48,0.01,3,1644,买盘
1339,14:34:46,5.47,-0.01,28,15318,卖盘
1340,14:34:49,5.48,0.01,8,4384,买盘
1341,14:34:54,5.48,0.0,13,7124,买盘
1342,14:34:57,5.48,0.0,25,13700,买盘
1343,14:35:03,5.48,0.0,15,8220,买盘
1344,14:35:10,5.47,-0.01,96,52840,卖盘
1345,14:35:19,5.47,0.0,3,1641,买盘
1346,14:35:25,5.46,-0.01,105,57335,卖盘
1347,14:35:39,5.46,0.0,20,10920,卖盘
1348,14:36:16,5.47,0.01,3,1641,买盘
1349,14:36:18,5.46,-0.01,43,23309,卖盘
1350,14:36:30,5.46,0.0,48,26208,买盘
1351,14:36:58,5.46,0.0,35,19110,买盘
1352,14:37:28,5.45,-0.01,106,57770,卖盘
1353,14:37:51,5.45,0.0,5,2725,买盘
1354,14:37:58,5.45,0.0,53,28885,买盘
1355,14:38:00,5.45,0.0,3,1635,买盘
1356,14:38:03,5.44,-0.01,120,65280,卖盘
1357,14:38:36,5.45,0.01,27,14715,买盘
1358,14:39:04,5.45,0.0,30,16350,买盘
1359,14:39:09,5.45,0.0,50,27250,买盘
1360,14:39:25,5.45,0.0,3,1635,买盘
1361,14:40:37,5.45,0.0,100,54500,买盘
1362,14:40:45,5.45,0.0,100,54500,买盘
1363,14:40:55,5.45,0.0,28,15260,买盘
1364,14:41:07,5.45,0.0,14,7630,买盘
1365,14:41:25,5.44,-0.01,191,103904,卖盘
1366,14:41:30,5.45,0.01,82,44690,买盘
1367,14:41:45,5.44,-0.01,50,27200,卖盘
1368,14:42:01,5.44,0.0,233,126752,卖盘
1369,14:42:25,5.44,0.0,32,17408,买盘
1370,14:42:34,5.43,-0.01,1,543,卖盘
1371,14:42:52,5.44,0.01,1,544,买盘
1372,14:43:13,5.44,0.0,39,21187,买盘
1373,14:43:16,5.43,-0.01,20,10860,卖盘
1374,14:43:21,5.43,0.0,183,99369,卖盘
1375,14:43:49,5.44,0.01,10,5440,买盘
1376,14:43:55,5.44,0.0,4,2176,买盘
1377,14:44:42,5.43,-0.01,5,2715,卖盘
1378,14:44:46,5.43,0.0,32,17376,卖盘
1379,14:44:49,5.43,0.0,10,5430,卖盘
1380,14:44:52,5.44,0.01,247,134368,买盘
1381,14:45:09,5.45,0.01,108,58860,买盘
1382,14:45:16,5.44,-0.01,15,8160,卖盘
1383,14:45:31,5.44,0.0,44,23960,卖盘
1384,14:45:42,5.44,0.0,72,39200,卖盘
1385,14:45:58,5.44,0.0,5,2720,卖盘
1386,14:46:09,5.44,0.0,35,19040,卖盘
1387,14:46:12,5.43,-0.01,180,97917,卖盘
1388,14:46:34,5.4,-0.03,2800,1514803,卖盘
1389,14:47:25,5.41,0.01,10,5410,卖盘
1390,14:47:46,5.42,0.01,40,21680,买盘
1391,14:47:57,5.42,0.0,5,2710,卖盘
1392,14:48:10,5.43,0.01,3,1629,买盘
1393,14:48:13,5.43,0.0,15,8145,买盘
1394,14:48:16,5.43,0.0,5,2715,卖盘
1395,14:48:33,5.43,0.0,2,1086,卖盘
1396,14:48:36,5.43,0.0,7,3801,卖盘
1397,14:48:43,5.43,0.0,50,27150,卖盘
1398,14:48:49,5.43,0.0,15,8145,卖盘
1399,14:49:00,5.43,0.0,101,54843,卖盘
1400,14:49:10,5.43,0.0,44,23892,卖盘
1401,14:49:31,5.42,-0.01,30,16260,卖盘
1402,14:49:54,5.42,0.0,10,5420,卖盘
1403,14:50:00,5.42,0.0,57,30894,卖盘
1404,14:50:06,5.41,-0.01,10,5410,卖盘
1405,14:50:28,5.41,0.0,25,13525,卖盘
1406,14:50:37,5.41,0.0,10,5410,卖盘
1407,14:50:40,5.41,0.0,200,108200,卖盘
1408,14:50:45,5.42,0.01,14,7588,买盘
1409,14:50:55,5.41,-0.01,58,31416,卖盘
1410,14:51:01,5.42,0.01,7,3794,买盘
1411,14:51:06,5.42,0.0,50,27100,买盘
1412,14:51:09,5.41,-0.01,19,10279,卖盘
1413,14:51:16,5.42,0.01,16,8672,买盘
1414,14:51:24,5.42,0.0,23,12466,卖盘
1415,14:51:31,5.42,0.0,27,14634,卖盘
1416,14:51:34,5.42,0.0,3,1626,买盘
1417,14:51:40,5.42,0.0,10,5420,卖盘
1418,14:51:46,5.42,0.0,23,12466,卖盘
1419,14:51:49,5.42,0.0,69,37398,买盘
1420,14:51:57,5.42,0.0,79,42818,卖盘
1421,14:52:04,5.42,0.0,20,10840,买盘
1422,14:52:10,5.42,0.0,2,1084,买盘
1423,14:52:12,5.42,0.0,20,10840,买盘
1424,14:52:18,5.42,0.0,30,16260,买盘
1425,14:52:25,5.41,-0.01,22,11902,卖盘
1426,14:52:37,5.42,0.01,24,13004,买盘
1427,14:52:43,5.42,0.0,82,44392,买盘
1428,14:53:00,5.42,0.0,56,30352,买盘
1429,14:53:07,5.42,0.0,124,67208,买盘
1430,14:53:16,5.42,0.0,22,11924,卖盘
1431,14:53:18,5.42,0.0,10,5420,卖盘
1432,14:53:31,5.43,0.01,61,33123,买盘
1433,14:53:34,5.43,0.0,179,97197,买盘
1434,14:53:37,5.43,0.0,22,11946,买盘
1435,14:53:57,5.43,0.0,8,4344,买盘
1436,14:54:10,5.43,0.0,20,10860,买盘
1437,14:54:25,5.43,0.0,96,52128,买盘
1438,14:54:33,5.43,0.0,8,4344,买盘
1439,14:54:49,5.43,0.0,9,4887,买盘
1440,14:54:52,5.43,0.0,10,5430,买盘
1441,14:54:58,5.43,0.0,16,8688,买盘
1442,14:55:01,5.43,0.0,167,90681,买盘
1443,14:55:13,5.42,-0.01,18,9766,卖盘
1444,14:55:16,5.42,0.0,5,2710,卖盘
1445,14:55:25,5.42,0.0,26,14098,卖盘
1446,14:55:31,5.43,0.01,5,2715,买盘
1447,14:55:43,5.43,0.0,5,2715,买盘
1448,14:55:46,5.43,0.0,1,543,买盘
1449,14:55:52,5.42,-0.01,10,5420,卖盘
1450,14:55:55,5.43,0.01,66,35838,买盘
1451,14:55:58,5.43,0.0,7,3801,买盘
1452,14:56:09,5.43,0.0,72,39096,买盘
1453,14:56:19,5.43,0.0,362,196305,买盘
1454,14:56:21,5.43,0.0,2,1086,卖盘
1455,14:56:31,5.44,0.01,45,24480,买盘
1456,14:56:34,5.44,0.0,46,25024,买盘
1457,14:56:43,5.44,0.0,50,27200,买盘
1458,14:56:46,5.44,0.0,18,9792,买盘
1459,14:56:55,5.44,0.0,108,58742,买盘
1460,14:56:58,5.44,0.0,13,7072,买盘
1461,14:57:00,5.44,0.0,54,29781,买盘
1462,15:00:04,5.45,0.01,1984,1081280,卖盘
