,time,price,change,volume,amount,type
0,09:25:04,3.25,-0.04,569,184925,卖盘
1,09:30:04,3.24,-0.01,446,144730,卖盘
2,09:30:06,3.25,0.01,119,38637,买盘
3,09:30:18,3.25,0.0,34,11050,卖盘
4,09:30:21,3.25,0.0,1,325,卖盘
5,09:30:24,3.25,0.0,1,325,卖盘
6,09:30:27,3.26,0.01,279,90954,买盘
7,09:30:31,3.26,0.0,3,978,卖盘
8,09:30:33,3.26,0.0,3,978,卖盘
9,09:30:36,3.26,0.0,3,978,卖盘
10,09:30:39,3.26,0.0,17,5542,卖盘
11,09:30:42,3.25,-0.01,9,2925,卖盘
12,09:30:48,3.25,0.0,10,3250,卖盘
13,09:30:51,3.25,0.0,10,3250,卖盘
14,09:30:54,3.26,0.01,57,18581,买盘
15,09:31:04,3.25,-0.01,1,325,卖盘
16,09:31:15,3.26,0.01,100,32600,买盘
17,09:31:27,3.26,0.0,20,6520,买盘
18,09:31:36,3.26,0.0,30,9780,买盘
19,09:31:39,3.25,-0.01,297,96525,卖盘
20,09:31:42,3.25,0.0,12,3900,买盘
21,09:31:48,3.25,0.0,10,3250,买盘
22,09:31:51,3.24,-0.01,42,13608,卖盘
23,09:32:00,3.24,0.0,55,17830,卖盘
24,09:32:04,3.25,0.01,31,10075,买盘
25,09:32:09,3.25,0.0,127,41245,买盘
26,09:32:12,3.24,-0.01,58,18800,卖盘
27,09:32:15,3.24,0.0,103,33414,卖盘
28,09:32:21,3.24,0.0,150,48600,卖盘
29,09:32:24,3.24,0.0,35,11340,卖盘
30,09:32:30,3.25,0.01,37,12025,买盘
31,09:32:40,3.25,0.0,79,25675,卖盘
32,09:32:43,3.25,0.0,7,2275,卖盘
33,09:32:51,3.26,0.01,87,28362,买盘
34,09:32:54,3.25,-0.01,2,650,卖盘
35,09:33:03,3.25,0.0,161,52325,卖盘
36,09:33:10,3.25,0.0,50,16250,卖盘
37,09:33:15,3.26,0.01,34,11074,买盘
38,09:33:36,3.26,0.0,5,1630,买盘
39,09:33:48,3.26,0.0,50,16300,买盘
40,09:33:54,3.26,0.0,6,1955,买盘
41,09:33:57,3.26,0.0,10,3260,买盘
42,09:34:00,3.26,0.0,103,33578,买盘
43,09:34:03,3.26,0.0,107,34882,买盘
44,09:34:06,3.26,0.0,62,20212,买盘
45,09:34:10,3.26,0.0,196,63896,买盘
46,09:34:15,3.27,0.01,385,125895,买盘
47,09:34:31,3.26,-0.01,80,26080,卖盘
48,09:34:33,3.26,0.0,21,6846,卖盘
49,09:34:51,3.26,0.0,49,15974,卖盘
50,09:34:57,3.26,0.0,81,26446,卖盘
51,09:35:06,3.26,0.0,39,12714,卖盘
52,09:35:09,3.26,0.0,8,2608,卖盘
53,09:35:15,3.26,0.0,33,10759,卖盘
54,09:35:18,3.26,0.0,100,32600,卖盘
55,09:35:21,3.26,0.0,97,31622,卖盘
56,09:35:30,3.26,0.0,144,46944,买盘
57,09:35:39,3.26,0.0,107,34882,买盘
58,09:35:57,3.26,0.0,621,201830,买盘
59,09:36:00,3.26,0.0,21,6826,买盘
60,09:36:09,3.25,-0.01,20,6500,卖盘
61,09:36:15,3.25,0.0,42,13650,卖盘
62,09:36:18,3.26,0.01,66,21516,买盘
63,09:36:21,3.26,0.0,163,53138,买盘
64,09:36:33,3.25,-0.01,1,325,卖盘
65,09:36:36,3.25,0.0,51,16575,卖盘
66,09:36:42,3.25,0.0,33,10725,卖盘
67,09:36:46,3.26,0.01,182,59332,买盘
68,09:37:00,3.26,0.0,190,61940,买盘
69,09:37:04,3.26,0.0,21,6846,买盘
70,09:37:06,3.26,0.0,37,12062,买盘
71,09:37:09,3.26,0.0,30,9780,买盘
72,09:37:12,3.26,0.0,91,29666,买盘
73,09:37:15,3.25,-0.01,4,1300,卖盘
74,09:37:30,3.25,0.0,42,13690,卖盘
75,09:37:42,3.25,0.0,2,650,卖盘
76,09:37:48,3.26,0.01,127,41402,买盘
77,09:37:54,3.26,0.0,102,33252,买盘
78,09:37:57,3.26,0.0,13,4238,买盘
79,09:38:06,3.26,0.0,67,21842,买盘
80,09:38:12,3.26,0.0,35,11410,买盘
81,09:38:15,3.26,0.0,12,3912,买盘
82,09:38:21,3.26,0.0,5,1630,买盘
83,09:38:27,3.26,0.0,5,1630,买盘
84,09:38:45,3.26,0.0,5,1630,买盘
85,09:38:48,3.26,0.0,146,47596,买盘
86,09:39:06,3.26,0.0,26,8472,买盘
87,09:39:21,3.26,0.0,21,6846,买盘
88,09:39:27,3.26,0.0,10,3260,买盘
89,09:39:30,3.25,-0.01,37,12052,卖盘
90,09:39:48,3.25,0.0,565,183625,卖盘
91,09:39:51,3.25,0.0,43,13975,卖盘
92,09:39:54,3.25,0.0,10,3250,卖盘
93,09:39:57,3.25,0.0,55,17875,卖盘
94,09:40:00,3.25,0.0,93,30225,卖盘
95,09:40:03,3.25,0.0,299,97175,卖盘
96,09:40:06,3.25,0.0,260,84500,卖盘
97,09:40:09,3.25,0.0,249,80925,卖盘
98,09:40:13,3.25,0.0,211,68575,卖盘
99,09:40:15,3.25,0.0,160,52000,卖盘
100,09:40:18,3.25,0.0,1058,343850,卖盘
101,09:40:21,3.25,0.0,114,36981,卖盘
102,09:40:24,3.24,-0.01,61,19764,卖盘
103,09:40:27,3.25,0.01,56,18174,买盘
104,09:40:30,3.24,-0.01,125,40575,卖盘
105,09:40:36,3.25,0.01,11,3575,买盘
106,09:40:39,3.24,-0.01,9,2916,卖盘
107,09:40:42,3.24,0.0,10,3240,卖盘
108,09:40:48,3.25,0.01,106,34450,买盘
109,09:40:57,3.24,-0.01,45,14590,卖盘
110,09:41:09,3.25,0.01,250,81250,买盘
111,09:41:12,3.24,-0.01,10,3240,卖盘
112,09:41:27,3.24,0.0,5,1620,卖盘
113,09:41:30,3.24,0.0,156,50544,卖盘
114,09:41:33,3.25,0.01,5,1625,买盘
115,09:41:42,3.24,-0.01,556,180144,卖盘
116,09:41:45,3.24,0.0,10,3240,卖盘
117,09:41:51,3.24,0.0,11,3564,卖盘
118,09:42:18,3.24,0.0,7,2268,卖盘
119,09:42:24,3.25,0.01,30,9750,买盘
120,09:42:39,3.25,0.0,11,3575,买盘
121,09:42:42,3.25,0.0,100,32500,买盘
122,09:42:45,3.25,0.0,19,6175,买盘
123,09:42:51,3.24,-0.01,215,69660,卖盘
124,09:42:54,3.25,0.01,53,17225,买盘
125,09:43:04,3.25,0.0,4,1299,买盘
126,09:43:06,3.25,0.0,50,16250,买盘
127,09:43:15,3.25,0.0,35,11375,买盘
128,09:43:21,3.24,-0.01,108,35085,卖盘
129,09:43:30,3.25,0.01,5,1625,买盘
130,09:43:33,3.24,-0.01,130,42193,卖盘
131,09:43:36,3.25,0.01,97,31525,买盘
132,09:43:39,3.25,0.0,46,14950,买盘
133,09:43:48,3.24,-0.01,4,1296,卖盘
134,09:43:51,3.25,0.01,143,46455,买盘
135,09:43:54,3.25,0.0,109,35425,买盘
136,09:43:57,3.25,0.0,107,34775,买盘
137,09:44:00,3.25,0.0,27,8775,买盘
138,09:44:06,3.25,0.0,97,31525,卖盘
139,09:44:12,3.25,0.0,861,279825,买盘
140,09:44:15,3.25,0.0,90,29220,买盘
141,09:44:22,3.25,0.0,1,325,买盘
142,09:44:24,3.25,0.0,30,9750,买盘
143,09:44:33,3.25,0.0,211,68575,买盘
144,09:44:42,3.25,0.0,5,1625,卖盘
145,09:44:51,3.26,0.01,2,652,买盘
146,09:45:54,3.25,-0.01,222,72150,卖盘
147,09:46:00,3.26,0.01,20,6520,买盘
148,09:46:18,3.25,-0.01,140,45500,卖盘
149,09:46:21,3.25,0.0,11,3575,卖盘
150,09:46:27,3.25,0.0,20,6500,卖盘
151,09:46:37,3.26,0.01,89,29012,买盘
152,09:47:04,3.25,-0.01,19,6175,卖盘
153,09:47:09,3.25,0.0,24,7800,卖盘
154,09:47:18,3.26,0.01,110,35850,买盘
155,09:47:21,3.26,0.0,2,651,买盘
156,09:47:36,3.26,0.0,115,37400,买盘
157,09:47:39,3.26,0.0,20,6520,买盘
158,09:48:15,3.25,-0.01,5,1625,卖盘
159,09:48:18,3.25,0.0,20,6500,卖盘
160,09:48:33,3.26,0.01,61,19886,买盘
161,09:48:51,3.25,-0.01,78,25350,卖盘
162,09:49:15,3.25,0.0,32,10400,卖盘
163,09:49:24,3.26,0.01,15,4890,买盘
164,09:49:30,3.25,-0.01,37,12025,卖盘
165,09:49:45,3.26,0.01,1,326,买盘
166,09:49:52,3.25,-0.01,18,5850,卖盘
167,09:49:54,3.25,0.0,15,4875,卖盘
168,09:50:00,3.25,0.0,6,1950,卖盘
169,09:50:06,3.25,0.0,39,12675,卖盘
170,09:50:09,3.26,0.01,30,9780,买盘
171,09:50:19,3.25,-0.01,1,325,卖盘
172,09:50:24,3.25,0.0,5,1625,卖盘
173,09:50:27,3.25,0.0,5,1625,卖盘
174,09:50:30,3.26,0.01,1,326,买盘
175,09:50:36,3.26,0.0,23,7498,买盘
176,09:50:42,3.25,-0.01,25,8125,卖盘
177,09:51:03,3.25,0.0,50,16250,卖盘
178,09:51:06,3.25,0.0,1100,357600,卖盘
179,09:51:30,3.25,0.0,9,2925,卖盘
180,09:51:45,3.25,0.0,46,14950,卖盘
181,09:51:48,3.25,0.0,124,40305,卖盘
182,09:51:52,3.25,0.0,18,5850,卖盘
183,09:51:57,3.25,0.0,1,325,卖盘
184,09:52:09,3.25,0.0,300,97500,卖盘
185,09:52:18,3.25,0.0,100,32500,卖盘
186,09:52:21,3.26,0.01,12,3912,买盘
187,09:52:33,3.25,-0.01,10,3250,卖盘
188,09:52:42,3.25,0.0,100,32500,卖盘
189,09:52:54,3.25,0.0,90,29250,卖盘
190,09:53:00,3.25,0.0,124,40300,卖盘
191,09:53:27,3.25,0.0,200,65000,卖盘
192,09:53:30,3.24,-0.01,800,259513,卖盘
193,09:53:42,3.25,0.01,1,325,买盘
194,09:53:57,3.25,0.0,50,16250,买盘
195,09:54:19,3.24,-0.01,53,17176,卖盘
196,09:54:24,3.25,0.01,25,8120,买盘
197,09:54:36,3.24,-0.01,3,972,卖盘
198,09:54:42,3.25,0.01,10,3250,买盘
199,09:55:00,3.25,0.0,24,7800,买盘
200,09:55:09,3.25,0.0,6,1950,买盘
201,09:55:15,3.25,0.0,60,19500,买盘
202,09:55:27,3.24,-0.01,77,24948,卖盘
203,09:55:30,3.25,0.01,20,6500,买盘
204,09:55:39,3.24,-0.01,20,6480,卖盘
205,09:55:43,3.25,0.01,69,22425,买盘
206,09:55:45,3.24,-0.01,7,2268,卖盘
207,09:55:51,3.25,0.01,20,6500,买盘
208,09:55:57,3.25,0.0,92,29900,买盘
209,09:56:00,3.25,0.0,9,2925,买盘
210,09:56:03,3.25,0.0,49,15925,买盘
211,09:56:12,3.25,0.0,30,9750,买盘
212,09:56:21,3.25,0.0,100,32500,买盘
213,09:56:24,3.25,0.0,32,10400,买盘
214,09:56:27,3.25,0.0,56,18200,买盘
215,09:56:30,3.25,0.0,2,650,买盘
216,09:56:40,3.25,0.0,51,16575,买盘
217,09:56:42,3.25,0.0,34,11050,买盘
218,09:56:45,3.25,0.0,84,27300,买盘
219,09:56:51,3.25,0.0,8,2600,卖盘
220,09:56:57,3.25,0.0,40,13000,卖盘
221,09:57:09,3.25,0.0,41,13325,卖盘
222,09:57:12,3.25,0.0,46,14950,卖盘
223,09:57:18,3.26,0.01,30,9780,买盘
224,09:57:27,3.25,-0.01,62,20150,卖盘
225,09:57:36,3.25,0.0,19,6175,卖盘
226,09:57:39,3.25,0.0,1,325,买盘
227,09:57:42,3.25,0.0,20,6500,买盘
228,09:57:48,3.25,0.0,5,1625,卖盘
229,09:57:52,3.25,0.0,9,2925,卖盘
230,09:57:57,3.25,0.0,20,6500,买盘
231,09:58:00,3.24,-0.01,26,8430,卖盘
232,09:58:12,3.25,0.01,185,60125,买盘
233,09:58:24,3.25,0.0,63,20475,卖盘
234,09:58:27,3.25,0.0,351,114075,卖盘
235,09:58:36,3.25,0.0,25,8125,买盘
236,09:58:42,3.25,0.0,31,10075,买盘
237,09:58:54,3.24,-0.01,22,7128,卖盘
238,09:58:57,3.24,0.0,718,232632,卖盘
239,09:59:00,3.24,0.0,247,80028,卖盘
240,09:59:04,3.24,0.0,400,129600,卖盘
241,09:59:06,3.24,0.0,3,972,卖盘
242,09:59:12,3.24,0.0,339,109836,卖盘
243,09:59:15,3.24,0.0,36,11664,卖盘
244,09:59:18,3.24,0.0,11,3564,卖盘
245,09:59:21,3.25,0.01,438,141917,买盘
246,09:59:25,3.24,-0.01,500,162000,卖盘
247,09:59:27,3.24,0.0,129,41796,卖盘
248,09:59:30,3.24,0.0,31,10044,卖盘
249,09:59:33,3.24,0.0,34,11016,卖盘
250,09:59:42,3.24,0.0,100,32400,卖盘
251,09:59:49,3.24,0.0,91,29484,卖盘
252,09:59:55,3.24,0.0,200,64800,卖盘
253,10:00:00,3.24,0.0,66,21384,卖盘
254,10:00:06,3.24,0.0,266,86184,卖盘
255,10:00:09,3.25,0.01,5,1625,买盘
256,10:00:15,3.24,-0.01,200,64800,卖盘
257,10:00:27,3.24,0.0,50,16200,卖盘
258,10:00:36,3.24,0.0,30,9720,卖盘
259,10:00:48,3.24,0.0,70,22680,卖盘
260,10:00:51,3.24,0.0,9,2916,卖盘
261,10:00:54,3.25,0.01,2,650,买盘
262,10:01:09,3.25,0.0,117,38025,买盘
263,10:01:18,3.24,-0.01,16,5184,卖盘
264,10:01:57,3.24,0.0,76,24624,卖盘
265,10:02:12,3.24,0.0,1,324,卖盘
266,10:02:18,3.24,0.0,30,9720,卖盘
267,10:02:21,3.25,0.01,18,5850,买盘
268,10:02:36,3.24,-0.01,50,16200,卖盘
269,10:02:42,3.25,0.01,5,1625,买盘
270,10:04:03,3.25,0.0,34,11050,买盘
271,10:04:27,3.24,-0.01,13,4212,卖盘
272,10:04:30,3.24,0.0,200,64800,卖盘
273,10:04:33,3.25,0.01,80,26000,买盘
274,10:04:57,3.25,0.0,20,6500,买盘
275,10:05:04,3.25,0.0,1,325,买盘
276,10:05:15,3.24,-0.01,148,47952,卖盘
277,10:05:22,3.25,0.01,67,21755,买盘
278,10:05:54,3.25,0.0,1,325,买盘
279,10:06:21,3.24,-0.01,100,32400,卖盘
280,10:06:30,3.25,0.01,10,3250,买盘
281,10:06:48,3.25,0.0,30,9750,买盘
282,10:06:51,3.25,0.0,13,4225,买盘
283,10:07:18,3.24,-0.01,305,98825,卖盘
284,10:07:24,3.24,0.0,10,3240,卖盘
285,10:07:30,3.25,0.01,7,2275,买盘
286,10:07:36,3.24,-0.01,21,6804,卖盘
287,10:07:54,3.25,0.01,500,162500,买盘
288,10:08:12,3.25,0.0,1,325,买盘
289,10:08:15,3.25,0.0,92,29900,买盘
290,10:08:24,3.25,0.0,20,6500,买盘
291,10:08:36,3.25,0.0,500,162500,买盘
292,10:09:12,3.25,0.0,10,3250,买盘
293,10:09:21,3.24,-0.01,107,34668,卖盘
294,10:09:24,3.25,0.01,12,3900,买盘
295,10:09:42,3.25,0.0,2,650,买盘
296,10:09:48,3.24,-0.01,92,29808,卖盘
297,10:10:09,3.24,0.0,257,83268,卖盘
298,10:10:21,3.24,0.0,236,76464,卖盘
299,10:10:24,3.24,0.0,270,87480,卖盘
300,10:10:31,3.24,0.0,40,12963,卖盘
301,10:10:39,3.24,0.0,740,239760,卖盘
302,10:10:42,3.24,0.0,4,1296,卖盘
303,10:10:45,3.24,0.0,74,23976,卖盘
304,10:10:48,3.24,0.0,247,80028,卖盘
305,10:10:57,3.24,0.0,10,3240,买盘
306,10:11:00,3.24,0.0,25,8100,买盘
307,10:11:04,3.24,0.0,10,3240,买盘
308,10:11:18,3.23,-0.01,719,232237,卖盘
309,10:11:21,3.23,0.0,127,41021,卖盘
310,10:11:24,3.23,0.0,1751,565573,卖盘
311,10:11:27,3.23,0.0,7,2261,卖盘
312,10:11:33,3.22,-0.01,5,1610,卖盘
313,10:11:36,3.23,0.01,7,2261,买盘
314,10:11:39,3.22,-0.01,70,22560,卖盘
315,10:11:42,3.22,0.0,49,15778,卖盘
316,10:11:45,3.22,0.0,200,64400,卖盘
317,10:11:48,3.22,0.0,1088,350336,卖盘
318,10:11:51,3.21,-0.01,300,96324,卖盘
319,10:11:57,3.21,0.0,90,28890,卖盘
320,10:12:00,3.22,0.01,10,3220,买盘
321,10:12:04,3.22,0.0,40,12880,买盘
322,10:12:09,3.21,-0.01,50,16050,卖盘
323,10:12:12,3.22,0.01,19,6118,买盘
324,10:12:16,3.22,0.0,13,4178,买盘
325,10:12:18,3.22,0.0,198,63698,买盘
326,10:12:27,3.22,0.0,26,8372,卖盘
327,10:12:31,3.22,0.0,27,8694,卖盘
328,10:12:36,3.22,0.0,38,12236,卖盘
329,10:12:48,3.22,0.0,30,9660,卖盘
330,10:12:51,3.22,0.0,101,32522,卖盘
331,10:12:57,3.22,0.0,191,61532,卖盘
332,10:13:06,3.23,0.01,48,15499,买盘
333,10:13:12,3.23,0.0,283,91334,买盘
334,10:13:16,3.22,-0.01,500,161000,卖盘
335,10:13:24,3.22,0.0,84,27052,卖盘
336,10:13:30,3.22,0.0,598,192556,卖盘
337,10:13:36,3.22,0.0,55,17710,买盘
338,10:13:42,3.22,0.0,42,13487,买盘
339,10:13:45,3.22,0.0,100,32200,买盘
340,10:13:48,3.22,0.0,5,1610,买盘
341,10:13:51,3.22,0.0,84,27048,买盘
342,10:13:54,3.22,0.0,30,9660,卖盘
343,10:14:09,3.22,0.0,97,31254,卖盘
344,10:14:12,3.22,0.0,31,9982,买盘
345,10:14:15,3.22,0.0,10,3220,买盘
346,10:14:21,3.23,0.01,1,323,买盘
347,10:14:25,3.23,0.0,20,6460,买盘
348,10:14:39,3.22,-0.01,90,29020,卖盘
349,10:15:04,3.23,0.01,46,14854,买盘
350,10:15:21,3.23,0.0,15,4845,买盘
351,10:15:24,3.23,0.0,40,12920,买盘
352,10:15:27,3.23,0.0,27,8721,买盘
353,10:15:30,3.22,-0.01,298,95956,卖盘
354,10:15:34,3.23,0.01,50,16150,买盘
355,10:15:45,3.23,0.0,3,969,买盘
356,10:16:12,3.23,0.0,7,2261,买盘
357,10:16:21,3.23,0.0,20,6460,买盘
358,10:16:27,3.23,0.0,10,3230,买盘
359,10:16:42,3.23,0.0,418,134798,买盘
360,10:16:45,3.23,0.0,21,6783,买盘
361,10:16:51,3.22,-0.01,36,11592,卖盘
362,10:17:09,3.23,0.01,7,2261,买盘
363,10:17:12,3.23,0.0,10,3230,买盘
364,10:17:15,3.23,0.0,50,16150,买盘
365,10:17:18,3.22,-0.01,20,6440,卖盘
366,10:17:25,3.22,0.0,1,322,卖盘
367,10:17:45,3.22,0.0,20,6440,卖盘
368,10:17:48,3.23,0.01,84,27132,买盘
369,10:17:54,3.23,0.0,64,20672,买盘
370,10:18:10,3.22,-0.01,77,24794,卖盘
371,10:18:36,3.23,0.01,27,8704,买盘
372,10:18:42,3.22,-0.01,203,65366,卖盘
373,10:18:57,3.22,0.0,120,38640,卖盘
374,10:19:00,3.23,0.01,3,969,买盘
375,10:19:12,3.23,0.0,20,6460,买盘
376,10:19:15,3.22,-0.01,180,57960,卖盘
377,10:19:18,3.23,0.01,30,9690,买盘
378,10:19:21,3.22,-0.01,250,80500,卖盘
379,10:19:39,3.22,0.0,38,12236,卖盘
380,10:19:54,3.22,0.0,7,2254,卖盘
381,10:20:18,3.22,0.0,30,9660,卖盘
382,10:20:21,3.23,0.01,10,3230,买盘
383,10:20:24,3.23,0.0,8,2584,买盘
384,10:20:30,3.22,-0.01,31,9982,卖盘
385,10:20:33,3.23,0.01,3,969,买盘
386,10:20:36,3.22,-0.01,100,32200,卖盘
387,10:20:51,3.22,0.0,200,64400,卖盘
388,10:21:04,3.22,0.0,50,16100,卖盘
389,10:21:09,3.22,0.0,15,4830,卖盘
390,10:21:12,3.22,0.0,50,16100,卖盘
391,10:21:15,3.23,0.01,2,646,买盘
392,10:21:33,3.23,0.0,10,3230,买盘
393,10:22:21,3.23,0.0,92,29716,买盘
394,10:22:24,3.22,-0.01,6,1932,卖盘
395,10:22:51,3.22,0.0,50,16100,卖盘
396,10:23:00,3.22,0.0,3,966,卖盘
397,10:23:06,3.22,0.0,50,16100,卖盘
398,10:23:24,3.22,0.0,4,1288,卖盘
399,10:23:27,3.23,0.01,15,4845,买盘
400,10:23:51,3.22,-0.01,10,3220,卖盘
401,10:24:12,3.22,0.0,61,19642,卖盘
402,10:24:22,3.22,0.0,10,3220,卖盘
403,10:24:24,3.23,0.01,50,16150,买盘
404,10:24:30,3.22,-0.01,35,11270,卖盘
405,10:24:33,3.23,0.01,25,8055,买盘
406,10:24:39,3.22,-0.01,45,14490,卖盘
407,10:24:42,3.23,0.01,30,9690,买盘
408,10:24:45,3.23,0.0,3,969,买盘
409,10:25:00,3.22,-0.01,43,13846,卖盘
410,10:25:09,3.22,0.0,369,118818,卖盘
411,10:25:15,3.23,0.01,166,53618,买盘
412,10:25:27,3.23,0.0,42,13553,买盘
413,10:25:30,3.23,0.0,50,16150,买盘
414,10:25:54,3.22,-0.01,66,21252,卖盘
415,10:26:27,3.23,0.01,11,3553,买盘
416,10:26:42,3.23,0.0,1014,327522,买盘
417,10:27:00,3.23,0.0,33,10659,卖盘
418,10:27:04,3.23,0.0,49,15827,卖盘
419,10:27:06,3.23,0.0,30,9690,卖盘
420,10:27:18,3.23,0.0,112,36176,卖盘
421,10:27:51,3.22,-0.01,14,4508,卖盘
422,10:28:30,3.23,0.01,222,71646,买盘
423,10:28:33,3.22,-0.01,428,138184,卖盘
424,10:28:37,3.23,0.01,52,16796,买盘
425,10:28:45,3.23,0.0,102,32946,买盘
426,10:28:48,3.23,0.0,5,1615,卖盘
427,10:28:57,3.23,0.0,44,14212,卖盘
428,10:29:00,3.23,0.0,7,2261,卖盘
429,10:29:09,3.23,0.0,18,5814,买盘
430,10:29:18,3.24,0.01,1,324,买盘
431,10:30:18,3.23,-0.01,81,26163,卖盘
432,10:30:39,3.23,0.0,59,19057,卖盘
433,10:30:42,3.23,0.0,20,6460,买盘
434,10:30:45,3.23,0.0,20,6460,买盘
435,10:30:57,3.23,0.0,100,32300,买盘
436,10:31:01,3.23,0.0,6,1938,买盘
437,10:31:04,3.23,0.0,64,20672,买盘
438,10:31:09,3.23,0.0,10,3230,卖盘
439,10:31:12,3.23,0.0,11,3553,卖盘
440,10:31:15,3.23,0.0,9,2907,卖盘
441,10:31:18,3.23,0.0,3,969,卖盘
442,10:31:21,3.23,0.0,100,32300,卖盘
443,10:31:24,3.24,0.01,37,11988,买盘
444,10:31:42,3.23,-0.01,40,12920,卖盘
445,10:32:07,3.22,-0.01,10,3220,卖盘
446,10:32:43,3.22,0.0,7,2254,卖盘
447,10:32:48,3.23,0.01,30,9690,买盘
448,10:34:09,3.22,-0.01,10,3220,卖盘
449,10:34:15,3.22,0.0,50,16100,卖盘
450,10:34:24,3.22,0.0,867,279174,卖盘
451,10:34:42,3.22,0.0,20,6440,卖盘
452,10:34:45,3.23,0.01,62,19986,买盘
453,10:34:51,3.23,0.0,2,646,买盘
454,10:34:54,3.22,-0.01,16,5152,卖盘
455,10:35:21,3.22,0.0,10,3220,卖盘
456,10:35:27,3.23,0.01,11,3553,买盘
457,10:36:06,3.23,0.0,47,15181,买盘
458,10:36:54,3.22,-0.01,51,16422,卖盘
459,10:37:21,3.22,0.0,11,3542,卖盘
460,10:37:31,3.22,0.0,50,16100,卖盘
461,10:38:00,3.22,0.0,320,103040,卖盘
462,10:38:06,3.22,0.0,500,161000,卖盘
463,10:38:24,3.22,0.0,47,15134,卖盘
464,10:38:39,3.22,0.0,11,3542,卖盘
465,10:38:42,3.22,0.0,28,9016,卖盘
466,10:38:51,3.23,0.01,217,70090,买盘
467,10:39:12,3.22,-0.01,33,10626,卖盘
468,10:39:18,3.22,0.0,2,644,卖盘
469,10:39:42,3.23,0.01,20,6460,买盘
470,10:40:24,3.23,0.0,400,129200,买盘
471,10:40:27,3.23,0.0,109,35207,买盘
472,10:40:39,3.23,0.0,4,1292,买盘
473,10:40:42,3.23,0.0,15,4845,买盘
474,10:41:09,3.24,0.01,15,4860,买盘
475,10:41:12,3.23,-0.01,25,8075,卖盘
476,10:42:21,3.23,0.0,119,38437,卖盘
477,10:42:27,3.23,0.0,20,6460,卖盘
478,10:42:42,3.24,0.01,6,1944,买盘
479,10:42:57,3.23,-0.01,300,96900,卖盘
480,10:43:33,3.23,0.0,6,1938,卖盘
481,10:44:09,3.23,0.0,2,646,卖盘
482,10:44:21,3.23,0.0,20,6460,卖盘
483,10:44:51,3.24,0.01,24,7753,买盘
484,10:44:57,3.23,-0.01,10,3230,卖盘
485,10:45:42,3.23,0.0,23,7429,卖盘
486,10:46:06,3.24,0.01,1,324,买盘
487,10:46:09,3.23,-0.01,150,48450,卖盘
488,10:46:24,3.24,0.01,10,3240,买盘
489,10:46:27,3.24,0.0,5,1620,买盘
490,10:46:45,3.24,0.0,6,1944,买盘
491,10:47:00,3.23,-0.01,103,33269,卖盘
492,10:47:04,3.23,0.0,20,6460,卖盘
493,10:47:09,3.23,0.0,60,19380,卖盘
494,10:47:15,3.23,0.0,8,2584,买盘
495,10:47:21,3.22,-0.01,400,128800,卖盘
496,10:47:27,3.23,0.01,28,9044,买盘
497,10:47:46,3.23,0.0,4,1292,买盘
498,10:48:00,3.23,0.0,7,2261,买盘
499,10:48:04,3.23,0.0,60,19380,买盘
500,10:48:06,3.23,0.0,119,38437,买盘
501,10:48:27,3.23,0.0,14,4522,卖盘
502,10:48:45,3.24,0.01,3,972,买盘
503,10:49:21,3.23,-0.01,1,323,卖盘
504,10:49:39,3.23,0.0,66,21318,卖盘
505,10:49:48,3.23,0.0,67,21641,卖盘
506,10:49:57,3.24,0.01,102,33044,买盘
507,10:50:06,3.24,0.0,300,97200,买盘
508,10:50:21,3.23,-0.01,4,1292,卖盘
509,10:51:04,3.23,0.0,39,12597,卖盘
510,10:51:09,3.23,0.0,1,323,卖盘
511,10:51:12,3.23,0.0,76,24548,卖盘
512,10:51:33,3.23,0.0,20,6460,卖盘
513,10:51:57,3.23,0.0,13,4199,卖盘
514,10:52:54,3.24,0.01,10,3240,买盘
515,10:53:00,3.23,-0.01,60,19380,卖盘
516,10:53:04,3.24,0.01,21,6804,买盘
517,10:53:18,3.24,0.0,20,6480,买盘
518,10:53:39,3.24,0.0,48,15552,买盘
519,10:53:42,3.24,0.0,3,972,买盘
520,10:53:45,3.24,0.0,68,22032,买盘
521,10:53:48,3.24,0.0,5,1620,买盘
522,10:53:57,3.23,-0.01,70,22610,卖盘
523,10:54:06,3.24,0.01,15,4860,买盘
524,10:54:09,3.23,-0.01,20,6460,卖盘
525,10:54:12,3.23,0.0,10,3230,卖盘
526,10:54:21,3.23,0.0,13,4199,卖盘
527,10:54:30,3.24,0.01,50,16200,买盘
528,10:54:42,3.24,0.0,20,6480,买盘
529,10:54:45,3.23,-0.01,39,12597,卖盘
530,10:54:57,3.23,0.0,60,19380,卖盘
531,10:55:18,3.24,0.01,280,90720,买盘
532,10:55:45,3.24,0.0,2,648,买盘
533,10:55:51,3.23,-0.01,3,969,卖盘
534,10:56:18,3.23,0.0,2,646,卖盘
535,10:56:21,3.24,0.01,50,16200,买盘
536,10:56:36,3.23,-0.01,110,35530,卖盘
537,10:56:45,3.23,0.0,5,1615,卖盘
538,10:57:00,3.23,0.0,28,9059,卖盘
539,10:57:18,3.24,0.01,800,259200,买盘
540,10:57:39,3.24,0.0,100,32400,买盘
541,10:58:00,3.23,-0.01,31,10013,卖盘
542,10:58:21,3.24,0.01,2,648,买盘
543,10:59:34,3.24,0.0,48,15552,买盘
544,10:59:39,3.23,-0.01,20,6460,卖盘
545,10:59:42,3.24,0.01,48,15552,买盘
546,11:00:51,3.24,0.0,10,3240,买盘
547,11:01:18,3.24,0.0,26,8404,买盘
548,11:02:03,3.23,-0.01,8,2584,卖盘
549,11:02:09,3.24,0.01,5,1620,买盘
550,11:02:18,3.23,-0.01,150,48450,卖盘
551,11:03:03,3.24,0.01,1,324,买盘
552,11:03:19,3.23,-0.01,10,3230,卖盘
553,11:03:30,3.23,0.0,40,12920,卖盘
554,11:03:39,3.23,0.0,6,1938,卖盘
555,11:04:18,3.23,0.0,4,1292,卖盘
556,11:04:24,3.23,0.0,73,23579,卖盘
557,11:04:57,3.24,0.01,56,18144,买盘
558,11:06:27,3.23,-0.01,57,18411,卖盘
559,11:07:15,3.23,0.0,100,32300,卖盘
560,11:07:18,3.24,0.01,792,256608,买盘
561,11:07:36,3.24,0.0,52,16848,卖盘
562,11:07:45,3.24,0.0,5,1620,卖盘
563,11:07:54,3.25,0.01,1,325,买盘
564,11:09:00,3.25,0.0,200,65000,买盘
565,11:09:48,3.24,-0.01,60,19440,卖盘
566,11:09:57,3.24,0.0,34,11016,卖盘
567,11:10:13,3.24,0.0,161,52164,卖盘
568,11:10:15,3.24,0.0,15,4860,卖盘
569,11:10:21,3.24,0.0,61,19764,卖盘
570,11:10:36,3.24,0.0,37,11988,买盘
571,11:11:24,3.24,0.0,21,6804,买盘
572,11:12:16,3.24,0.0,13,4212,买盘
573,11:12:22,3.24,0.0,27,8748,卖盘
574,11:12:39,3.24,0.0,50,16200,买盘
575,11:13:06,3.24,0.0,10,3240,买盘
576,11:13:30,3.24,0.0,46,14904,买盘
577,11:13:33,3.24,0.0,30,9720,买盘
578,11:13:39,3.24,0.0,69,22356,买盘
579,11:13:57,3.23,-0.01,1699,548777,卖盘
580,11:14:27,3.23,0.0,13,4199,买盘
581,11:15:03,3.23,0.0,18,5798,买盘
582,11:15:15,3.23,0.0,24,7752,买盘
583,11:15:25,3.22,-0.01,12,3864,卖盘
584,11:15:36,3.22,0.0,453,145866,卖盘
585,11:16:09,3.22,0.0,20,6440,卖盘
586,11:16:33,3.23,0.01,20,6460,买盘
587,11:16:54,3.23,0.0,107,34561,买盘
588,11:17:01,3.22,-0.01,41,13202,卖盘
589,11:17:06,3.22,0.0,6,1932,卖盘
590,11:17:34,3.23,0.01,131,42313,买盘
591,11:17:36,3.22,-0.01,15,4830,卖盘
592,11:17:39,3.22,0.0,2,644,卖盘
593,11:17:51,3.23,0.01,50,16150,买盘
594,11:18:18,3.23,0.0,100,32300,买盘
595,11:18:37,3.23,0.0,12,3876,买盘
596,11:19:27,3.23,0.0,50,16150,买盘
597,11:19:30,3.22,-0.01,10,3220,卖盘
598,11:20:15,3.22,0.0,1,322,卖盘
599,11:20:21,3.23,0.01,6,1938,买盘
600,11:20:24,3.22,-0.01,390,125580,卖盘
601,11:20:30,3.23,0.01,13,4199,买盘
602,11:20:42,3.22,-0.01,17,5474,卖盘
603,11:21:03,3.23,0.01,10,3230,买盘
604,11:21:37,3.22,-0.01,2,644,卖盘
605,11:21:54,3.23,0.01,30,9690,买盘
606,11:22:00,3.23,0.0,32,10336,买盘
607,11:22:18,3.22,-0.01,3,966,卖盘
608,11:22:42,3.23,0.01,26,8374,买盘
609,11:23:06,3.22,-0.01,200,64400,卖盘
610,11:23:33,3.23,0.01,1,323,买盘
611,11:23:48,3.23,0.0,39,12597,买盘
612,11:24:21,3.23,0.0,70,22610,买盘
613,11:24:36,3.22,-0.01,205,66010,卖盘
614,11:24:42,3.23,0.01,30,9690,买盘
615,11:24:45,3.22,-0.01,164,52808,卖盘
616,11:24:51,3.22,0.0,132,42504,卖盘
617,11:24:54,3.22,0.0,105,33810,卖盘
618,11:24:57,3.22,0.0,105,33810,卖盘
619,11:25:06,3.22,0.0,97,31234,卖盘
620,11:25:21,3.23,0.01,4,1292,买盘
621,11:25:27,3.22,-0.01,79,25438,卖盘
622,11:25:33,3.22,0.0,79,25438,卖盘
623,11:25:36,3.22,0.0,53,17066,卖盘
624,11:25:48,3.22,0.0,35,11270,卖盘
625,11:25:51,3.23,0.01,77,24799,买盘
626,11:26:15,3.22,-0.01,18,5796,卖盘
627,11:26:21,3.22,0.0,3,966,卖盘
628,11:27:30,3.23,0.01,79,25517,买盘
629,11:27:39,3.23,0.0,10,3230,买盘
630,11:27:51,3.23,0.0,16,5168,买盘
631,11:27:54,3.23,0.0,210,67830,买盘
632,11:28:45,3.23,0.0,50,16150,买盘
633,11:29:33,3.23,0.0,187,60401,买盘
634,13:00:04,3.23,0.0,162,52321,中性盘
635,13:00:06,3.24,0.01,72,23460,买盘
636,13:01:09,3.24,0.0,15,4860,买盘
637,13:02:27,3.24,0.0,2,648,买盘
638,13:03:00,3.24,0.0,40,12960,买盘
639,13:03:27,3.24,0.0,1,324,买盘
640,13:03:57,3.23,-0.01,100,32300,卖盘
641,13:04:42,3.24,0.01,5,1620,买盘
642,13:04:45,3.23,-0.01,30,9690,卖盘
643,13:06:39,3.23,0.0,110,35530,卖盘
644,13:06:48,3.23,0.0,40,12920,卖盘
645,13:07:12,3.23,0.0,26,8398,卖盘
646,13:08:36,3.23,0.0,30,9690,卖盘
647,13:08:45,3.23,0.0,200,64600,卖盘
648,13:09:06,3.23,0.0,200,64600,卖盘
649,13:09:33,3.23,0.0,300,96900,卖盘
650,13:10:12,3.23,0.0,10,3230,卖盘
651,13:10:15,3.24,0.01,1,324,买盘
652,13:11:04,3.23,-0.01,120,38760,卖盘
653,13:11:28,3.23,0.0,70,22610,卖盘
654,13:13:15,3.23,0.0,10,3230,卖盘
655,13:13:24,3.23,0.0,30,9690,卖盘
656,13:13:48,3.23,0.0,30,9690,卖盘
657,13:13:51,3.23,0.0,2,646,卖盘
658,13:13:57,3.23,0.0,149,47966,卖盘
659,13:14:21,3.22,-0.01,3,966,卖盘
660,13:14:51,3.22,0.0,4,1288,卖盘
661,13:15:48,3.22,0.0,97,31234,卖盘
662,13:15:51,3.23,0.01,19,6137,买盘
663,13:16:15,3.22,-0.01,45,14490,卖盘
664,13:16:40,3.23,0.01,6,2100,买盘
665,13:16:57,3.23,0.0,17,5330,卖盘
666,13:17:03,3.23,0.0,1,323,买盘
667,13:17:06,3.23,0.0,30,9680,买盘
668,13:17:21,3.23,0.0,10,3230,买盘
669,13:17:42,3.23,0.0,20,6460,买盘
670,13:18:18,3.23,0.0,1,323,买盘
671,13:18:31,3.23,0.0,179,57817,买盘
672,13:19:01,3.23,0.0,20,6460,买盘
673,13:19:30,3.22,-0.01,50,16100,卖盘
674,13:19:51,3.23,0.01,10,3230,买盘
675,13:20:12,3.23,0.0,25,8075,买盘
676,13:20:27,3.22,-0.01,45,14490,卖盘
677,13:20:52,3.23,0.01,36,11628,买盘
678,13:21:12,3.23,0.0,10,3230,买盘
679,13:21:24,3.22,-0.01,9,2898,卖盘
680,13:21:39,3.22,0.0,26,8372,卖盘
681,13:21:42,3.23,0.01,20,6460,买盘
682,13:21:54,3.23,0.0,41,13243,买盘
683,13:22:00,3.22,-0.01,15,4830,卖盘
684,13:22:21,3.22,0.0,10,3220,卖盘
685,13:22:30,3.23,0.01,10,3230,买盘
686,13:22:39,3.23,0.0,245,79135,买盘
687,13:22:45,3.23,0.0,5,1615,买盘
688,13:23:12,3.23,0.0,8,2584,买盘
689,13:23:27,3.23,0.0,32,10336,买盘
690,13:23:33,3.23,0.0,31,10013,买盘
691,13:23:45,3.23,0.0,7,2261,买盘
692,13:24:00,3.23,0.0,18,5798,买盘
693,13:24:06,3.22,-0.01,23,7406,卖盘
694,13:24:24,3.23,0.01,36,11628,买盘
695,13:24:33,3.22,-0.01,9,2898,卖盘
696,13:24:54,3.22,0.0,300,96600,卖盘
697,13:25:00,3.22,0.0,50,16100,卖盘
698,13:25:04,3.23,0.01,3,969,买盘
699,13:25:15,3.22,-0.01,197,63434,卖盘
700,13:25:18,3.23,0.01,9,2907,买盘
701,13:25:39,3.23,0.0,41,13243,买盘
702,13:25:42,3.22,-0.01,100,32200,卖盘
703,13:26:06,3.23,0.01,100,32300,买盘
704,13:26:12,3.23,0.0,11,3553,买盘
705,13:26:36,3.23,0.0,10,3230,买盘
706,13:27:25,3.22,-0.01,1066,343252,卖盘
707,13:27:36,3.23,0.01,2,646,买盘
708,13:27:51,3.23,0.0,5,1615,买盘
709,13:27:57,3.22,-0.01,74,23828,卖盘
710,13:28:09,3.23,0.01,47,15181,买盘
711,13:28:13,3.22,-0.01,62,19964,卖盘
712,13:28:33,3.22,0.0,22,7084,卖盘
713,13:29:00,3.22,0.0,463,149086,卖盘
714,13:29:18,3.22,0.0,25,8050,卖盘
715,13:29:24,3.22,0.0,30,9660,卖盘
716,13:29:33,3.23,0.01,1,323,买盘
717,13:30:15,3.22,-0.01,45,14490,卖盘
718,13:30:36,3.22,0.0,7,2254,卖盘
719,13:30:39,3.23,0.01,19,6137,买盘
720,13:30:57,3.22,-0.01,15,4830,卖盘
721,13:31:30,3.22,0.0,390,125580,卖盘
722,13:31:33,3.22,0.0,3,966,卖盘
723,13:31:36,3.22,0.0,160,51520,卖盘
724,13:31:57,3.23,0.01,50,16150,买盘
725,13:32:01,3.23,0.0,2,646,买盘
726,13:32:09,3.23,0.0,345,111435,买盘
727,13:32:30,3.23,0.0,10,3230,买盘
728,13:32:36,3.23,0.0,345,111435,买盘
729,13:32:45,3.22,-0.01,1080,347760,卖盘
730,13:32:48,3.22,0.0,2,644,买盘
731,13:33:06,3.21,-0.01,209,67089,卖盘
732,13:33:12,3.21,0.0,120,38520,卖盘
733,13:33:18,3.21,0.0,198,63558,卖盘
734,13:34:09,3.21,0.0,10,3210,卖盘
735,13:34:12,3.21,0.0,25,8025,卖盘
736,13:34:24,3.22,0.01,12,3864,买盘
737,13:34:27,3.21,-0.01,13,4173,卖盘
738,13:34:30,3.21,0.0,11,3531,卖盘
739,13:34:42,3.21,0.0,458,147018,卖盘
740,13:34:45,3.21,0.0,208,66768,卖盘
741,13:34:54,3.21,0.0,294,94374,卖盘
742,13:34:57,3.21,0.0,50,16050,卖盘
743,13:35:00,3.21,0.0,1,321,卖盘
744,13:35:04,3.21,0.0,21,6741,卖盘
745,13:35:09,3.21,0.0,1,321,卖盘
746,13:35:12,3.21,0.0,5,1605,卖盘
747,13:35:15,3.21,0.0,4,1284,卖盘
748,13:35:21,3.22,0.01,2,644,买盘
749,13:35:27,3.21,-0.01,120,38520,卖盘
750,13:35:37,3.21,0.0,150,48150,卖盘
751,13:35:39,3.21,0.0,73,23433,卖盘
752,13:35:42,3.21,0.0,40,12840,卖盘
753,13:35:45,3.21,0.0,27,8667,卖盘
754,13:35:48,3.21,0.0,74,23754,卖盘
755,13:35:51,3.21,0.0,42,13482,卖盘
756,13:35:54,3.21,0.0,41,13161,卖盘
757,13:35:57,3.21,0.0,42,13482,卖盘
758,13:36:00,3.21,0.0,59,18939,卖盘
759,13:36:03,3.21,0.0,56,17976,卖盘
760,13:36:06,3.21,0.0,104,33384,卖盘
761,13:36:09,3.21,0.0,50,16050,卖盘
762,13:36:12,3.21,0.0,53,17013,卖盘
763,13:36:15,3.21,0.0,251,80571,卖盘
764,13:36:18,3.21,0.0,73,23433,卖盘
765,13:36:21,3.21,0.0,178,57188,卖盘
766,13:36:24,3.21,0.0,64,20544,卖盘
767,13:36:27,3.21,0.0,51,16371,卖盘
768,13:36:30,3.21,0.0,45,14445,卖盘
769,13:36:33,3.21,0.0,88,28249,卖盘
770,13:36:36,3.21,0.0,35,11235,卖盘
771,13:36:39,3.21,0.0,63,20223,卖盘
772,13:36:42,3.21,0.0,38,12198,卖盘
773,13:36:45,3.21,0.0,65,20865,卖盘
774,13:36:48,3.21,0.0,42,13482,卖盘
775,13:36:51,3.21,0.0,2,642,卖盘
776,13:36:55,3.21,0.0,56,17976,卖盘
777,13:36:57,3.21,0.0,27,8667,卖盘
778,13:37:00,3.21,0.0,7,2408,卖盘
779,13:37:04,3.21,0.0,17,5457,卖盘
780,13:37:06,3.21,0.0,23,7383,卖盘
781,13:37:09,3.21,0.0,452,144932,卖盘
782,13:37:12,3.21,0.0,20,6420,买盘
783,13:37:21,3.21,0.0,40,12840,买盘
784,13:37:24,3.21,0.0,19,6260,买盘
785,13:37:27,3.21,0.0,1,321,卖盘
786,13:37:30,3.21,0.0,4,1284,卖盘
787,13:37:34,3.21,0.0,3,963,卖盘
788,13:37:39,3.21,0.0,8,2568,卖盘
789,13:37:43,3.21,0.0,6,1926,卖盘
790,13:37:45,3.21,0.0,10,3210,卖盘
791,13:37:48,3.21,0.0,8,2568,卖盘
792,13:37:51,3.21,0.0,6,1926,卖盘
793,13:38:00,3.21,0.0,20,6420,卖盘
794,13:38:03,3.21,0.0,1,321,卖盘
795,13:38:13,3.21,0.0,11,3531,卖盘
796,13:38:15,3.21,0.0,12,3852,卖盘
797,13:38:18,3.21,0.0,17,5457,卖盘
798,13:38:21,3.21,0.0,18,5778,卖盘
799,13:38:24,3.21,0.0,1,321,卖盘
800,13:38:57,3.21,0.0,49,15729,卖盘
801,13:39:00,3.21,0.0,10,3210,卖盘
802,13:39:04,3.21,0.0,10,3210,卖盘
803,13:39:06,3.21,0.0,4,1284,卖盘
804,13:39:09,3.22,0.01,20,6440,买盘
805,13:39:15,3.22,0.0,392,126224,买盘
806,13:39:42,3.22,0.0,1,322,买盘
807,13:39:45,3.22,0.0,129,41538,买盘
808,13:40:21,3.22,0.0,16,5152,买盘
809,13:40:39,3.21,-0.01,20,6420,卖盘
810,13:41:30,3.21,0.0,100,32100,卖盘
811,13:42:01,3.22,0.01,100,32200,买盘
812,13:42:06,3.22,0.0,10,3220,买盘
813,13:42:09,3.22,0.0,137,44114,买盘
814,13:42:15,3.22,0.0,10,3220,卖盘
815,13:42:24,3.22,0.0,10,3220,卖盘
816,13:42:42,3.22,0.0,18,5796,卖盘
817,13:42:54,3.22,0.0,173,55706,卖盘
818,13:42:57,3.22,0.0,3,966,买盘
819,13:43:04,3.22,0.0,10,3220,买盘
820,13:43:06,3.22,0.0,50,16100,买盘
821,13:43:18,3.22,0.0,71,22862,买盘
822,13:43:27,3.22,0.0,87,28014,买盘
823,13:43:54,3.22,0.0,43,13846,卖盘
824,13:44:45,3.22,0.0,70,22540,卖盘
825,13:45:15,3.22,0.0,2,644,卖盘
826,13:45:54,3.22,0.0,1,322,卖盘
827,13:46:09,3.22,0.0,10,3220,卖盘
828,13:46:15,3.22,0.0,61,19642,卖盘
829,13:46:18,3.23,0.01,7,2261,买盘
830,13:46:54,3.23,0.0,11,3553,买盘
831,13:48:12,3.23,0.0,40,12920,买盘
832,13:48:24,3.22,-0.01,1,322,卖盘
833,13:48:45,3.22,0.0,8,2576,卖盘
834,13:48:54,3.23,0.01,10,3230,买盘
835,13:49:04,3.23,0.0,142,45866,买盘
836,13:49:09,3.23,0.0,15,4845,买盘
837,13:49:15,3.22,-0.01,12,3864,卖盘
838,13:49:30,3.23,0.01,20,6460,买盘
839,13:49:39,3.23,0.0,174,56202,买盘
840,13:49:51,3.23,0.0,50,16150,买盘
841,13:50:06,3.23,0.0,144,46502,买盘
842,13:50:12,3.23,0.0,61,19703,买盘
843,13:50:15,3.23,0.0,111,35853,买盘
844,13:50:21,3.23,0.0,31,10007,买盘
845,13:50:24,3.23,0.0,1,323,买盘
846,13:50:39,3.23,0.0,143,46189,买盘
847,13:51:04,3.23,0.0,56,18088,卖盘
848,13:51:06,3.23,0.0,43,13892,卖盘
849,13:51:27,3.23,0.0,6,1938,买盘
850,13:52:03,3.23,0.0,10,3230,卖盘
851,13:52:12,3.23,0.0,2,646,卖盘
852,13:52:31,3.23,0.0,2,646,卖盘
853,13:52:33,3.23,0.0,6,1938,卖盘
854,13:52:57,3.23,0.0,21,6783,卖盘
855,13:53:04,3.23,0.0,5,1615,卖盘
856,13:53:25,3.23,0.0,3,969,买盘
857,13:53:45,3.23,0.0,201,64923,买盘
858,13:53:48,3.22,-0.01,6,1932,卖盘
859,13:54:31,3.23,0.01,87,28101,买盘
860,13:54:33,3.23,0.0,6,1938,卖盘
861,13:55:06,3.23,0.0,6,1938,卖盘
862,13:55:24,3.23,0.0,13,4199,卖盘
863,13:55:58,3.23,0.0,30,9690,买盘
864,13:56:06,3.22,-0.01,30,9660,卖盘
865,13:56:42,3.22,0.0,6,1932,卖盘
866,13:56:57,3.22,0.0,5,1610,卖盘
867,13:57:09,3.22,0.0,29,9338,卖盘
868,13:57:24,3.23,0.01,10,3230,买盘
869,13:57:33,3.22,-0.01,6,1932,卖盘
870,13:57:42,3.23,0.01,92,29716,买盘
871,13:58:09,3.22,-0.01,40,12880,卖盘
872,13:58:42,3.22,0.0,6,1932,卖盘
873,13:58:57,3.24,0.02,500,161722,买盘
874,13:59:09,3.24,0.0,56,18144,买盘
875,13:59:36,3.23,-0.01,5,1615,买盘
876,13:59:39,3.23,0.0,2,646,买盘
877,13:59:57,3.23,0.0,15,4845,卖盘
878,14:00:39,3.23,0.0,2,646,卖盘
879,14:00:45,3.23,0.0,5,1615,卖盘
880,14:00:51,3.23,0.0,70,22610,卖盘
881,14:00:54,3.24,0.01,84,27216,买盘
882,14:01:06,3.24,0.0,100,32400,买盘
883,14:01:27,3.23,-0.01,6,1938,卖盘
884,14:01:39,3.23,0.0,11,3553,卖盘
885,14:01:42,3.24,0.01,105,34020,买盘
886,14:02:15,3.24,0.0,84,27216,买盘
887,14:02:30,3.23,-0.01,200,64600,卖盘
888,14:02:36,3.23,0.0,6,1938,卖盘
889,14:03:18,3.23,0.0,1,323,卖盘
890,14:03:30,3.23,0.0,6,1938,卖盘
891,14:03:42,3.24,0.01,11,3564,买盘
892,14:03:46,3.23,-0.01,21,6783,卖盘
893,14:04:00,3.24,0.01,83,26892,买盘
894,14:04:39,3.23,-0.01,6,1938,卖盘
895,14:05:21,3.23,0.0,6,1938,卖盘
896,14:05:27,3.23,0.0,15,4845,卖盘
897,14:06:18,3.23,0.0,6,1938,卖盘
898,14:06:45,3.24,0.01,1,324,买盘
899,14:06:54,3.24,0.0,6,1944,买盘
900,14:07:06,3.24,0.0,10,3240,买盘
901,14:07:15,3.24,0.0,10,3240,买盘
902,14:07:18,3.23,-0.01,5,1615,卖盘
903,14:07:33,3.23,0.0,6,1938,卖盘
904,14:07:39,3.24,0.01,28,9072,买盘
905,14:07:42,3.23,-0.01,10,3230,卖盘
906,14:08:00,3.23,0.0,44,14212,卖盘
907,14:08:06,3.24,0.01,444,143856,买盘
908,14:08:09,3.24,0.0,77,24782,买盘
909,14:08:22,3.24,0.0,6,1944,卖盘
910,14:08:45,3.24,0.0,1,324,卖盘
911,14:09:34,3.24,0.0,7,2269,卖盘
912,14:10:00,3.25,0.01,46,14950,买盘
913,14:10:25,3.24,-0.01,6,1944,卖盘
914,14:10:51,3.25,0.01,26,8450,买盘
915,14:11:36,3.24,-0.01,6,1944,卖盘
916,14:12:33,3.24,0.0,100,32400,卖盘
917,14:12:42,3.24,0.0,6,1944,卖盘
918,14:13:27,3.24,0.0,6,1944,卖盘
919,14:13:33,3.24,0.0,1,324,卖盘
920,14:13:57,3.24,0.0,100,32400,卖盘
921,14:14:15,3.24,0.0,6,1944,卖盘
922,14:14:33,3.25,0.01,20,6500,买盘
923,14:15:18,3.24,-0.01,6,1944,卖盘
924,14:16:21,3.24,0.0,63,20412,卖盘
925,14:16:24,3.25,0.01,21,6825,买盘
926,14:16:27,3.25,0.0,300,97500,买盘
927,14:16:39,3.25,0.0,291,94575,买盘
928,14:16:45,3.24,-0.01,6,1944,卖盘
929,14:17:00,3.25,0.01,300,97500,买盘
930,14:17:46,3.25,0.0,105,34119,买盘
931,14:17:48,3.25,0.0,5,1625,买盘
932,14:18:33,3.24,-0.01,300,97200,卖盘
933,14:18:45,3.24,0.0,6,1944,卖盘
934,14:19:27,3.24,0.0,6,1944,卖盘
935,14:19:39,3.24,0.0,50,16200,卖盘
936,14:20:15,3.24,0.0,15,4860,卖盘
937,14:20:33,3.24,0.0,6,1944,卖盘
938,14:20:42,3.24,0.0,4,1296,卖盘
939,14:21:42,3.24,0.0,5,1620,卖盘
940,14:21:48,3.24,0.0,30,9720,卖盘
941,14:22:15,3.24,0.0,6,1944,卖盘
942,14:22:42,3.24,0.0,6,1944,卖盘
943,14:22:51,3.24,0.0,10,3240,卖盘
944,14:23:04,3.24,0.0,10,3240,卖盘
945,14:23:18,3.24,0.0,9,2916,卖盘
946,14:23:39,3.24,0.0,44,14256,卖盘
947,14:23:48,3.25,0.01,30,9750,买盘
948,14:24:04,3.25,0.0,50,16250,买盘
949,14:24:06,3.24,-0.01,6,1944,卖盘
950,14:24:27,3.24,0.0,13,4212,卖盘
951,14:24:39,3.24,0.0,200,64800,卖盘
952,14:24:45,3.24,0.0,100,32400,卖盘
953,14:25:33,3.24,0.0,12,3888,卖盘
954,14:25:36,3.25,0.01,232,75170,买盘
955,14:25:48,3.25,0.0,95,30875,买盘
956,14:26:21,3.25,0.0,7,2275,买盘
957,14:26:39,3.25,0.0,53,17225,买盘
958,14:26:42,3.24,-0.01,12,3888,卖盘
959,14:27:18,3.24,0.0,17,5508,卖盘
960,14:27:36,3.25,0.01,10,3250,买盘
961,14:28:33,3.24,-0.01,5,1620,卖盘
962,14:28:36,3.24,0.0,18,5832,卖盘
963,14:29:30,3.25,0.01,20,6500,买盘
964,14:29:33,3.25,0.0,58,18850,买盘
965,14:29:48,3.24,-0.01,17,5508,卖盘
966,14:29:57,3.25,0.01,1,325,买盘
967,14:30:09,3.22,-0.03,5176,1672279,卖盘
968,14:30:13,3.22,0.0,81,26082,买盘
969,14:30:16,3.22,0.0,49,15778,买盘
970,14:30:18,3.22,0.0,83,26726,买盘
971,14:30:21,3.22,0.0,32,10304,买盘
972,14:30:24,3.22,0.0,124,39928,买盘
973,14:30:27,3.22,0.0,30,9660,买盘
974,14:30:30,3.22,0.0,217,69874,买盘
975,14:30:33,3.22,0.0,83,26726,买盘
976,14:30:36,3.22,0.0,125,40250,买盘
977,14:30:39,3.23,0.01,4,1292,买盘
978,14:30:42,3.22,-0.01,13,4192,卖盘
979,14:30:45,3.23,0.01,4,1292,买盘
980,14:30:49,3.23,0.0,8,2584,买盘
981,14:30:51,3.23,0.0,5,1615,买盘
982,14:30:54,3.23,0.0,4,1292,买盘
983,14:30:57,3.23,0.0,5,1615,买盘
984,14:31:00,3.23,0.0,6,1938,买盘
985,14:31:03,3.23,0.0,4,1292,买盘
986,14:31:06,3.23,0.0,20,6460,买盘
987,14:31:12,3.23,0.0,2,646,买盘
988,14:31:15,3.23,0.0,2,646,买盘
989,14:31:24,3.23,0.0,1,323,买盘
990,14:31:36,3.23,0.0,29,9367,买盘
991,14:31:39,3.24,0.01,50,16200,买盘
992,14:31:57,3.24,0.0,14,4536,买盘
993,14:32:21,3.23,-0.01,1,323,卖盘
994,14:33:00,3.23,0.0,9,2907,卖盘
995,14:33:06,3.23,0.0,217,70091,卖盘
996,14:33:21,3.23,0.0,30,9690,卖盘
997,14:33:24,3.23,0.0,74,23902,卖盘
998,14:33:27,3.23,0.0,4,1292,卖盘
999,14:33:30,3.23,0.0,166,53618,卖盘
1000,14:33:33,3.23,0.0,57,18411,卖盘
1001,14:33:36,3.23,0.0,90,29070,卖盘
1002,14:34:06,3.23,0.0,15,4845,买盘
1003,14:34:15,3.23,0.0,73,23579,买盘
1004,14:35:00,3.23,0.0,20,6460,买盘
1005,14:35:09,3.23,0.0,127,41021,买盘
1006,14:35:21,3.23,0.0,74,23902,卖盘
1007,14:35:39,3.22,-0.01,3,966,卖盘
1008,14:36:09,3.22,0.0,95,30590,卖盘
1009,14:36:12,3.22,0.0,15,4830,卖盘
1010,14:36:27,3.22,0.0,10,3220,卖盘
1011,14:36:39,3.23,0.01,20,6460,买盘
1012,14:37:09,3.23,0.0,82,26458,买盘
1013,14:37:27,3.22,-0.01,813,261786,卖盘
1014,14:37:45,3.22,0.0,12,3864,卖盘
1015,14:37:48,3.22,0.0,20,6440,卖盘
1016,14:38:03,3.23,0.01,13,4199,买盘
1017,14:38:24,3.22,-0.01,8,2576,卖盘
1018,14:38:36,3.22,0.0,5,1610,卖盘
1019,14:38:42,3.22,0.0,22,7084,卖盘
1020,14:39:00,3.22,0.0,27,8694,卖盘
1021,14:39:06,3.23,0.01,2,646,买盘
1022,14:39:15,3.22,-0.01,20,6440,卖盘
1023,14:39:36,3.22,0.0,105,33810,卖盘
1024,14:39:45,3.23,0.01,11,3553,买盘
1025,14:39:48,3.23,0.0,2,646,买盘
1026,14:39:51,3.23,0.0,20,6460,买盘
1027,14:40:00,3.23,0.0,13,4199,买盘
1028,14:40:18,3.22,-0.01,679,218638,卖盘
1029,14:40:54,3.22,0.01,41,13202,买盘
1030,14:40:57,3.21,-0.01,2,642,卖盘
1031,14:41:04,3.21,0.0,20,6420,卖盘
1032,14:41:06,3.22,0.01,1,322,买盘
1033,14:41:21,3.21,-0.01,13,4173,卖盘
1034,14:41:24,3.22,0.01,187,60214,买盘
1035,14:41:27,3.22,0.0,15,4830,买盘
1036,14:41:42,3.22,0.0,20,6440,买盘
1037,14:41:48,3.22,0.0,185,59570,买盘
1038,14:41:54,3.22,0.0,113,36386,卖盘
1039,14:42:00,3.22,0.0,1,322,卖盘
1040,14:42:15,3.22,0.0,30,9660,卖盘
1041,14:42:30,3.23,0.01,2,646,买盘
1042,14:42:39,3.22,-0.01,301,96922,卖盘
1043,14:43:09,3.21,-0.01,308,99012,卖盘
1044,14:43:12,3.22,0.01,30,9660,买盘
1045,14:43:30,3.22,0.0,6,1928,买盘
1046,14:43:45,3.22,0.0,63,20286,买盘
1047,14:43:57,3.21,-0.01,358,114918,卖盘
1048,14:44:09,3.21,0.0,85,27285,卖盘
1049,14:44:15,3.22,0.01,30,9660,买盘
1050,14:44:18,3.21,-0.01,72,23112,卖盘
1051,14:44:24,3.22,0.01,120,38640,买盘
1052,14:44:42,3.22,0.0,4,1288,买盘
1053,14:44:45,3.22,0.0,3,966,买盘
1054,14:44:48,3.22,0.0,10,3220,买盘
1055,14:45:04,3.22,0.0,32,10304,买盘
1056,14:45:21,3.22,0.0,100,32200,买盘
1057,14:45:24,3.22,0.0,3,966,买盘
1058,14:45:42,3.22,0.0,10,3220,买盘
1059,14:45:51,3.22,0.0,11,3542,买盘
1060,14:45:57,3.22,0.0,306,98426,买盘
1061,14:46:00,3.21,-0.01,10,3210,卖盘
1062,14:46:06,3.21,0.0,20,6420,卖盘
1063,14:46:09,3.22,0.01,60,19320,买盘
1064,14:46:48,3.21,-0.01,3,963,卖盘
1065,14:46:51,3.21,0.0,10,3210,卖盘
1066,14:47:00,3.21,0.0,293,94053,卖盘
1067,14:47:06,3.21,0.0,65,20865,卖盘
1068,14:47:09,3.21,0.0,4,1284,卖盘
1069,14:47:12,3.22,0.01,21,6762,买盘
1070,14:47:21,3.21,-0.01,180,57780,卖盘
1071,14:47:27,3.21,0.0,13,4173,卖盘
1072,14:47:36,3.21,0.0,200,64200,卖盘
1073,14:47:39,3.21,0.0,6,1926,卖盘
1074,14:47:54,3.21,0.0,37,11877,卖盘
1075,14:47:57,3.21,0.0,50,16050,卖盘
1076,14:48:00,3.22,0.01,31,9969,买盘
1077,14:48:18,3.22,0.0,5,1610,买盘
1078,14:48:30,3.21,-0.01,3,963,卖盘
1079,14:48:36,3.21,0.0,100,32100,卖盘
1080,14:48:40,3.21,0.0,30,9630,卖盘
1081,14:48:42,3.21,0.0,50,16050,卖盘
1082,14:49:12,3.21,0.0,18,5778,卖盘
1083,14:49:18,3.21,0.0,160,51360,卖盘
1084,14:49:21,3.21,0.0,3,963,卖盘
1085,14:49:30,3.21,0.0,40,12840,卖盘
1086,14:49:39,3.22,0.01,1,322,买盘
1087,14:49:42,3.21,-0.01,1,321,卖盘
1088,14:49:45,3.21,0.0,20,6420,卖盘
1089,14:49:48,3.22,0.01,2,644,买盘
1090,14:49:54,3.21,-0.01,330,105930,卖盘
1091,14:50:00,3.21,0.0,130,41730,卖盘
1092,14:50:03,3.21,0.0,2,642,卖盘
1093,14:50:12,3.21,0.0,86,27606,卖盘
1094,14:50:30,3.21,0.0,200,64200,卖盘
1095,14:50:33,3.21,0.0,22,7062,卖盘
1096,14:50:36,3.21,0.0,500,160500,卖盘
1097,14:50:39,3.21,0.0,28,8988,卖盘
1098,14:50:42,3.21,0.0,53,17013,卖盘
1099,14:50:46,3.21,0.0,37,11877,卖盘
1100,14:50:48,3.21,0.0,31,9951,卖盘
1101,14:50:51,3.21,0.0,102,32742,卖盘
1102,14:50:54,3.21,0.0,269,86349,卖盘
1103,14:50:57,3.21,0.0,449,144129,卖盘
1104,14:51:00,3.21,0.0,17,5457,卖盘
1105,14:51:03,3.21,0.0,220,70620,卖盘
1106,14:51:06,3.21,0.0,35,11177,卖盘
1107,14:51:15,3.2,-0.01,5,1600,卖盘
1108,14:51:22,3.21,0.01,5,1605,买盘
1109,14:51:39,3.2,-0.01,12,3840,卖盘
1110,14:51:42,3.21,0.01,1257,403497,买盘
1111,14:51:48,3.21,0.0,30,9630,买盘
1112,14:51:51,3.21,0.0,100,32100,买盘
1113,14:51:57,3.21,0.0,300,96300,买盘
1114,14:52:00,3.21,0.0,93,29911,买盘
1115,14:52:04,3.21,0.0,1,321,卖盘
1116,14:52:06,3.21,0.0,207,66447,卖盘
1117,14:52:21,3.21,0.0,77,24659,卖盘
1118,14:52:30,3.21,0.0,19,6099,买盘
1119,14:52:33,3.21,0.0,4,1284,买盘
1120,14:52:51,3.2,-0.01,50,16000,卖盘
1121,14:52:57,3.21,0.01,30,9630,买盘
1122,14:53:03,3.21,0.0,288,92448,买盘
1123,14:53:06,3.2,-0.01,290,92873,卖盘
1124,14:53:09,3.21,0.01,720,231178,买盘
1125,14:53:15,3.21,0.0,34,10856,卖盘
1126,14:53:18,3.21,0.0,17,5457,买盘
1127,14:53:21,3.21,0.0,100,32100,买盘
1128,14:53:30,3.21,0.0,70,22470,买盘
1129,14:53:33,3.21,0.0,32,10330,买盘
1130,14:53:39,3.21,0.0,12,3794,卖盘
1131,14:53:42,3.21,0.0,7,2247,买盘
1132,14:53:45,3.21,0.0,31,10009,买盘
1133,14:53:48,3.2,-0.01,18,5764,卖盘
1134,14:53:51,3.21,0.01,33,10593,买盘
1135,14:53:54,3.21,0.0,18,5778,卖盘
1136,14:54:04,3.21,0.0,82,26322,买盘
1137,14:54:09,3.21,0.0,46,14766,卖盘
1138,14:54:15,3.21,0.0,185,59374,卖盘
1139,14:54:18,3.2,-0.01,12,3846,卖盘
1140,14:54:21,3.21,0.01,89,28569,买盘
1141,14:54:33,3.21,0.0,14,4494,卖盘
1142,14:54:37,3.21,0.0,5,1605,买盘
1143,14:54:45,3.21,0.0,10,3210,买盘
1144,14:54:54,3.21,0.0,100,32100,买盘
1145,14:54:57,3.21,0.0,28,8988,买盘
1146,14:55:03,3.21,0.0,20,6420,卖盘
1147,14:55:06,3.2,-0.01,16,5122,卖盘
1148,14:55:12,3.21,0.01,9,2889,卖盘
1149,14:55:27,3.22,0.01,180,57960,买盘
1150,14:55:30,3.22,0.0,1,322,买盘
1151,14:55:33,3.21,-0.01,56,17976,卖盘
1152,14:55:36,3.21,0.0,20,6420,买盘
1153,14:55:57,3.21,0.0,9,2889,卖盘
1154,14:56:15,3.21,0.0,175,56175,卖盘
1155,14:56:21,3.22,0.01,155,49910,买盘
1156,14:56:36,3.21,-0.01,13,4173,卖盘
1157,14:56:48,3.22,0.01,7,2254,买盘
1158,15:00:04,3.21,-0.01,1151,369471,卖盘
