,time,price,change,volume,amount,type
0,09:25:04,17.7,0.07,145,256650,买盘
1,09:30:04,17.73,0.03,30,53190,买盘
2,09:30:07,17.75,0.02,28,49648,买盘
3,09:30:10,17.75,0.0,15,26619,买盘
4,09:30:16,17.76,0.01,5,8880,中性盘
5,09:30:22,17.79,0.03,23,40917,买盘
6,09:30:25,17.81,0.02,6,10682,买盘
7,09:30:28,17.84,0.03,17,30319,买盘
8,09:30:31,17.79,-0.05,7,12453,卖盘
9,09:30:34,17.84,0.05,101,179952,买盘
10,09:30:37,17.85,0.01,13,23196,买盘
11,09:30:40,17.84,-0.01,41,73144,卖盘
12,09:30:43,17.84,0.0,77,137371,卖盘
13,09:30:46,17.84,0.0,23,41043,卖盘
14,09:30:49,17.84,0.0,21,37464,买盘
15,09:30:52,17.85,0.01,45,80293,买盘
16,09:30:58,17.75,-0.1,75,133835,卖盘
17,09:31:05,17.86,0.11,137,244465,买盘
18,09:31:10,17.86,0.0,71,126824,卖盘
19,09:31:13,17.85,-0.01,7,12495,中性盘
20,09:31:25,17.78,-0.07,9,16049,卖盘
21,09:31:37,17.79,0.01,3,5335,中性盘
22,09:31:40,17.83,0.04,10,17830,买盘
23,09:31:43,17.83,0.0,6,10694,买盘
24,09:31:46,17.79,-0.04,2,3558,卖盘
25,09:31:58,17.79,0.0,11,19569,卖盘
26,09:32:01,17.78,-0.01,54,96030,卖盘
27,09:32:04,17.78,0.0,4,7112,买盘
28,09:32:07,17.78,0.0,3,5333,买盘
29,09:32:10,17.78,0.0,2,3556,卖盘
30,09:32:13,17.75,-0.03,40,71000,卖盘
31,09:32:16,17.78,0.03,15,26660,买盘
32,09:32:19,17.75,-0.03,54,95928,卖盘
33,09:32:22,17.79,0.04,4,7112,买盘
34,09:32:28,17.73,-0.06,50,88726,卖盘
35,09:32:31,17.78,0.05,8,14224,买盘
36,09:32:34,17.7,-0.08,50,88624,卖盘
37,09:32:40,17.78,0.08,1,1778,买盘
38,09:32:46,17.74,-0.04,6,10647,卖盘
39,09:32:49,17.72,-0.02,29,51388,买盘
40,09:32:55,17.68,-0.04,15,26548,卖盘
41,09:33:04,17.72,0.04,10,17720,买盘
42,09:33:10,17.72,0.0,7,12404,买盘
43,09:33:13,17.72,0.0,19,33668,买盘
44,09:33:16,17.71,-0.01,5,8855,卖盘
45,09:33:19,17.71,0.0,5,8855,买盘
46,09:33:31,17.72,0.01,50,88600,买盘
47,09:33:37,17.72,0.0,24,42528,买盘
48,09:33:40,17.72,0.0,56,99232,买盘
49,09:33:43,17.73,0.01,11,19501,中性盘
50,09:33:46,17.72,-0.01,45,79743,卖盘
51,09:33:58,17.78,0.06,15,26670,买盘
52,09:34:07,17.79,0.01,10,17781,买盘
53,09:34:13,17.77,-0.02,3,5331,买盘
54,09:34:16,17.74,-0.03,33,58574,卖盘
55,09:34:37,17.79,0.05,72,128017,买盘
56,09:34:40,17.79,0.0,79,140549,卖盘
57,09:34:43,17.74,-0.05,54,96043,卖盘
58,09:34:46,17.77,0.03,9,15995,中性盘
59,09:34:49,17.74,-0.03,6,10656,卖盘
60,09:34:52,17.81,0.07,15,26705,买盘
61,09:34:55,17.75,-0.06,2,3550,卖盘
62,09:34:58,17.74,-0.01,2,3548,买盘
63,09:35:04,17.75,0.01,1,1775,买盘
64,09:35:07,17.75,0.0,11,19525,买盘
65,09:35:10,17.8,0.05,31,55078,买盘
66,09:35:13,17.75,-0.05,3,5325,买盘
67,09:35:16,17.78,0.03,5,8893,中性盘
68,09:35:31,17.75,-0.03,10,17750,卖盘
69,09:35:34,17.79,0.04,29,51567,买盘
70,09:36:01,17.74,-0.05,28,49694,卖盘
71,09:36:07,17.75,0.01,6,10647,中性盘
72,09:36:19,17.75,0.0,6,10650,买盘
73,09:36:22,17.73,-0.02,12,21278,卖盘
74,09:36:28,17.73,0.0,1,1773,买盘
75,09:36:34,17.73,0.0,24,42532,买盘
76,09:36:37,17.75,0.02,22,39050,买盘
77,09:36:40,17.75,0.0,20,35500,卖盘
78,09:36:49,17.75,0.0,10,17750,卖盘
79,09:36:52,17.77,0.02,26,46202,买盘
80,09:36:55,17.75,-0.02,41,72824,卖盘
81,09:36:58,17.75,0.0,1,1775,买盘
82,09:37:07,17.75,0.0,18,31950,买盘
83,09:37:10,17.75,0.0,3,5325,卖盘
84,09:37:16,17.77,0.02,3,5331,买盘
85,09:37:19,17.77,0.0,5,8885,卖盘
86,09:37:34,17.77,0.0,13,23101,买盘
87,09:37:46,17.75,-0.02,4,7100,卖盘
88,09:38:04,17.75,0.0,51,90525,买盘
89,09:38:07,17.75,0.0,42,74691,卖盘
90,09:38:10,17.76,0.01,3,5328,中性盘
91,09:38:13,17.76,0.0,8,14208,卖盘
92,09:38:19,17.8,0.04,10,17800,买盘
93,09:38:25,17.8,0.0,34,60520,买盘
94,09:38:31,17.8,0.0,27,48060,买盘
95,09:38:34,17.82,0.02,27,48089,买盘
96,09:38:46,17.82,0.0,8,14256,买盘
97,09:38:49,17.84,0.02,16,28532,买盘
98,09:38:52,17.82,-0.02,12,21384,中性盘
99,09:38:58,17.84,0.02,80,142720,买盘
100,09:39:01,17.85,0.01,6,10710,买盘
101,09:39:07,17.86,0.01,50,89261,买盘
102,09:39:10,17.85,-0.01,3,5355,中性盘
103,09:39:13,17.88,0.03,18,32160,买盘
104,09:39:16,17.86,-0.02,11,19646,卖盘
105,09:39:19,17.86,0.0,8,14288,卖盘
106,09:39:22,17.88,0.02,18,32184,买盘
107,09:39:25,17.89,0.01,79,141271,买盘
108,09:39:28,17.88,-0.01,35,62580,卖盘
109,09:39:31,17.91,0.03,89,159310,买盘
110,09:39:37,17.91,0.0,4,7163,买盘
111,09:39:40,17.91,0.0,1,1791,买盘
112,09:39:43,17.91,0.0,1,1791,买盘
113,09:39:46,17.91,0.0,14,25074,买盘
114,09:39:49,17.9,-0.01,25,44751,卖盘
115,09:39:55,17.9,0.0,16,28650,卖盘
116,09:40:04,17.9,0.0,52,93078,买盘
117,09:40:07,17.88,-0.02,20,35768,卖盘
118,09:40:10,17.88,0.0,23,41137,卖盘
119,09:40:13,17.9,0.02,30,53672,买盘
120,09:40:16,17.88,-0.02,17,30425,卖盘
121,09:40:19,17.88,0.0,20,35760,卖盘
122,09:40:22,17.88,0.0,1,1788,卖盘
123,09:40:28,17.88,0.0,10,17880,卖盘
124,09:40:31,17.88,0.0,5,8940,卖盘
125,09:40:34,17.88,0.0,23,41124,卖盘
126,09:40:37,17.89,0.01,76,135901,买盘
127,09:40:40,17.89,0.0,9,16097,买盘
128,09:40:46,17.89,0.0,23,41147,卖盘
129,09:40:52,17.89,0.0,41,73349,卖盘
130,09:40:55,17.89,0.0,29,51881,卖盘
131,09:40:58,17.88,-0.01,10,17876,中性盘
132,09:41:01,17.87,-0.01,16,28592,卖盘
133,09:41:04,17.87,0.0,12,21444,卖盘
134,09:41:10,17.85,-0.02,23,41076,卖盘
135,09:41:16,17.85,0.0,3,5355,卖盘
136,09:41:22,17.85,0.0,25,44625,买盘
137,09:41:25,17.82,-0.03,2,3564,卖盘
138,09:41:28,17.85,0.03,30,53550,买盘
139,09:41:34,17.82,-0.03,5,8910,卖盘
140,09:41:43,17.82,0.0,9,16038,卖盘
141,09:41:52,17.82,0.0,10,17820,买盘
142,09:41:58,17.82,0.0,80,142471,买盘
143,09:42:01,17.82,0.0,8,14256,卖盘
144,09:42:04,17.83,0.01,4,7132,买盘
145,09:42:10,17.82,-0.01,5,8910,卖盘
146,09:42:13,17.83,0.01,5,8915,买盘
147,09:42:31,17.82,-0.01,18,32076,卖盘
148,09:42:40,17.83,0.01,6,10698,买盘
149,09:42:43,17.83,0.0,17,30311,买盘
150,09:42:46,17.83,0.0,8,14264,卖盘
151,09:42:49,17.83,0.0,10,17830,卖盘
152,09:42:52,17.84,0.01,3,5352,买盘
153,09:42:58,17.84,0.0,17,30318,买盘
154,09:43:01,17.84,0.0,6,10704,卖盘
155,09:43:04,17.84,0.0,5,8920,卖盘
156,09:43:10,17.84,0.0,9,16056,卖盘
157,09:43:13,17.86,0.02,61,108846,买盘
158,09:43:25,17.86,0.0,1,1786,买盘
159,09:43:28,17.85,-0.01,9,16065,卖盘
160,09:43:31,17.85,0.0,16,28560,卖盘
161,09:43:34,17.86,0.01,8,14288,买盘
162,09:43:37,17.86,0.0,2,3572,卖盘
163,09:43:40,17.86,0.0,2,3572,卖盘
164,09:43:43,17.85,-0.01,23,41066,卖盘
165,09:43:46,17.83,-0.02,20,35660,卖盘
166,09:43:55,17.85,0.02,6,10710,买盘
167,09:43:58,17.86,0.01,5,8928,买盘
168,09:44:04,17.85,-0.01,22,39275,卖盘
169,09:44:07,17.85,0.0,1,1785,买盘
170,09:44:13,17.83,-0.02,1,1783,卖盘
171,09:44:16,17.85,0.02,1,1785,买盘
172,09:44:19,17.83,-0.02,30,53490,卖盘
173,09:44:28,17.82,-0.01,13,23176,卖盘
174,09:44:34,17.85,0.03,1,1785,买盘
175,09:44:46,17.82,-0.03,78,138997,卖盘
176,09:44:52,17.84,0.02,3,5352,买盘
177,09:44:58,17.82,-0.02,60,106920,卖盘
178,09:45:01,17.82,0.0,64,114048,卖盘
179,09:45:04,17.82,0.0,2,3564,卖盘
180,09:45:07,17.82,0.0,8,14256,买盘
181,09:45:10,17.8,-0.02,2,3560,卖盘
182,09:45:13,17.8,0.0,8,14240,卖盘
183,09:45:19,17.76,-0.04,50,88831,卖盘
184,09:45:28,17.76,0.0,10,17760,卖盘
185,09:45:31,17.76,0.0,5,8880,卖盘
186,09:45:43,17.76,0.0,51,90576,卖盘
187,09:45:46,17.78,0.02,10,17780,买盘
188,09:45:49,17.76,-0.02,2,3552,卖盘
189,09:45:55,17.76,0.0,25,44400,卖盘
190,09:45:58,17.75,-0.01,75,133148,卖盘
191,09:46:04,17.7,-0.05,50,88605,卖盘
192,09:46:19,17.75,0.05,6,10650,买盘
193,09:46:28,17.73,-0.02,78,138366,卖盘
194,09:46:31,17.73,0.0,2,3546,买盘
195,09:46:34,17.71,-0.02,10,17710,卖盘
196,09:46:37,17.73,0.02,10,17730,买盘
197,09:47:01,17.71,-0.02,3,5313,卖盘
198,09:47:16,17.72,0.01,4,7088,买盘
199,09:47:22,17.73,0.01,25,44305,买盘
200,09:47:31,17.73,0.0,10,17730,买盘
201,09:47:34,17.72,-0.01,3,5316,卖盘
202,09:47:46,17.73,0.01,15,26595,买盘
203,09:47:49,17.66,-0.07,200,353727,卖盘
204,09:48:01,17.72,0.06,2,3544,卖盘
205,09:48:13,17.72,0.0,50,88600,买盘
206,09:48:19,17.7,-0.02,5,8850,卖盘
207,09:48:22,17.7,0.0,2,3540,买盘
208,09:48:46,17.66,-0.04,3,5298,卖盘
209,09:48:58,17.7,0.04,1,1770,买盘
210,09:49:01,17.66,-0.04,3,5298,卖盘
211,09:49:04,17.66,0.0,50,88300,卖盘
212,09:49:13,17.67,0.01,8,14136,卖盘
213,09:49:19,17.66,-0.01,14,24732,卖盘
214,09:49:22,17.66,0.0,18,31788,买盘
215,09:49:25,17.66,0.0,5,8830,买盘
216,09:49:31,17.65,-0.01,22,38847,卖盘
217,09:49:34,17.63,-0.02,28,49432,卖盘
218,09:50:01,17.63,0.0,3,5289,卖盘
219,09:50:16,17.61,-0.02,45,79322,卖盘
220,09:50:22,17.65,0.04,1,1765,买盘
221,09:50:25,17.64,-0.01,1,1764,中性盘
222,09:50:34,17.64,0.0,1,1764,卖盘
223,09:50:43,17.64,0.0,10,17640,买盘
224,09:50:49,17.64,0.0,1,1764,买盘
225,09:50:52,17.64,0.0,53,93395,买盘
226,09:50:58,17.65,0.01,6,10590,买盘
227,09:51:01,17.64,-0.01,3,5292,卖盘
228,09:51:07,17.65,0.01,3,5295,买盘
229,09:51:10,17.66,0.01,3,5298,卖盘
230,09:51:24,17.69,0.03,7,12383,买盘
231,09:51:31,17.68,-0.01,12,21212,中性盘
232,09:51:40,17.66,-0.02,33,58278,卖盘
233,09:51:58,17.68,0.02,1,1768,买盘
234,09:52:07,17.68,0.0,5,8840,买盘
235,09:52:10,17.68,0.0,4,7072,买盘
236,09:52:19,17.68,0.0,5,8840,卖盘
237,09:52:22,17.69,0.01,10,17690,买盘
238,09:52:43,17.7,0.01,10,17700,买盘
239,09:52:46,17.69,-0.01,12,21228,卖盘
240,09:52:49,17.68,-0.01,50,88400,卖盘
241,09:52:55,17.69,0.01,10,17683,买盘
242,09:53:01,17.66,-0.03,92,162606,卖盘
243,09:53:05,17.65,-0.01,1,1765,卖盘
244,09:53:10,17.65,0.0,2,3530,卖盘
245,09:53:25,17.64,-0.01,1,1764,卖盘
246,09:53:31,17.65,0.01,1,1765,买盘
247,09:53:37,17.66,0.01,14,24715,买盘
248,09:53:40,17.64,-0.02,43,75852,卖盘
249,09:53:43,17.64,0.0,21,37044,买盘
250,09:53:49,17.61,-0.03,8,14088,卖盘
251,09:53:52,17.64,0.03,97,171099,买盘
252,09:54:01,17.64,0.0,3,5292,卖盘
253,09:54:07,17.64,0.0,7,12348,卖盘
254,09:54:22,17.64,0.0,10,17640,买盘
255,09:54:40,17.64,0.0,5,8820,买盘
256,09:54:43,17.63,-0.01,36,63469,卖盘
257,09:54:49,17.63,0.0,1,1763,买盘
258,09:54:55,17.62,-0.01,6,10572,卖盘
259,09:54:58,17.63,0.01,10,17630,买盘
260,09:55:01,17.62,-0.01,11,19388,卖盘
261,09:55:04,17.6,-0.02,100,176112,卖盘
262,09:55:16,17.61,0.01,1,1761,卖盘
263,09:55:31,17.61,0.0,3,5283,卖盘
264,09:55:49,17.6,-0.01,100,176053,卖盘
265,09:55:52,17.63,0.03,50,88146,买盘
266,09:55:55,17.61,-0.02,10,17610,卖盘
267,09:56:07,17.64,0.03,36,63504,买盘
268,09:56:10,17.66,0.02,4,7058,买盘
269,09:56:16,17.64,-0.02,7,12354,卖盘
270,09:56:43,17.68,0.04,10,17680,买盘
271,09:56:58,17.69,0.01,29,51299,买盘
272,09:57:10,17.7,0.01,17,30090,买盘
273,09:57:13,17.7,0.0,10,17700,卖盘
274,09:57:22,17.73,0.03,43,76239,买盘
275,09:57:25,17.73,0.0,7,12411,买盘
276,09:57:28,17.79,0.06,58,103059,买盘
277,09:57:31,17.8,0.01,21,37360,买盘
278,09:57:34,17.8,0.0,3,5340,卖盘
279,09:57:40,17.8,0.0,58,103299,卖盘
280,09:57:43,17.8,0.0,20,35600,买盘
281,09:57:46,17.8,0.0,7,12460,买盘
282,09:57:49,17.8,0.0,15,26700,买盘
283,09:57:52,17.8,0.0,8,14240,买盘
284,09:58:07,17.82,0.02,4,7128,卖盘
285,09:58:10,17.82,0.0,26,46344,卖盘
286,09:58:13,17.8,-0.02,11,19594,卖盘
287,09:58:16,17.8,0.0,2,3560,卖盘
288,09:58:19,17.8,0.0,19,33850,卖盘
289,09:58:22,17.81,0.01,43,76545,中性盘
290,09:58:25,17.8,-0.01,3,5340,中性盘
291,09:58:28,17.81,0.01,63,112128,买盘
292,09:58:31,17.79,-0.02,6,10674,卖盘
293,09:58:34,17.79,0.0,9,16011,卖盘
294,09:58:37,17.79,0.0,8,14232,卖盘
295,09:58:40,17.79,0.0,75,133425,卖盘
296,09:58:43,17.79,0.0,16,28462,买盘
297,09:58:46,17.79,0.0,1,1779,卖盘
298,09:59:01,17.73,-0.06,3,5319,卖盘
299,09:59:25,17.75,0.02,23,40845,卖盘
300,09:59:28,17.75,0.0,2,3550,买盘
301,09:59:34,17.74,-0.01,7,12422,卖盘
302,09:59:49,17.75,0.01,5,8883,卖盘
303,09:59:52,17.75,0.0,31,55031,卖盘
304,09:59:55,17.75,0.0,7,12420,买盘
305,10:00:13,17.75,0.0,1,1775,买盘
306,10:00:15,17.74,-0.01,7,12418,卖盘
307,10:00:18,17.74,0.0,2,3548,买盘
308,10:00:52,17.73,-0.01,2,3546,卖盘
309,10:01:01,17.73,0.0,3,5319,卖盘
310,10:01:34,17.74,0.01,1,1774,买盘
311,10:01:52,17.73,-0.01,5,8865,卖盘
312,10:02:01,17.73,0.0,3,5319,卖盘
313,10:02:28,17.73,0.0,26,46098,卖盘
314,10:02:37,17.7,-0.03,165,292244,卖盘
315,10:02:40,17.7,0.0,5,8850,买盘
316,10:02:49,17.68,-0.02,6,10608,卖盘
317,10:02:55,17.68,0.0,12,21216,卖盘
318,10:02:58,17.68,0.0,23,40664,买盘
319,10:03:01,17.67,-0.01,3,5302,卖盘
320,10:03:04,17.68,0.01,5,8840,中性盘
321,10:03:07,17.68,0.0,2,3536,卖盘
322,10:03:22,17.69,0.01,10,17690,买盘
323,10:03:25,17.69,0.0,2,3538,买盘
324,10:03:28,17.69,0.0,6,10614,卖盘
325,10:03:40,17.7,0.01,5,8850,买盘
326,10:03:43,17.69,-0.01,3,5307,卖盘
327,10:03:49,17.69,0.0,5,8845,卖盘
328,10:04:04,17.7,0.01,164,290274,买盘
329,10:04:42,17.71,0.01,9,15939,卖盘
330,10:04:46,17.73,0.02,1,1773,买盘
331,10:04:55,17.71,-0.02,4,7084,卖盘
332,10:05:01,17.71,0.0,3,5313,卖盘
333,10:05:16,17.71,0.0,24,42504,卖盘
334,10:05:28,17.7,-0.01,1,1770,卖盘
335,10:05:31,17.7,0.0,8,14160,卖盘
336,10:05:34,17.7,0.0,2,3540,卖盘
337,10:05:36,17.7,0.0,2,3540,买盘
338,10:05:39,17.7,0.0,4,7080,买盘
339,10:05:45,17.69,-0.01,2,3538,卖盘
340,10:05:55,17.69,0.0,1,1769,卖盘
341,10:05:58,17.69,0.0,4,7076,卖盘
342,10:06:22,17.69,0.0,1,1769,买盘
343,10:06:34,17.69,0.0,13,22997,买盘
344,10:06:40,17.67,-0.02,35,61885,卖盘
345,10:06:46,17.69,0.02,5,8845,中性盘
346,10:06:52,17.69,0.0,1,1769,买盘
347,10:07:07,17.71,0.02,10,17702,买盘
348,10:07:16,17.72,0.01,77,136417,买盘
349,10:07:19,17.72,0.0,50,88600,买盘
350,10:07:21,17.73,0.01,46,81517,买盘
351,10:07:25,17.73,0.0,6,10638,卖盘
352,10:07:40,17.74,0.01,48,85162,买盘
353,10:07:55,17.74,0.0,35,62091,卖盘
354,10:08:01,17.79,0.05,62,110243,买盘
355,10:08:07,17.75,-0.04,1,1775,买盘
356,10:08:10,17.74,-0.01,11,19534,卖盘
357,10:08:16,17.74,0.0,106,188044,卖盘
358,10:08:22,17.74,0.0,2,3548,买盘
359,10:08:25,17.74,0.0,5,8870,买盘
360,10:08:28,17.74,0.0,30,53220,买盘
361,10:08:37,17.74,0.0,102,180844,买盘
362,10:08:43,17.72,-0.02,79,140092,卖盘
363,10:08:48,17.72,0.0,6,10632,卖盘
364,10:09:07,17.72,0.0,21,37212,卖盘
365,10:09:27,17.71,-0.01,7,12397,卖盘
366,10:09:31,17.72,0.01,5,8860,买盘
367,10:09:37,17.71,-0.01,1,1771,卖盘
368,10:09:40,17.71,0.0,15,26565,卖盘
369,10:09:46,17.7,-0.01,2,3540,卖盘
370,10:09:51,17.7,0.0,1,1770,卖盘
371,10:09:58,17.7,0.0,7,12390,卖盘
372,10:10:04,17.7,0.0,4,7078,买盘
373,10:10:10,17.69,-0.01,1,1769,卖盘
374,10:10:16,17.68,-0.01,7,12376,卖盘
375,10:10:21,17.67,-0.01,1,1767,卖盘
376,10:10:37,17.68,0.01,4,7072,买盘
377,10:10:40,17.67,-0.01,1,1767,卖盘
378,10:10:49,17.68,0.01,1,1768,买盘
379,10:10:52,17.68,0.0,5,8840,买盘
380,10:10:55,17.68,0.0,1,1768,买盘
381,10:11:01,17.69,0.01,3,5307,中性盘
382,10:11:06,17.7,0.01,1,1770,买盘
383,10:11:16,17.7,0.0,24,42480,买盘
384,10:11:22,17.7,0.0,2,3540,卖盘
385,10:11:46,17.72,0.02,36,63792,买盘
386,10:11:52,17.72,0.0,4,7088,买盘
387,10:11:58,17.72,0.0,9,15948,买盘
388,10:12:00,17.72,0.0,5,8860,买盘
389,10:12:10,17.71,-0.01,3,5313,卖盘
390,10:12:19,17.72,0.01,5,8860,买盘
391,10:12:25,17.71,-0.01,5,8855,卖盘
392,10:13:01,17.71,0.0,3,5313,卖盘
393,10:13:16,17.71,0.0,2,3542,卖盘
394,10:13:27,17.71,0.0,5,8855,卖盘
395,10:13:31,17.71,0.0,6,10626,卖盘
396,10:13:34,17.71,0.0,6,10626,卖盘
397,10:13:46,17.7,-0.01,3,5310,买盘
398,10:13:52,17.68,-0.02,22,38902,卖盘
399,10:13:58,17.68,0.0,5,8840,卖盘
400,10:14:01,17.68,0.0,13,22984,卖盘
401,10:14:04,17.67,-0.01,37,65383,卖盘
402,10:14:10,17.66,-0.01,17,30022,卖盘
403,10:14:13,17.66,0.0,47,83002,卖盘
404,10:14:16,17.65,-0.01,7,12355,卖盘
405,10:14:19,17.65,0.0,37,65305,卖盘
406,10:14:22,17.63,-0.02,1,1763,中性盘
407,10:14:25,17.62,-0.01,22,38764,卖盘
408,10:14:28,17.61,-0.01,14,24667,卖盘
409,10:14:31,17.61,0.0,52,91540,买盘
410,10:14:34,17.61,0.0,10,17610,卖盘
411,10:14:36,17.61,0.0,1,1761,卖盘
412,10:14:40,17.61,0.0,7,12327,卖盘
413,10:14:46,17.6,-0.01,55,96810,卖盘
414,10:15:01,17.6,0.0,3,5280,卖盘
415,10:15:04,17.6,0.0,19,33440,卖盘
416,10:15:10,17.6,0.0,2,3520,买盘
417,10:15:19,17.58,-0.02,6,10548,卖盘
418,10:15:25,17.6,0.02,39,68640,买盘
419,10:15:28,17.6,0.0,2,3520,卖盘
420,10:15:34,17.61,0.01,64,112605,买盘
421,10:15:37,17.61,0.0,22,38722,买盘
422,10:15:39,17.61,0.0,2,3522,卖盘
423,10:15:46,17.6,-0.01,20,35201,卖盘
424,10:15:52,17.62,0.02,2,3524,买盘
425,10:15:55,17.6,-0.02,6,10560,卖盘
426,10:16:13,17.57,-0.03,30,52764,卖盘
427,10:16:16,17.61,0.04,13,22887,买盘
428,10:16:18,17.61,0.0,11,19371,卖盘
429,10:16:28,17.61,0.0,12,21132,卖盘
430,10:16:34,17.63,0.02,3,5289,买盘
431,10:16:40,17.64,0.01,4,7056,买盘
432,10:16:43,17.63,-0.01,6,10578,卖盘
433,10:16:46,17.64,0.01,4,7056,买盘
434,10:16:48,17.64,0.0,1,1764,买盘
435,10:17:01,17.67,0.03,2,3534,买盘
436,10:17:04,17.64,-0.03,7,12348,卖盘
437,10:17:10,17.67,0.03,10,17670,买盘
438,10:17:13,17.62,-0.05,70,123385,卖盘
439,10:17:22,17.62,0.0,6,10572,卖盘
440,10:17:24,17.61,-0.01,129,227238,卖盘
441,10:17:27,17.61,0.0,10,17610,买盘
442,10:17:30,17.6,-0.01,2,3520,卖盘
443,10:17:37,17.58,-0.02,8,14064,卖盘
444,10:17:40,17.58,0.0,2,3516,卖盘
445,10:17:43,17.58,0.0,10,17580,卖盘
446,10:17:46,17.57,-0.01,1,1757,卖盘
447,10:17:52,17.58,0.01,12,21094,买盘
448,10:17:58,17.58,0.0,30,52740,买盘
449,10:18:01,17.57,-0.01,19,33393,卖盘
450,10:18:04,17.57,0.0,1,1757,卖盘
451,10:18:22,17.57,0.0,16,28112,买盘
452,10:18:25,17.56,-0.01,11,19325,卖盘
453,10:18:31,17.55,-0.01,66,115859,卖盘
454,10:18:34,17.55,0.0,63,110565,买盘
455,10:18:43,17.53,-0.02,26,45610,卖盘
456,10:18:46,17.55,0.02,10,17550,买盘
457,10:18:52,17.54,-0.01,10,17540,卖盘
458,10:18:55,17.55,0.01,7,12285,买盘
459,10:19:01,17.54,-0.01,10,17540,卖盘
460,10:19:04,17.54,0.0,6,10524,卖盘
461,10:19:07,17.54,0.0,10,17540,卖盘
462,10:19:10,17.53,-0.01,56,98222,卖盘
463,10:19:15,17.54,0.01,1,1754,买盘
464,10:19:18,17.54,0.0,9,15786,买盘
465,10:19:22,17.54,0.0,6,10524,卖盘
466,10:19:28,17.53,-0.01,24,42076,卖盘
467,10:19:34,17.54,0.01,2,3508,买盘
468,10:19:40,17.54,0.0,27,47373,卖盘
469,10:19:46,17.54,0.0,13,22802,买盘
470,10:19:55,17.54,0.0,9,15786,买盘
471,10:20:01,17.55,0.01,123,215762,买盘
472,10:20:04,17.55,0.0,114,200070,买盘
473,10:20:07,17.55,0.0,52,91260,买盘
474,10:20:10,17.57,0.02,15,26343,中性盘
475,10:20:16,17.58,0.01,4,7032,买盘
476,10:20:19,17.58,0.0,1,1758,买盘
477,10:20:28,17.6,0.02,11,19360,买盘
478,10:20:31,17.67,0.07,8,14136,买盘
479,10:20:45,17.6,-0.07,6,10560,卖盘
480,10:20:49,17.57,-0.03,17,29882,卖盘
481,10:21:06,17.6,0.03,25,43985,买盘
482,10:21:10,17.57,-0.03,26,45728,卖盘
483,10:21:19,17.55,-0.02,100,175519,卖盘
484,10:21:21,17.57,0.02,2,3514,买盘
485,10:21:25,17.55,-0.02,100,175537,卖盘
486,10:21:40,17.6,0.05,30,52743,买盘
487,10:21:49,17.53,-0.07,470,824293,卖盘
488,10:21:55,17.53,0.0,4,7012,买盘
489,10:22:01,17.52,-0.01,56,98162,卖盘
490,10:22:04,17.52,0.0,110,192730,卖盘
491,10:22:07,17.53,0.01,14,24533,买盘
492,10:22:10,17.53,0.0,8,14019,买盘
493,10:22:12,17.53,0.0,31,54343,买盘
494,10:22:19,17.51,-0.02,100,175244,卖盘
495,10:22:28,17.5,-0.01,300,525050,卖盘
496,10:22:31,17.5,0.0,5,8750,买盘
497,10:22:33,17.49,-0.01,6,10494,卖盘
498,10:22:40,17.48,-0.01,7,12236,卖盘
499,10:22:46,17.43,-0.05,24,41851,卖盘
500,10:22:52,17.42,-0.01,10,17434,卖盘
501,10:22:58,17.47,0.05,45,78595,买盘
502,10:23:04,17.47,0.0,2,3494,买盘
503,10:23:07,17.45,-0.02,12,20940,卖盘
504,10:23:10,17.42,-0.03,242,422016,卖盘
505,10:23:13,17.48,0.06,10,17480,买盘
506,10:23:16,17.43,-0.05,17,29638,卖盘
507,10:23:19,17.43,0.0,4,6972,买盘
508,10:23:21,17.43,0.0,1,1743,卖盘
509,10:23:28,17.44,0.01,10,17440,买盘
510,10:23:31,17.44,0.0,9,15689,买盘
511,10:23:43,17.45,0.01,1,1745,卖盘
512,10:23:46,17.44,-0.01,25,43610,卖盘
513,10:24:04,17.47,0.03,5,8735,买盘
514,10:24:10,17.47,0.0,20,34940,中性盘
515,10:24:22,17.48,0.01,38,66424,买盘
516,10:24:28,17.47,-0.01,11,19222,卖盘
517,10:24:31,17.48,0.01,10,17480,买盘
518,10:24:34,17.47,-0.01,66,115332,卖盘
519,10:24:39,17.49,0.02,80,139816,买盘
520,10:24:52,17.48,-0.01,6,10488,卖盘
521,10:24:58,17.49,0.01,19,33231,买盘
522,10:25:01,17.48,-0.01,7,12236,卖盘
523,10:25:04,17.47,-0.01,7,12229,卖盘
524,10:25:16,17.48,0.01,25,43690,买盘
525,10:25:25,17.48,0.0,5,8740,买盘
526,10:25:28,17.48,0.0,21,36708,买盘
527,10:25:37,17.48,0.0,30,52440,卖盘
528,10:25:46,17.47,-0.01,100,174756,卖盘
529,10:25:49,17.49,0.02,33,57717,买盘
530,10:25:55,17.5,0.01,35,61250,买盘
531,10:25:58,17.5,0.0,30,52500,买盘
532,10:26:04,17.49,-0.01,19,33231,卖盘
533,10:26:07,17.5,0.01,16,27994,买盘
534,10:26:13,17.5,0.0,83,145250,买盘
535,10:26:15,17.5,0.0,31,54250,买盘
536,10:26:19,17.5,0.0,50,87500,买盘
537,10:26:21,17.5,0.0,9,15750,买盘
538,10:26:24,17.5,0.0,10,17500,买盘
539,10:26:43,17.51,0.01,6,10506,卖盘
540,10:26:55,17.51,0.0,4,7004,卖盘
541,10:26:58,17.52,0.01,1,1752,卖盘
542,10:27:01,17.52,0.0,4,7008,卖盘
543,10:27:04,17.52,0.0,1,1752,卖盘
544,10:27:07,17.52,0.0,2,3504,卖盘
545,10:27:10,17.52,0.0,5,8760,卖盘
546,10:27:13,17.52,0.0,2,3504,卖盘
547,10:27:15,17.54,0.02,77,134975,买盘
548,10:27:19,17.52,-0.02,2,3504,中性盘
549,10:27:28,17.52,0.0,5,8760,买盘
550,10:27:43,17.53,0.01,10,17530,卖盘
551,10:27:48,17.53,0.0,1,1753,卖盘
552,10:27:52,17.53,0.0,1,1753,卖盘
553,10:27:54,17.53,0.0,6,10518,卖盘
554,10:28:01,17.53,0.0,24,42072,卖盘
555,10:28:07,17.53,0.0,10,17530,买盘
556,10:28:10,17.53,0.0,10,17530,买盘
557,10:28:16,17.52,-0.01,4,7008,卖盘
558,10:28:22,17.52,0.0,11,19277,卖盘
559,10:28:24,17.52,0.0,19,33288,卖盘
560,10:28:30,17.52,0.0,10,17520,卖盘
561,10:28:34,17.52,0.0,1,1752,买盘
562,10:28:37,17.53,0.01,25,43814,买盘
563,10:28:49,17.54,0.01,7,12278,买盘
564,10:28:54,17.53,-0.01,16,28048,卖盘
565,10:28:57,17.54,0.01,20,35080,买盘
566,10:29:01,17.54,0.0,6,10524,卖盘
567,10:29:13,17.57,0.03,5,8785,卖盘
568,10:29:16,17.58,0.01,19,33402,买盘
569,10:29:19,17.57,-0.01,21,36907,卖盘
570,10:29:28,17.56,-0.01,6,10536,卖盘
571,10:29:34,17.58,0.02,2,3516,卖盘
572,10:29:37,17.58,0.0,19,33402,卖盘
573,10:29:43,17.56,-0.02,2,3512,卖盘
574,10:29:46,17.55,-0.01,2,3510,中性盘
575,10:29:52,17.55,0.0,11,19305,卖盘
576,10:30:07,17.55,0.0,6,10530,买盘
577,10:30:10,17.54,-0.01,16,28064,卖盘
578,10:30:19,17.54,0.0,24,42096,卖盘
579,10:30:22,17.54,0.0,11,19294,卖盘
580,10:30:28,17.53,-0.01,3,5259,卖盘
581,10:30:31,17.53,0.0,8,14024,卖盘
582,10:30:37,17.53,0.0,20,35060,卖盘
583,10:30:40,17.53,0.0,19,33307,卖盘
584,10:30:46,17.53,0.0,2,3506,买盘
585,10:30:54,17.5,-0.03,96,168039,卖盘
586,10:31:01,17.52,0.02,9,15768,卖盘
587,10:31:07,17.53,0.01,13,22788,买盘
588,10:31:10,17.53,0.0,7,12271,卖盘
589,10:31:19,17.52,-0.01,9,15766,买盘
590,10:31:22,17.48,-0.04,10,17480,卖盘
591,10:31:28,17.48,0.0,6,10488,卖盘
592,10:31:46,17.52,0.04,10,17520,买盘
593,10:31:55,17.51,-0.01,6,10506,卖盘
594,10:32:01,17.51,0.0,3,5253,卖盘
595,10:32:13,17.51,0.0,6,10506,卖盘
596,10:32:19,17.48,-0.03,14,24484,卖盘
597,10:32:22,17.51,0.03,2,3502,卖盘
598,10:32:39,17.49,-0.02,6,10494,卖盘
599,10:32:49,17.48,-0.01,60,104934,卖盘
600,10:32:58,17.51,0.03,5,8755,买盘
601,10:33:01,17.48,-0.03,3,5244,卖盘
602,10:33:04,17.48,0.0,2,3496,卖盘
603,10:33:06,17.48,0.0,6,10488,卖盘
604,10:33:22,17.49,0.01,50,87450,卖盘
605,10:33:25,17.49,0.0,1,1749,买盘
606,10:33:28,17.45,-0.04,231,403273,卖盘
607,10:33:31,17.49,0.04,10,17490,买盘
608,10:33:48,17.49,0.0,10,17484,买盘
609,10:33:58,17.46,-0.03,6,10476,卖盘
610,10:34:01,17.46,0.0,3,5238,卖盘
611,10:34:06,17.46,0.0,25,43653,卖盘
612,10:34:16,17.46,0.0,15,26190,卖盘
613,10:34:24,17.47,0.01,10,17470,卖盘
614,10:34:28,17.47,0.0,11,19217,买盘
615,10:34:37,17.47,0.0,3,5241,卖盘
616,10:34:40,17.47,0.0,20,34940,卖盘
617,10:34:52,17.46,-0.01,6,10476,卖盘
618,10:34:55,17.46,0.0,21,36672,卖盘
619,10:34:58,17.47,0.01,1,1747,买盘
620,10:35:01,17.47,0.0,13,22708,买盘
621,10:35:18,17.47,0.0,10,17482,卖盘
622,10:35:22,17.47,0.0,15,26215,卖盘
623,10:35:31,17.48,0.01,1,1748,买盘
624,10:35:36,17.47,-0.01,15,26208,卖盘
625,10:35:46,17.47,0.0,6,10482,卖盘
626,10:35:52,17.47,0.0,15,26205,卖盘
627,10:36:01,17.48,0.01,15,26220,买盘
628,10:36:04,17.48,0.0,18,31464,卖盘
629,10:36:13,17.48,0.0,6,10488,卖盘
630,10:36:22,17.51,0.03,1,1751,买盘
631,10:36:31,17.48,-0.03,15,26247,卖盘
632,10:36:49,17.49,0.01,20,34980,卖盘
633,10:36:55,17.49,0.0,6,10494,卖盘
634,10:37:10,17.48,-0.01,12,20987,卖盘
635,10:37:19,17.48,0.0,22,38456,卖盘
636,10:37:22,17.48,0.0,2,3496,卖盘
637,10:37:25,17.48,0.0,6,10488,卖盘
638,10:37:31,17.48,0.0,11,19228,卖盘
639,10:37:40,17.47,-0.01,15,26205,卖盘
640,10:37:43,17.47,0.0,125,218375,卖盘
641,10:37:49,17.46,-0.01,10,17460,卖盘
642,10:37:52,17.46,0.0,2,3492,买盘
643,10:37:55,17.46,0.0,3,5238,买盘
644,10:37:58,17.47,0.01,4,6985,买盘
645,10:38:01,17.45,-0.02,2,3490,卖盘
646,10:38:10,17.47,0.02,42,73367,买盘
647,10:38:13,17.46,-0.01,1,1746,卖盘
648,10:38:16,17.47,0.01,19,33193,买盘
649,10:38:18,17.47,0.0,41,71621,买盘
650,10:38:24,17.47,0.0,78,136237,买盘
651,10:38:31,17.47,0.0,2,3494,卖盘
652,10:38:40,17.48,0.01,4,6992,买盘
653,10:38:43,17.47,-0.01,20,34944,卖盘
654,10:38:46,17.47,0.0,10,17470,卖盘
655,10:38:49,17.47,0.0,18,31446,卖盘
656,10:38:55,17.49,0.02,50,87426,买盘
657,10:39:06,17.49,0.0,1,1749,买盘
658,10:39:10,17.49,0.0,2,3498,卖盘
659,10:39:37,17.46,-0.03,49,85633,卖盘
660,10:39:40,17.52,0.06,20,35040,买盘
661,10:39:43,17.52,0.0,2,3504,卖盘
662,10:40:04,17.47,-0.05,6,10483,卖盘
663,10:40:07,17.47,0.0,15,26235,卖盘
664,10:40:31,17.53,0.06,8,14024,买盘
665,10:40:37,17.53,0.0,2,3506,卖盘
666,10:40:40,17.53,0.0,2,3506,卖盘
667,10:40:43,17.53,0.0,3,5259,卖盘
668,10:40:55,17.49,-0.04,1,1749,卖盘
669,10:41:13,17.49,0.0,2,3498,买盘
670,10:41:19,17.49,0.0,3,5247,买盘
671,10:41:22,17.49,0.0,5,8745,买盘
672,10:41:25,17.49,0.0,6,10494,买盘
673,10:41:31,17.49,0.0,15,26235,卖盘
674,10:41:49,17.53,0.04,2,3506,卖盘
675,10:41:57,17.53,0.0,23,40319,卖盘
676,10:42:04,17.52,-0.01,1,1752,中性盘
677,10:42:10,17.52,0.0,6,10512,卖盘
678,10:42:13,17.49,-0.03,15,26277,卖盘
679,10:42:37,17.49,0.0,1,1749,卖盘
680,10:42:46,17.49,0.0,61,106689,卖盘
681,10:43:00,17.49,0.0,15,26235,卖盘
682,10:43:07,17.49,0.0,2,3498,买盘
683,10:43:09,17.49,0.0,3,5247,卖盘
684,10:43:16,17.49,0.0,9,15741,卖盘
685,10:43:27,17.49,0.0,9,15741,买盘
686,10:43:34,17.49,0.0,8,13992,买盘
687,10:43:40,17.48,-0.01,15,26220,卖盘
688,10:43:46,17.49,0.01,5,8745,买盘
689,10:43:49,17.48,-0.01,13,22732,卖盘
690,10:43:52,17.48,0.0,40,69920,卖盘
691,10:44:19,17.47,-0.01,24,41928,卖盘
692,10:44:27,17.48,0.01,11,19228,买盘
693,10:44:55,17.48,0.0,34,59432,卖盘
694,10:45:13,17.48,0.0,15,26220,卖盘
695,10:45:16,17.48,0.0,1,1748,卖盘
696,10:45:19,17.48,0.0,5,8740,卖盘
697,10:45:36,17.48,0.0,34,59432,买盘
698,10:46:01,17.48,0.0,6,10488,卖盘
699,10:46:07,17.48,0.0,2,3496,买盘
700,10:46:10,17.48,0.0,21,36708,买盘
701,10:46:22,17.48,0.0,14,24472,买盘
702,10:46:31,17.48,0.0,10,17480,买盘
703,10:46:34,17.48,0.0,15,26220,卖盘
704,10:46:43,17.48,0.0,6,10488,卖盘
705,10:47:00,17.5,0.02,1,1750,买盘
706,10:47:04,17.48,-0.02,2,3496,卖盘
707,10:47:37,17.48,0.0,34,59432,卖盘
708,10:47:54,17.48,0.0,3,5244,卖盘
709,10:48:01,17.48,0.0,3,5244,卖盘
710,10:49:01,17.48,0.0,2,3496,卖盘
711,10:49:10,17.48,0.0,2,3496,卖盘
712,10:49:34,17.49,0.01,7,12243,买盘
713,10:50:10,17.5,0.01,14,24500,买盘
714,10:50:58,17.52,0.02,27,47297,买盘
715,10:51:01,17.51,-0.01,1,1751,卖盘
716,10:51:04,17.51,0.0,2,3502,卖盘
717,10:51:07,17.51,0.0,1,1751,卖盘
718,10:51:10,17.5,-0.01,27,47251,卖盘
719,10:51:21,17.5,0.0,8,14000,买盘
720,10:51:31,17.5,0.0,5,8750,卖盘
721,10:51:43,17.5,0.0,2,3500,卖盘
722,10:51:46,17.5,0.0,7,12250,卖盘
723,10:52:01,17.49,-0.01,2,3498,卖盘
724,10:52:07,17.5,0.01,1,1750,买盘
725,10:52:34,17.5,0.0,4,7000,买盘
726,10:52:58,17.5,0.0,30,52500,卖盘
727,10:53:28,17.5,0.0,16,28000,卖盘
728,10:54:01,17.49,-0.01,2,3498,卖盘
729,10:54:07,17.49,0.0,10,17490,卖盘
730,10:54:09,17.49,0.0,2,3498,卖盘
731,10:54:22,17.5,0.01,1,1750,买盘
732,10:54:25,17.49,-0.01,4,6996,卖盘
733,10:54:31,17.49,0.0,2,3498,买盘
734,10:54:39,17.5,0.01,24,41987,买盘
735,10:55:16,17.5,0.0,1,1750,卖盘
736,10:55:22,17.49,-0.01,1,1749,卖盘
737,10:55:25,17.5,0.01,30,52500,买盘
738,10:55:30,17.49,-0.01,20,34980,卖盘
739,10:55:33,17.5,0.01,50,87500,买盘
740,10:55:36,17.49,-0.01,6,10494,卖盘
741,10:55:40,17.49,0.0,3,5247,买盘
742,10:55:46,17.49,0.0,4,6996,买盘
743,10:55:49,17.49,0.0,1,1749,买盘
744,10:56:01,17.49,0.0,2,3498,卖盘
745,10:56:07,17.49,0.0,29,50721,卖盘
746,10:56:13,17.48,-0.01,12,20976,卖盘
747,10:56:15,17.48,0.0,9,15732,卖盘
748,10:56:18,17.48,0.0,5,8738,买盘
749,10:56:22,17.48,0.0,1,1748,买盘
750,10:56:25,17.47,-0.01,65,113520,卖盘
751,10:56:31,17.47,0.0,3,5241,卖盘
752,10:56:34,17.45,-0.02,136,237433,卖盘
753,10:56:40,17.47,0.02,2,3494,卖盘
754,10:56:43,17.47,0.0,8,13976,卖盘
755,10:56:46,17.45,-0.02,105,183263,卖盘
756,10:56:52,17.44,-0.01,47,81968,卖盘
757,10:56:58,17.44,0.0,65,113360,卖盘
758,10:57:01,17.44,0.0,2,3488,卖盘
759,10:57:04,17.44,0.0,41,71504,卖盘
760,10:57:10,17.43,-0.01,71,123753,卖盘
761,10:57:13,17.43,0.0,33,57519,卖盘
762,10:57:16,17.42,-0.01,13,22646,卖盘
763,10:57:19,17.43,0.01,5,8715,买盘
764,10:57:22,17.42,-0.01,4,6968,卖盘
765,10:57:27,17.41,-0.01,50,87077,卖盘
766,10:57:37,17.41,0.0,227,395331,卖盘
767,10:57:43,17.45,0.04,265,462259,买盘
768,10:57:45,17.45,0.0,106,184970,卖盘
769,10:57:49,17.45,0.0,20,34900,卖盘
770,10:57:52,17.45,0.0,7,12215,卖盘
771,10:57:55,17.45,0.0,64,111708,卖盘
772,10:57:58,17.47,0.02,3,5241,买盘
773,10:58:04,17.47,0.0,22,38394,卖盘
774,10:58:07,17.47,0.0,51,88999,卖盘
775,10:58:13,17.47,0.0,9,15723,买盘
776,10:58:25,17.45,-0.02,50,87274,卖盘
777,10:58:31,17.45,0.0,37,64565,卖盘
778,10:58:37,17.45,0.0,24,41880,买盘
779,10:58:39,17.43,-0.02,52,90654,卖盘
780,10:58:49,17.45,0.02,15,26165,买盘
781,10:58:55,17.44,-0.01,21,36640,卖盘
782,10:59:01,17.45,0.01,2,3490,中性盘
783,10:59:04,17.46,0.01,200,349200,买盘
784,10:59:06,17.45,-0.01,6,10470,卖盘
785,10:59:13,17.46,0.01,10,17460,中性盘
786,10:59:25,17.47,0.01,8,13976,买盘
787,10:59:46,17.47,0.0,13,22721,卖盘
788,10:59:52,17.47,0.0,50,87360,卖盘
789,10:59:54,17.48,0.01,8,13984,中性盘
790,10:59:58,17.48,0.0,3,5244,买盘
791,11:00:04,17.47,-0.01,10,17470,卖盘
792,11:00:10,17.47,0.0,38,66386,卖盘
793,11:00:13,17.47,0.0,9,15723,买盘
794,11:00:19,17.47,0.0,8,13976,买盘
795,11:00:28,17.47,0.0,6,10482,买盘
796,11:00:36,17.47,0.0,9,15723,买盘
797,11:00:40,17.46,-0.01,12,20960,卖盘
798,11:00:43,17.46,0.0,7,12223,卖盘
799,11:00:46,17.46,0.0,21,36666,买盘
800,11:00:52,17.46,0.0,2,3492,买盘
801,11:01:01,17.46,0.0,69,120474,卖盘
802,11:01:04,17.46,0.0,12,20952,买盘
803,11:01:06,17.46,0.0,5,8730,买盘
804,11:01:16,17.46,0.0,1,1746,买盘
805,11:01:18,17.46,0.0,9,15714,买盘
806,11:01:22,17.45,-0.01,80,139600,卖盘
807,11:01:49,17.45,0.0,30,52350,买盘
808,11:01:57,17.44,-0.01,3,5232,卖盘
809,11:02:01,17.45,0.01,35,61073,买盘
810,11:02:04,17.45,0.0,16,27920,卖盘
811,11:02:22,17.46,0.01,8,13968,买盘
812,11:02:31,17.46,0.0,4,6984,买盘
813,11:02:37,17.46,0.0,96,167616,买盘
814,11:02:43,17.49,0.03,1,1749,买盘
815,11:02:48,17.49,0.0,5,8745,买盘
816,11:02:55,17.49,0.0,3,5247,买盘
817,11:03:00,17.49,0.0,5,8745,卖盘
818,11:03:19,17.49,0.0,8,13995,卖盘
819,11:03:21,17.5,0.01,9,15750,买盘
820,11:03:39,17.51,0.01,2,3502,卖盘
821,11:03:48,17.57,0.06,26,45607,买盘
822,11:04:01,17.51,-0.06,14,24514,卖盘
823,11:04:04,17.51,0.0,9,15759,买盘
824,11:04:07,17.51,0.0,7,12257,买盘
825,11:04:09,17.51,0.0,2,3502,卖盘
826,11:04:16,17.51,0.0,3,5253,卖盘
827,11:04:34,17.57,0.06,3,5271,买盘
828,11:04:43,17.51,-0.06,8,14008,卖盘
829,11:04:46,17.57,0.06,6,10542,买盘
830,11:04:52,17.57,0.0,2,3514,卖盘
831,11:04:58,17.57,0.0,3,5271,卖盘
832,11:05:16,17.56,-0.01,3,5268,中性盘
833,11:05:34,17.54,-0.02,5,8770,卖盘
834,11:05:43,17.54,0.0,10,17540,买盘
835,11:05:46,17.54,0.0,17,30870,买盘
836,11:06:00,17.56,0.02,5,8776,买盘
837,11:06:39,17.55,-0.01,20,35100,卖盘
838,11:06:49,17.56,0.01,5,8780,买盘
839,11:06:52,17.56,0.0,1,1756,买盘
840,11:07:28,17.56,0.0,10,17560,卖盘
841,11:07:30,17.56,0.0,1,1756,卖盘
842,11:07:37,17.56,0.0,53,93118,卖盘
843,11:07:42,17.57,0.01,9,15813,买盘
844,11:07:46,17.58,0.01,10,17580,买盘
845,11:07:58,17.58,0.0,1,1758,买盘
846,11:08:01,17.58,0.0,17,29886,买盘
847,11:08:07,17.6,0.02,10,17600,买盘
848,11:08:10,17.58,-0.02,1,1758,卖盘
849,11:08:24,17.6,0.02,3,5280,买盘
850,11:08:31,17.6,0.0,23,40481,卖盘
851,11:08:36,17.6,0.0,8,14080,卖盘
852,11:09:00,17.6,0.0,29,51031,买盘
853,11:09:16,17.59,-0.01,5,8795,卖盘
854,11:09:24,17.58,-0.01,30,52768,卖盘
855,11:09:43,17.58,0.0,3,5274,卖盘
856,11:10:00,17.58,0.0,2,3516,卖盘
857,11:10:04,17.6,0.02,31,54560,买盘
858,11:10:09,17.58,-0.02,10,17580,卖盘
859,11:10:13,17.6,0.02,22,38720,买盘
860,11:10:19,17.6,0.0,4,7040,买盘
861,11:10:28,17.61,0.01,3,5283,买盘
862,11:10:34,17.61,0.0,11,19371,买盘
863,11:10:36,17.61,0.0,2,3522,卖盘
864,11:10:46,17.62,0.01,5,8810,买盘
865,11:10:55,17.62,0.0,10,17620,买盘
866,11:10:58,17.62,0.0,26,45812,买盘
867,11:11:04,17.64,0.02,15,26460,买盘
868,11:11:13,17.64,0.0,3,5292,买盘
869,11:11:22,17.62,-0.02,15,26458,卖盘
870,11:11:25,17.62,0.0,49,86338,卖盘
871,11:11:31,17.61,-0.01,21,36981,卖盘
872,11:11:34,17.61,0.0,43,75723,买盘
873,11:11:36,17.6,-0.01,2,3520,卖盘
874,11:11:52,17.61,0.01,5,8805,买盘
875,11:12:07,17.61,0.0,21,36981,买盘
876,11:12:27,17.61,0.0,9,15849,买盘
877,11:12:30,17.6,-0.01,20,35200,卖盘
878,11:12:37,17.61,0.01,17,29937,买盘
879,11:12:49,17.61,0.0,1,1761,卖盘
880,11:13:01,17.63,0.02,10,17630,卖盘
881,11:13:07,17.63,0.0,1,1763,卖盘
882,11:13:10,17.63,0.0,5,8815,卖盘
883,11:13:13,17.63,0.0,3,5289,卖盘
884,11:13:16,17.63,0.0,2,3526,卖盘
885,11:13:28,17.62,-0.01,9,15858,卖盘
886,11:13:34,17.62,0.0,10,17620,买盘
887,11:13:40,17.61,-0.01,42,73951,卖盘
888,11:14:01,17.61,0.0,2,3522,卖盘
889,11:14:07,17.61,0.0,9,15849,卖盘
890,11:14:18,17.61,0.0,11,19373,卖盘
891,11:14:52,17.61,0.0,24,42264,卖盘
892,11:15:01,17.6,-0.01,2,3520,卖盘
893,11:15:25,17.6,0.0,76,133760,卖盘
894,11:15:43,17.6,0.0,10,17600,买盘
895,11:15:46,17.6,0.0,9,15840,买盘
896,11:15:49,17.59,-0.01,2,3518,卖盘
897,11:16:01,17.6,0.01,40,70400,买盘
898,11:16:16,17.61,0.01,8,14088,买盘
899,11:16:27,17.62,0.01,10,17620,买盘
900,11:16:36,17.62,0.0,10,17620,买盘
901,11:17:06,17.62,0.0,5,8810,买盘
902,11:17:13,17.62,0.0,11,19382,买盘
903,11:17:16,17.62,0.0,2,3524,买盘
904,11:17:19,17.61,-0.01,32,56352,卖盘
905,11:17:22,17.62,0.01,4,7045,买盘
906,11:17:52,17.62,0.0,3,5286,买盘
907,11:18:07,17.6,-0.02,28,49280,卖盘
908,11:18:48,17.6,0.0,2,3520,卖盘
909,11:18:52,17.61,0.01,4,7044,买盘
910,11:18:54,17.62,0.01,9,15858,买盘
911,11:19:06,17.62,0.0,2,3524,卖盘
912,11:19:40,17.63,0.01,50,88143,买盘
913,11:19:48,17.63,0.0,12,21156,买盘
914,11:20:00,17.62,-0.01,2,3524,卖盘
915,11:20:13,17.63,0.01,4,7052,买盘
916,11:20:25,17.63,0.0,11,19383,买盘
917,11:20:28,17.63,0.0,1,1763,买盘
918,11:20:37,17.64,0.01,64,112849,买盘
919,11:20:43,17.66,0.02,26,45893,买盘
920,11:20:52,17.64,-0.02,10,17646,卖盘
921,11:20:57,17.66,0.02,56,98896,买盘
922,11:21:00,17.66,0.0,1,1766,买盘
923,11:21:10,17.67,0.01,1,1767,买盘
924,11:21:13,17.67,0.0,2,3534,买盘
925,11:21:27,17.68,0.01,4,7072,买盘
926,11:21:37,17.7,0.02,6,10612,买盘
927,11:21:46,17.7,0.0,5,8850,卖盘
928,11:21:49,17.72,0.02,1,1772,买盘
929,11:21:51,17.7,-0.02,5,8850,卖盘
930,11:21:57,17.7,0.0,16,28320,卖盘
931,11:22:04,17.7,0.0,32,56640,买盘
932,11:22:19,17.69,-0.01,1,1769,卖盘
933,11:22:25,17.67,-0.02,7,12374,卖盘
934,11:22:28,17.69,0.02,7,12383,买盘
935,11:22:33,17.67,-0.02,5,8835,卖盘
936,11:22:39,17.68,0.01,5,8840,买盘
937,11:22:45,17.67,-0.01,5,8835,卖盘
938,11:22:52,17.67,0.0,8,14136,卖盘
939,11:22:55,17.63,-0.04,50,88297,卖盘
940,11:23:12,17.65,0.02,1,1765,买盘
941,11:23:16,17.65,0.0,3,5295,买盘
942,11:23:31,17.64,-0.01,19,33520,卖盘
943,11:23:45,17.66,0.02,1,1766,买盘
944,11:23:48,17.64,-0.02,3,5292,卖盘
945,11:24:22,17.64,0.0,15,26460,卖盘
946,11:25:01,17.65,0.01,3,5295,卖盘
947,11:25:07,17.65,0.0,1,1765,卖盘
948,11:25:10,17.66,0.01,22,38852,买盘
949,11:25:13,17.66,0.0,44,77703,买盘
950,11:25:25,17.66,0.0,18,31788,买盘
951,11:25:37,17.68,0.02,26,45918,买盘
952,11:25:55,17.65,-0.03,13,22953,卖盘
953,11:26:06,17.66,0.01,1,1766,卖盘
954,11:26:10,17.66,0.0,1,1766,卖盘
955,11:26:13,17.66,0.0,1,1766,卖盘
956,11:26:16,17.66,0.0,6,10596,卖盘
957,11:26:19,17.65,-0.01,2,3530,卖盘
958,11:26:21,17.65,0.0,2,3530,卖盘
959,11:26:24,17.65,0.0,3,5295,卖盘
960,11:26:27,17.65,0.0,3,5295,卖盘
961,11:26:31,17.65,0.0,3,5295,卖盘
962,11:26:34,17.65,0.0,7,12355,卖盘
963,11:26:37,17.64,-0.01,36,63507,卖盘
964,11:26:42,17.63,-0.01,3,5289,卖盘
965,11:26:55,17.63,0.0,52,91676,卖盘
966,11:27:00,17.61,-0.02,6,10566,卖盘
967,11:27:16,17.58,-0.03,18,31647,卖盘
968,11:28:01,17.59,0.01,3,5277,卖盘
969,11:28:30,17.61,0.02,10,17610,买盘
970,11:28:58,17.6,-0.01,1,1760,卖盘
971,11:29:22,17.6,0.0,10,17600,卖盘
972,11:29:34,17.61,0.01,30,52830,买盘
973,11:29:42,17.61,0.0,10,17610,卖盘
974,11:29:46,17.62,0.01,29,51098,买盘
975,13:00:07,17.61,-0.01,14,24659,卖盘
976,13:00:15,17.61,0.0,46,81014,卖盘
977,13:00:24,17.61,0.0,10,17610,买盘
978,13:00:30,17.63,0.02,5,8815,买盘
979,13:00:39,17.63,0.0,33,58179,买盘
980,13:00:58,17.65,0.02,10,17650,买盘
981,13:01:16,17.61,-0.04,7,12327,卖盘
982,13:01:24,17.61,0.0,13,22893,卖盘
983,13:01:33,17.65,0.04,5,8825,买盘
984,13:01:58,17.65,0.0,5,8825,买盘
985,13:02:36,17.64,-0.01,25,44100,买盘
986,13:02:48,17.65,0.01,15,26475,买盘
987,13:03:01,17.66,0.01,5,8830,买盘
988,13:03:09,17.67,0.01,38,67140,买盘
989,13:03:58,17.66,-0.01,5,8830,买盘
990,13:04:01,17.66,0.0,10,17660,买盘
991,13:04:07,17.66,0.0,5,8830,买盘
992,13:04:19,17.66,0.0,1,1766,卖盘
993,13:04:25,17.66,0.0,3,5298,卖盘
994,13:04:31,17.66,0.0,30,52980,卖盘
995,13:04:46,17.66,0.0,50,88300,卖盘
996,13:04:48,17.68,0.02,65,114920,买盘
997,13:05:01,17.69,0.01,5,8845,买盘
998,13:05:09,17.7,0.01,62,109710,买盘
999,13:05:24,17.7,0.0,50,88500,卖盘
1000,13:05:27,17.7,0.0,10,17700,卖盘
1001,13:05:37,17.7,0.0,40,70800,卖盘
1002,13:05:42,17.7,0.0,1,1770,卖盘
1003,13:05:45,17.7,0.0,34,60180,卖盘
1004,13:05:48,17.7,0.0,27,47790,卖盘
1005,13:05:52,17.7,0.0,12,21240,卖盘
1006,13:05:55,17.69,-0.01,6,10618,卖盘
1007,13:05:58,17.69,0.0,12,21228,卖盘
1008,13:06:01,17.69,0.0,11,19464,卖盘
1009,13:06:05,17.69,0.0,10,17690,卖盘
1010,13:06:10,17.69,0.0,4,7076,买盘
1011,13:06:13,17.7,0.01,33,58410,买盘
1012,13:06:16,17.7,0.0,7,12390,卖盘
1013,13:06:42,17.7,0.0,10,17700,卖盘
1014,13:06:46,17.7,0.0,50,88500,卖盘
1015,13:06:58,17.71,0.01,1,1771,买盘
1016,13:07:01,17.7,-0.01,14,24780,卖盘
1017,13:07:04,17.7,0.0,1,1770,卖盘
1018,13:07:27,17.7,0.0,2,3540,卖盘
1019,13:07:30,17.7,0.0,7,12390,卖盘
1020,13:07:33,17.7,0.0,1,1770,买盘
1021,13:07:58,17.69,-0.01,3,5307,卖盘
1022,13:08:42,17.69,0.0,1,1769,卖盘
1023,13:08:58,17.7,0.01,5,8850,买盘
1024,13:09:07,17.69,-0.01,10,17690,卖盘
1025,13:09:09,17.7,0.01,20,35400,买盘
1026,13:09:12,17.7,0.0,46,81420,买盘
1027,13:09:22,17.69,-0.01,1,1769,卖盘
1028,13:09:25,17.7,0.01,16,28320,买盘
1029,13:09:57,17.71,0.01,5,8855,买盘
1030,13:10:10,17.71,0.0,14,24794,买盘
1031,13:10:27,17.71,0.0,2,3542,卖盘
1032,13:10:39,17.72,0.01,20,35440,买盘
1033,13:11:00,17.72,0.0,5,8860,买盘
1034,13:11:13,17.72,0.0,2,3544,买盘
1035,13:11:52,17.71,-0.01,2,3542,卖盘
1036,13:12:01,17.72,0.01,5,8860,买盘
1037,13:12:04,17.71,-0.01,8,14168,卖盘
1038,13:12:07,17.71,0.0,17,30107,卖盘
1039,13:12:10,17.71,0.0,8,14168,买盘
1040,13:12:13,17.71,0.0,10,17710,买盘
1041,13:12:19,17.7,-0.01,2,3540,卖盘
1042,13:12:24,17.7,0.0,18,31860,卖盘
1043,13:12:34,17.69,-0.01,5,8845,卖盘
1044,13:12:37,17.69,0.0,65,114985,卖盘
1045,13:12:40,17.69,0.0,16,28304,卖盘
1046,13:12:43,17.68,-0.01,17,30057,卖盘
1047,13:12:46,17.68,0.0,14,24752,卖盘
1048,13:12:48,17.68,0.0,20,35360,卖盘
1049,13:12:51,17.68,0.0,57,100776,卖盘
1050,13:12:55,17.68,0.0,48,84864,卖盘
1051,13:12:57,17.68,0.0,82,144976,卖盘
1052,13:13:04,17.65,-0.03,19,33535,卖盘
1053,13:13:07,17.65,0.0,14,24710,卖盘
1054,13:13:10,17.65,0.0,3,5295,卖盘
1055,13:13:13,17.65,0.0,14,24710,卖盘
1056,13:13:22,17.65,0.0,5,8825,卖盘
1057,13:13:31,17.65,0.0,25,44125,卖盘
1058,13:13:42,17.66,0.01,51,90016,买盘
1059,13:13:46,17.66,0.0,40,70610,买盘
1060,13:13:54,17.65,-0.01,28,49420,卖盘
1061,13:13:58,17.66,0.01,20,35314,买盘
1062,13:14:00,17.64,-0.02,26,45875,卖盘
1063,13:14:18,17.64,0.0,303,534492,卖盘
1064,13:15:34,17.62,-0.02,4,7048,卖盘
1065,13:15:58,17.64,0.02,5,8820,买盘
1066,13:16:16,17.64,0.0,10,17640,买盘
1067,13:16:19,17.64,0.0,2,3528,买盘
1068,13:16:40,17.64,0.0,13,22932,卖盘
1069,13:16:55,17.65,0.01,3,5295,买盘
1070,13:16:58,17.65,0.0,1,1765,买盘
1071,13:17:06,17.65,0.0,5,8825,中性盘
1072,13:17:28,17.65,0.0,2,3530,卖盘
1073,13:17:33,17.65,0.0,7,12355,卖盘
1074,13:17:40,17.65,0.0,5,8825,卖盘
1075,13:18:34,17.61,-0.04,50,88103,卖盘
1076,13:18:37,17.65,0.04,7,12349,买盘
1077,13:18:42,17.61,-0.04,3,5291,卖盘
1078,13:18:45,17.61,0.0,1,1761,卖盘
1079,13:18:51,17.63,0.02,4,7052,买盘
1080,13:19:22,17.61,-0.02,31,54611,卖盘
1081,13:19:43,17.63,0.02,2,3526,买盘
1082,13:19:57,17.66,0.03,5,8830,买盘
1083,13:20:24,17.66,0.0,5,8830,买盘
1084,13:20:43,17.67,0.01,1,1767,买盘
1085,13:21:01,17.67,0.0,21,37107,买盘
1086,13:21:13,17.68,0.01,8,14144,买盘
1087,13:21:31,17.68,0.0,5,8840,买盘
1088,13:21:33,17.69,0.01,6,10613,买盘
1089,13:21:37,17.72,0.03,2,3544,买盘
1090,13:21:43,17.7,-0.02,11,19470,卖盘
1091,13:21:55,17.72,0.02,5,8860,买盘
1092,13:21:58,17.72,0.0,5,8860,买盘
1093,13:22:01,17.7,-0.02,37,65490,卖盘
1094,13:22:04,17.7,0.0,9,15930,买盘
1095,13:22:25,17.69,-0.01,3,5307,买盘
1096,13:22:31,17.69,0.0,15,26535,买盘
1097,13:22:52,17.68,-0.01,117,206879,卖盘
1098,13:22:58,17.67,-0.01,5,8835,卖盘
1099,13:23:04,17.66,-0.01,5,8830,中性盘
1100,13:23:10,17.65,-0.01,13,22945,卖盘
1101,13:23:16,17.65,0.0,7,12355,卖盘
1102,13:23:22,17.65,0.0,1,1765,卖盘
1103,13:23:24,17.65,0.0,1,1765,买盘
1104,13:24:01,17.64,-0.01,1,1764,卖盘
1105,13:24:25,17.65,0.01,1,1765,买盘
1106,13:24:28,17.65,0.0,2,3530,买盘
1107,13:24:30,17.65,0.0,3,5295,买盘
1108,13:24:33,17.65,0.0,14,24710,买盘
1109,13:24:54,17.7,0.05,54,95540,买盘
1110,13:25:16,17.7,0.0,2,3541,卖盘
1111,13:25:19,17.7,0.0,16,28320,卖盘
1112,13:25:22,17.7,0.0,21,37170,卖盘
1113,13:25:31,17.68,-0.02,1,1768,卖盘
1114,13:25:37,17.68,0.0,1,1768,卖盘
1115,13:25:55,17.68,0.0,1,1768,卖盘
1116,13:26:04,17.68,0.0,20,35360,卖盘
1117,13:26:19,17.68,0.0,8,14144,卖盘
1118,13:26:22,17.68,0.0,7,12376,卖盘
1119,13:26:40,17.68,0.0,30,53040,卖盘
1120,13:26:43,17.68,0.0,1,1768,卖盘
1121,13:26:46,17.69,0.01,20,35380,买盘
1122,13:26:48,17.69,0.0,6,10614,买盘
1123,13:26:58,17.69,0.0,5,8845,买盘
1124,13:27:01,17.69,0.0,13,22997,买盘
1125,13:27:09,17.69,0.0,2,3538,卖盘
1126,13:27:16,17.69,0.0,91,160979,卖盘
1127,13:27:34,17.68,-0.01,5,8840,卖盘
1128,13:27:40,17.68,0.0,8,14144,卖盘
1129,13:27:46,17.69,0.01,13,22997,买盘
1130,13:27:58,17.69,0.0,3,5307,卖盘
1131,13:28:01,17.69,0.0,31,54869,中性盘
1132,13:28:46,17.68,-0.01,10,17680,卖盘
1133,13:28:58,17.7,0.02,5,8850,买盘
1134,13:29:28,17.69,-0.01,20,35369,买盘
1135,13:29:34,17.7,0.01,1,1770,买盘
1136,13:30:00,17.67,-0.03,8,14136,买盘
1137,13:30:16,17.67,0.0,8,14136,买盘
1138,13:30:37,17.67,0.0,8,14136,买盘
1139,13:30:58,17.67,0.0,1,1767,买盘
1140,13:31:30,17.67,0.0,1,1767,卖盘
1141,13:31:34,17.67,0.0,8,14136,卖盘
1142,13:31:46,17.67,0.0,12,21204,买盘
1143,13:32:15,17.69,0.02,25,44225,买盘
1144,13:32:57,17.69,0.0,5,8845,买盘
1145,13:33:04,17.68,-0.01,1,1768,卖盘
1146,13:33:10,17.68,0.0,5,8840,买盘
1147,13:33:24,17.67,-0.01,2,3534,卖盘
1148,13:33:28,17.67,0.0,48,84934,卖盘
1149,13:33:40,17.66,-0.01,23,40625,卖盘
1150,13:33:46,17.66,0.0,27,47682,买盘
1151,13:33:52,17.66,0.0,1,1766,买盘
1152,13:33:57,17.7,0.04,2,3536,买盘
1153,13:34:01,17.65,-0.05,24,42361,卖盘
1154,13:34:04,17.65,0.0,1,1765,买盘
1155,13:34:10,17.65,0.0,1,1765,买盘
1156,13:34:12,17.66,0.01,27,47658,买盘
1157,13:34:18,17.66,0.0,1,1766,买盘
1158,13:34:22,17.66,0.0,4,7066,买盘
1159,13:34:28,17.7,0.04,1,1770,买盘
1160,13:34:36,17.7,0.0,10,17695,买盘
1161,13:34:58,17.69,-0.01,5,8845,买盘
1162,13:35:01,17.67,-0.02,5,8835,卖盘
1163,13:35:04,17.67,0.0,9,15903,卖盘
1164,13:35:07,17.67,0.0,5,8835,卖盘
1165,13:35:16,17.67,0.0,5,8835,卖盘
1166,13:35:18,17.66,-0.01,37,65354,卖盘
1167,13:35:25,17.67,0.01,10,17670,中性盘
1168,13:35:31,17.67,0.0,8,14136,卖盘
1169,13:35:37,17.67,0.0,25,44175,卖盘
1170,13:35:39,17.67,0.0,1,1767,卖盘
1171,13:35:46,17.67,0.0,2,3534,卖盘
1172,13:35:49,17.67,0.0,1,1767,卖盘
1173,13:36:16,17.66,-0.01,16,28256,卖盘
1174,13:36:24,17.65,-0.01,1,1765,卖盘
1175,13:36:30,17.65,0.0,5,8825,卖盘
1176,13:36:37,17.65,0.0,1,1765,卖盘
1177,13:36:57,17.65,0.0,5,8825,卖盘
1178,13:37:22,17.65,0.0,18,31770,卖盘
1179,13:37:31,17.65,0.0,3,5295,卖盘
1180,13:37:45,17.65,0.0,5,8825,卖盘
1181,13:37:48,17.65,0.0,15,26475,卖盘
1182,13:37:58,17.66,0.01,5,8830,买盘
1183,13:38:01,17.65,-0.01,7,12355,卖盘
1184,13:38:25,17.65,0.0,5,8825,买盘
1185,13:38:28,17.66,0.01,10,17660,买盘
1186,13:38:34,17.64,-0.02,5,8823,卖盘
1187,13:38:40,17.66,0.02,10,17660,买盘
1188,13:38:43,17.66,0.0,25,44150,买盘
1189,13:38:58,17.67,0.01,5,8835,买盘
1190,13:39:10,17.66,-0.01,12,21192,卖盘
1191,13:39:19,17.66,0.0,10,17660,买盘
1192,13:39:51,17.65,-0.01,16,28240,卖盘
1193,13:39:58,17.65,0.0,5,8825,买盘
1194,13:40:01,17.66,0.01,24,42365,买盘
1195,13:40:19,17.64,-0.02,480,846720,卖盘
1196,13:40:25,17.64,0.0,1,1764,卖盘
1197,13:40:28,17.64,0.0,5,8820,卖盘
1198,13:40:31,17.64,0.0,24,42336,卖盘
1199,13:40:37,17.64,0.0,5,8820,卖盘
1200,13:40:43,17.62,-0.02,145,255636,卖盘
1201,13:40:46,17.62,0.0,25,44050,卖盘
1202,13:41:07,17.62,0.0,50,88100,卖盘
1203,13:41:10,17.62,0.0,20,35240,卖盘
1204,13:41:18,17.62,0.0,71,125102,卖盘
1205,13:41:21,17.62,0.0,11,19382,买盘
1206,13:41:25,17.61,-0.01,12,21132,卖盘
1207,13:41:28,17.62,0.01,6,10572,买盘
1208,13:41:34,17.61,-0.01,3,5283,卖盘
1209,13:41:40,17.61,0.0,1,1761,卖盘
1210,13:41:46,17.6,-0.01,22,38734,卖盘
1211,13:41:49,17.6,0.0,11,19360,买盘
1212,13:41:58,17.6,0.0,5,8796,买盘
1213,13:42:04,17.6,0.0,13,22880,买盘
1214,13:42:10,17.6,0.0,10,17600,买盘
1215,13:42:13,17.6,0.0,69,121440,买盘
1216,13:42:18,17.62,0.02,5,8810,买盘
1217,13:42:25,17.62,0.0,8,14086,买盘
1218,13:42:28,17.62,0.0,7,12334,买盘
1219,13:42:31,17.62,0.0,4,7048,卖盘
1220,13:42:34,17.61,-0.01,2,3522,卖盘
1221,13:42:58,17.63,0.02,17,29971,买盘
1222,13:43:04,17.62,-0.01,3,5286,卖盘
1223,13:43:10,17.62,0.0,53,93386,买盘
1224,13:43:16,17.62,0.0,27,47574,买盘
1225,13:43:22,17.62,0.0,3,5284,买盘
1226,13:43:25,17.62,0.0,4,7048,买盘
1227,13:43:31,17.61,-0.01,6,10566,卖盘
1228,13:44:04,17.62,0.01,11,19382,买盘
1229,13:44:07,17.61,-0.01,2,3522,卖盘
1230,13:44:09,17.61,0.0,1,1761,买盘
1231,13:44:13,17.61,0.0,1,1761,卖盘
1232,13:44:22,17.61,0.0,1,1761,卖盘
1233,13:44:40,17.6,-0.01,136,239370,卖盘
1234,13:44:43,17.6,0.0,1,1760,买盘
1235,13:44:52,17.6,0.0,1,1760,买盘
1236,13:44:57,17.59,-0.01,12,21108,卖盘
1237,13:45:07,17.59,0.0,1,1759,卖盘
1238,13:45:22,17.58,-0.01,9,15828,卖盘
1239,13:45:40,17.58,0.0,50,87900,卖盘
1240,13:45:46,17.58,0.0,1,1758,卖盘
1241,13:46:34,17.57,-0.01,1,1757,买盘
1242,13:46:46,17.58,0.01,5,8790,买盘
1243,13:46:58,17.59,0.01,5,8795,买盘
1244,13:47:04,17.59,0.0,2,3518,买盘
1245,13:47:06,17.59,0.0,10,17590,买盘
1246,13:47:13,17.58,-0.01,4,7032,卖盘
1247,13:47:16,17.59,0.01,1,1759,买盘
1248,13:47:22,17.6,0.01,56,98536,买盘
1249,13:47:25,17.6,0.0,4,7040,卖盘
1250,13:47:31,17.6,0.0,5,8800,卖盘
1251,13:47:58,17.61,0.01,5,8805,买盘
1252,13:48:10,17.61,0.0,5,8805,买盘
1253,13:48:27,17.61,0.0,3,5283,卖盘
1254,13:48:45,17.62,0.01,3,5286,买盘
1255,13:48:55,17.62,0.0,75,132150,买盘
1256,13:49:07,17.62,0.0,5,8810,卖盘
1257,13:49:25,17.62,0.0,3,5286,卖盘
1258,13:49:34,17.62,0.0,14,24668,卖盘
1259,13:49:37,17.64,0.02,7,12346,买盘
1260,13:50:19,17.63,-0.01,13,22910,买盘
1261,13:50:51,17.62,-0.01,1,1762,买盘
1262,13:50:57,17.63,0.01,7,12339,买盘
1263,13:51:04,17.63,0.0,1,1763,买盘
1264,13:51:15,17.63,0.0,13,22907,买盘
1265,13:52:00,17.63,0.0,6,10578,买盘
1266,13:52:06,17.62,-0.01,1,1762,卖盘
1267,13:52:27,17.62,0.0,5,8810,卖盘
1268,13:52:36,17.62,0.0,4,7048,买盘
1269,13:52:46,17.62,0.0,3,5287,卖盘
1270,13:52:48,17.63,0.01,1,1763,买盘
1271,13:53:49,17.63,0.0,10,17630,买盘
1272,13:53:55,17.63,0.0,1,1763,买盘
1273,13:54:01,17.63,0.0,7,12341,买盘
1274,13:54:04,17.63,0.0,7,12341,买盘
1275,13:54:07,17.62,-0.01,41,72243,卖盘
1276,13:54:10,17.63,0.01,1,1763,买盘
1277,13:54:48,17.63,0.0,3,5289,买盘
1278,13:54:51,17.62,-0.01,5,8810,卖盘
1279,13:54:55,17.63,0.01,2,3526,买盘
1280,13:54:57,17.63,0.0,5,8815,买盘
1281,13:55:00,17.62,-0.01,11,19382,卖盘
1282,13:55:09,17.62,0.0,8,14096,卖盘
1283,13:55:30,17.6,-0.02,20,35211,卖盘
1284,13:55:52,17.61,0.01,17,29937,买盘
1285,13:56:19,17.61,0.0,8,14088,卖盘
1286,13:56:22,17.61,0.0,2,3522,卖盘
1287,13:56:24,17.62,0.01,6,10569,买盘
1288,13:56:57,17.62,0.0,5,8810,买盘
1289,13:57:01,17.61,-0.01,7,12327,卖盘
1290,13:57:16,17.61,0.0,4,7044,买盘
1291,13:57:43,17.62,0.01,9,15858,买盘
1292,13:57:57,17.62,0.0,5,8810,买盘
1293,13:58:04,17.62,0.0,1,1762,买盘
1294,13:58:10,17.62,0.0,1,1762,买盘
1295,13:58:13,17.63,0.01,60,105776,买盘
1296,13:58:22,17.61,-0.02,27,47547,卖盘
1297,13:58:25,17.61,0.0,2,3522,买盘
1298,13:59:04,17.6,-0.01,3,5280,卖盘
1299,13:59:07,17.61,0.01,11,19371,买盘
1300,13:59:43,17.6,-0.01,1,1760,卖盘
1301,13:59:51,17.61,0.01,51,89811,买盘
1302,13:59:58,17.63,0.02,5,8815,买盘
1303,14:00:19,17.61,-0.02,4,7044,卖盘
1304,14:00:34,17.61,0.0,10,17610,卖盘
1305,14:00:49,17.61,0.0,2,3522,卖盘
1306,14:00:58,17.63,0.02,5,8815,买盘
1307,14:01:22,17.61,-0.02,20,35220,卖盘
1308,14:01:58,17.62,0.01,5,8810,买盘
1309,14:02:01,17.6,-0.02,67,117969,卖盘
1310,14:02:21,17.58,-0.02,66,116046,卖盘
1311,14:02:42,17.58,0.0,21,36918,卖盘
1312,14:03:06,17.58,0.0,5,8790,卖盘
1313,14:03:28,17.58,0.0,3,5274,卖盘
1314,14:03:58,17.6,0.02,10,17590,买盘
1315,14:04:07,17.58,-0.02,4,7032,卖盘
1316,14:04:25,17.58,0.0,3,5274,卖盘
1317,14:04:30,17.58,0.0,1,1758,卖盘
1318,14:04:43,17.58,0.0,5,8790,卖盘
1319,14:04:57,17.6,0.02,5,8800,买盘
1320,14:05:07,17.58,-0.02,20,35160,卖盘
1321,14:05:58,17.59,0.01,28,49252,买盘
1322,14:06:01,17.59,0.0,76,133684,卖盘
1323,14:06:09,17.59,0.0,7,12313,卖盘
1324,14:06:19,17.59,0.0,3,5277,卖盘
1325,14:06:37,17.57,-0.02,40,70297,卖盘
1326,14:06:40,17.58,0.01,14,24612,买盘
1327,14:06:52,17.58,0.0,5,8790,卖盘
1328,14:06:58,17.58,0.0,9,15822,卖盘
1329,14:07:04,17.58,0.0,3,5274,卖盘
1330,14:07:10,17.58,0.0,24,42192,卖盘
1331,14:07:22,17.57,-0.01,20,35140,卖盘
1332,14:07:28,17.58,0.01,5,8790,买盘
1333,14:07:31,17.57,-0.01,3,5271,卖盘
1334,14:07:37,17.56,-0.01,24,42158,卖盘
1335,14:07:45,17.55,-0.01,2,3510,卖盘
1336,14:07:55,17.55,0.0,11,19305,卖盘
1337,14:07:58,17.55,0.0,10,17550,卖盘
1338,14:08:01,17.55,0.0,4,7020,卖盘
1339,14:08:10,17.55,0.0,16,28080,卖盘
1340,14:08:49,17.54,-0.01,2,3507,买盘
1341,14:08:52,17.52,-0.02,100,175220,卖盘
1342,14:09:01,17.53,0.01,5,8765,买盘
1343,14:09:06,17.53,0.0,31,54343,买盘
1344,14:09:10,17.54,0.01,5,8770,卖盘
1345,14:09:13,17.55,0.01,1,1755,买盘
1346,14:09:16,17.55,0.0,2,3510,买盘
1347,14:09:25,17.55,0.0,6,10530,买盘
1348,14:09:31,17.55,0.0,1,1755,买盘
1349,14:09:40,17.56,0.01,11,19316,买盘
1350,14:09:55,17.56,0.0,3,5268,卖盘
1351,14:10:10,17.58,0.02,80,140640,买盘
1352,14:10:31,17.58,0.0,14,24612,卖盘
1353,14:10:37,17.57,-0.01,5,8785,卖盘
1354,14:11:25,17.56,-0.01,3,5268,卖盘
1355,14:11:28,17.58,0.02,78,137124,买盘
1356,14:11:30,17.58,0.0,3,5274,卖盘
1357,14:11:49,17.56,-0.02,38,66743,卖盘
1358,14:11:58,17.57,0.01,5,8785,买盘
1359,14:12:06,17.56,-0.01,2,3512,卖盘
1360,14:12:37,17.57,0.01,20,35140,买盘
1361,14:12:51,17.58,0.01,18,31644,买盘
1362,14:12:58,17.59,0.01,95,167105,买盘
1363,14:13:01,17.57,-0.02,161,282932,卖盘
1364,14:13:04,17.59,0.02,125,219873,买盘
1365,14:13:07,17.59,0.0,77,135443,买盘
1366,14:13:10,17.59,0.0,2,3518,买盘
1367,14:13:13,17.6,0.01,2,3520,买盘
1368,14:13:16,17.6,0.0,2,3520,买盘
1369,14:13:22,17.6,0.0,14,24640,买盘
1370,14:13:25,17.6,0.0,1,1760,买盘
1371,14:13:28,17.6,0.0,4,7040,买盘
1372,14:13:31,17.6,0.0,1,1760,买盘
1373,14:13:34,17.6,0.0,17,29920,买盘
1374,14:13:40,17.6,0.0,5,8800,中性盘
1375,14:13:58,17.63,0.03,200,352600,买盘
1376,14:14:01,17.63,0.0,5,8815,买盘
1377,14:14:04,17.63,0.0,6,10578,买盘
1378,14:14:07,17.63,0.0,16,28208,买盘
1379,14:14:13,17.63,0.0,2,3526,买盘
1380,14:14:28,17.63,0.0,13,22919,买盘
1381,14:14:37,17.63,0.0,9,15867,买盘
1382,14:14:40,17.62,-0.01,44,77558,卖盘
1383,14:14:55,17.62,0.0,5,8810,卖盘
1384,14:15:01,17.6,-0.02,40,70400,卖盘
1385,14:15:04,17.6,0.0,32,56320,买盘
1386,14:15:28,17.6,0.0,20,35200,买盘
1387,14:15:34,17.59,-0.01,10,17591,卖盘
1388,14:16:31,17.59,0.0,3,5277,买盘
1389,14:16:49,17.59,0.0,9,15831,买盘
1390,14:16:58,17.59,0.0,5,8795,买盘
1391,14:17:05,17.59,0.0,30,52770,买盘
1392,14:17:10,17.59,0.0,10,17590,买盘
1393,14:17:16,17.59,0.0,1,1759,买盘
1394,14:17:22,17.59,0.0,5,8795,买盘
1395,14:17:37,17.6,0.01,116,204151,买盘
1396,14:17:43,17.62,0.02,2,3524,买盘
1397,14:17:58,17.62,0.0,5,8810,买盘
1398,14:18:13,17.62,0.0,6,10572,买盘
1399,14:18:16,17.6,-0.02,40,70411,卖盘
1400,14:18:58,17.62,0.02,9,15858,买盘
1401,14:19:07,17.6,-0.02,5,8800,卖盘
1402,14:19:10,17.62,0.02,20,35240,买盘
1403,14:19:19,17.62,0.0,5,8810,买盘
1404,14:19:22,17.62,0.0,1,1762,卖盘
1405,14:19:25,17.6,-0.02,5,8804,卖盘
1406,14:19:55,17.6,0.0,16,28160,卖盘
1407,14:19:58,17.62,0.02,4,7048,买盘
1408,14:20:04,17.62,0.0,1,1762,卖盘
1409,14:20:10,17.6,-0.02,38,66920,卖盘
1410,14:20:13,17.62,0.02,1,1762,中性盘
1411,14:20:19,17.63,0.01,37,65230,买盘
1412,14:20:31,17.6,-0.03,5,8800,卖盘
1413,14:21:30,17.6,0.0,4,7040,卖盘
1414,14:21:46,17.6,0.0,2,3520,卖盘
1415,14:21:57,17.62,0.02,36,63432,买盘
1416,14:22:31,17.6,-0.02,2,3520,卖盘
1417,14:22:34,17.6,0.0,1,1760,卖盘
1418,14:22:40,17.6,0.0,81,142565,卖盘
1419,14:22:46,17.6,0.0,10,17600,卖盘
1420,14:23:04,17.59,-0.01,17,29903,卖盘
1421,14:23:10,17.59,0.0,3,5277,卖盘
1422,14:23:25,17.59,0.0,2,3518,卖盘
1423,14:23:31,17.59,0.0,25,43975,卖盘
1424,14:23:46,17.59,0.0,56,98504,卖盘
1425,14:24:04,17.59,0.0,1,1759,买盘
1426,14:24:28,17.58,-0.01,66,116028,卖盘
1427,14:25:01,17.57,-0.01,5,8785,卖盘
1428,14:25:21,17.56,-0.01,16,28096,卖盘
1429,14:25:49,17.58,0.02,1,1758,买盘
1430,14:25:58,17.58,0.0,5,8790,买盘
1431,14:26:24,17.57,-0.01,3,5271,卖盘
1432,14:26:31,17.58,0.01,6,10548,买盘
1433,14:26:46,17.59,0.01,100,175900,买盘
1434,14:26:52,17.59,0.0,4,7036,买盘
1435,14:26:58,17.58,-0.01,9,15822,卖盘
1436,14:27:01,17.58,0.0,1,1758,买盘
1437,14:27:04,17.58,0.0,2,3516,买盘
1438,14:27:34,17.58,0.0,1,1758,买盘
1439,14:27:37,17.58,0.0,1,1758,买盘
1440,14:27:40,17.57,-0.01,5,8786,卖盘
1441,14:27:43,17.58,0.01,10,17580,买盘
1442,14:27:52,17.59,0.01,1,1759,买盘
1443,14:27:58,17.59,0.0,5,8795,买盘
1444,14:28:01,17.59,0.0,1,1759,买盘
1445,14:28:04,17.59,0.0,1,1759,买盘
1446,14:28:07,17.59,0.0,1,1759,买盘
1447,14:28:34,17.59,0.0,1,1759,买盘
1448,14:28:40,17.59,0.0,3,5277,买盘
1449,14:28:43,17.59,0.0,1,1759,卖盘
1450,14:28:57,17.61,0.02,5,8805,买盘
1451,14:29:40,17.61,0.0,1,1761,买盘
1452,14:29:58,17.61,0.0,5,8805,买盘
1453,14:30:46,17.61,0.0,3,5283,买盘
1454,14:30:52,17.61,0.0,14,24654,中性盘
1455,14:30:58,17.61,0.0,5,8805,买盘
1456,14:31:18,17.61,0.0,10,17610,买盘
1457,14:31:25,17.6,-0.01,31,54560,卖盘
1458,14:31:31,17.6,0.0,1,1760,卖盘
1459,14:31:34,17.59,-0.01,6,10554,卖盘
1460,14:31:58,17.59,0.0,3,5277,买盘
1461,14:32:58,17.61,0.02,5,8805,买盘
1462,14:33:04,17.61,0.0,1,1761,买盘
1463,14:33:25,17.61,0.0,2,3522,买盘
1464,14:33:40,17.61,0.0,13,22893,买盘
1465,14:33:46,17.61,0.0,10,17610,卖盘
1466,14:33:55,17.6,-0.01,17,29920,卖盘
1467,14:34:01,17.6,0.0,7,12320,买盘
1468,14:34:25,17.59,-0.01,10,17590,卖盘
1469,14:34:40,17.58,-0.01,1,1758,卖盘
1470,14:34:57,17.59,0.01,3,5277,买盘
1471,14:35:04,17.58,-0.01,6,10550,卖盘
1472,14:35:10,17.59,0.01,5,8795,中性盘
1473,14:36:09,17.59,0.0,1,1759,卖盘
1474,14:36:13,17.59,0.0,10,17590,卖盘
1475,14:36:18,17.6,0.01,10,17600,买盘
1476,14:36:30,17.6,0.0,12,21120,买盘
1477,14:37:10,17.6,0.0,17,29920,卖盘
1478,14:37:21,17.6,0.0,15,26400,买盘
1479,14:37:27,17.59,-0.01,23,40457,卖盘
1480,14:37:31,17.59,0.0,2,3518,买盘
1481,14:37:34,17.59,0.0,38,66842,买盘
1482,14:37:43,17.59,0.0,9,15829,买盘
1483,14:37:46,17.59,0.0,3,5277,卖盘
1484,14:37:52,17.59,0.0,6,10554,卖盘
1485,14:37:58,17.6,0.01,4,7040,买盘
1486,14:38:01,17.61,0.01,16,28172,买盘
1487,14:38:04,17.6,-0.01,4,7040,买盘
1488,14:38:07,17.6,0.0,5,8800,买盘
1489,14:38:10,17.6,0.0,1,1760,买盘
1490,14:38:18,17.61,0.01,1,1761,买盘
1491,14:38:31,17.61,0.0,53,93333,买盘
1492,14:38:34,17.62,0.01,5,8810,买盘
1493,14:38:40,17.62,0.0,108,190296,买盘
1494,14:38:43,17.62,0.0,8,14096,买盘
1495,14:38:46,17.62,0.0,8,14096,买盘
1496,14:38:49,17.62,0.0,2,3524,买盘
1497,14:38:55,17.63,0.01,1,1763,买盘
1498,14:38:58,17.63,0.0,5,8815,买盘
1499,14:39:01,17.63,0.0,4,7052,买盘
1500,14:39:04,17.63,0.0,10,17630,卖盘
1501,14:39:13,17.65,0.02,10,17643,买盘
1502,14:39:19,17.63,-0.02,15,26445,卖盘
1503,14:39:22,17.65,0.02,147,259355,买盘
1504,14:39:25,17.65,0.0,5,8825,买盘
1505,14:39:28,17.64,-0.01,10,17640,中性盘
1506,14:39:33,17.63,-0.01,2,3526,买盘
1507,14:39:43,17.63,0.0,1,1763,买盘
1508,14:39:58,17.64,0.01,4,7056,买盘
1509,14:40:09,17.64,0.0,5,8820,买盘
1510,14:40:19,17.65,0.01,20,35300,买盘
1511,14:40:34,17.65,0.0,5,8825,买盘
1512,14:40:39,17.65,0.0,2,3530,买盘
1513,14:40:49,17.65,0.0,29,51185,买盘
1514,14:40:58,17.65,0.0,88,155392,卖盘
1515,14:41:00,17.64,-0.01,39,68796,卖盘
1516,14:41:03,17.65,0.01,17,29994,买盘
1517,14:41:13,17.68,0.03,10,17678,买盘
1518,14:41:16,17.66,-0.02,2,3532,卖盘
1519,14:41:28,17.68,0.02,2,3536,买盘
1520,14:41:34,17.66,-0.02,54,95494,卖盘
1521,14:41:40,17.7,0.04,3,5310,买盘
1522,14:41:45,17.7,0.0,70,123889,买盘
1523,14:41:49,17.7,0.0,10,17700,买盘
1524,14:41:55,17.71,0.01,26,46026,买盘
1525,14:42:04,17.72,0.01,29,51379,买盘
1526,14:42:06,17.7,-0.02,10,17700,卖盘
1527,14:42:12,17.72,0.02,14,24803,买盘
1528,14:42:19,17.72,0.0,2,3544,买盘
1529,14:42:22,17.72,0.0,8,14176,卖盘
1530,14:42:25,17.72,0.0,5,8860,买盘
1531,14:42:28,17.71,-0.01,20,35435,卖盘
1532,14:42:31,17.72,0.01,2,3544,买盘
1533,14:42:37,17.7,-0.02,66,116841,卖盘
1534,14:42:40,17.7,0.0,5,8850,买盘
1535,14:42:46,17.69,-0.01,10,17681,买盘
1536,14:43:04,17.68,-0.01,2,3536,卖盘
1537,14:43:07,17.68,0.0,10,17680,卖盘
1538,14:43:10,17.68,0.0,5,8840,买盘
1539,14:43:13,17.68,0.0,5,8840,买盘
1540,14:43:16,17.68,0.0,9,15908,买盘
1541,14:43:19,17.67,-0.01,10,17670,卖盘
1542,14:43:22,17.67,0.0,11,19437,卖盘
1543,14:43:31,17.68,0.01,20,35358,买盘
1544,14:43:39,17.68,0.0,3,5304,买盘
1545,14:43:43,17.67,-0.01,21,37107,卖盘
1546,14:43:55,17.67,0.0,5,8835,卖盘
1547,14:43:58,17.68,0.01,5,8840,买盘
1548,14:44:10,17.68,0.0,12,21216,买盘
1549,14:44:13,17.68,0.0,4,7072,买盘
1550,14:44:16,17.69,0.01,1,1769,买盘
1551,14:44:43,17.69,0.0,15,26535,买盘
1552,14:44:46,17.69,0.0,4,7076,买盘
1553,14:44:58,17.7,0.01,5,8850,买盘
1554,14:45:07,17.7,0.0,31,54870,买盘
1555,14:45:10,17.69,-0.01,1,1769,卖盘
1556,14:45:19,17.69,0.0,10,17690,卖盘
1557,14:45:28,17.7,0.01,20,35400,买盘
1558,14:45:30,17.7,0.0,36,63720,买盘
1559,14:45:46,17.7,0.0,23,40710,买盘
1560,14:45:55,17.69,-0.01,61,107965,卖盘
1561,14:45:58,17.7,0.01,15,26550,买盘
1562,14:46:01,17.7,0.0,22,38940,买盘
1563,14:46:25,17.71,0.01,1,1771,买盘
1564,14:46:37,17.71,0.0,10,17710,卖盘
1565,14:46:42,17.71,0.0,2,3542,卖盘
1566,14:46:46,17.71,0.0,10,17710,卖盘
1567,14:46:55,17.71,0.0,107,189545,卖盘
1568,14:46:58,17.71,0.0,5,8855,买盘
1569,14:47:01,17.72,0.01,47,83266,买盘
1570,14:47:07,17.73,0.01,100,177300,买盘
1571,14:47:10,17.72,-0.01,2,3544,卖盘
1572,14:47:13,17.72,0.0,10,17720,卖盘
1573,14:47:19,17.68,-0.04,250,442187,卖盘
1574,14:47:22,17.68,0.0,38,67184,买盘
1575,14:47:25,17.75,0.07,56,99249,买盘
1576,14:47:28,17.75,0.0,5,8871,买盘
1577,14:47:43,17.7,-0.05,1,1770,卖盘
1578,14:47:46,17.71,0.01,3,5313,买盘
1579,14:47:52,17.72,0.01,1,1772,卖盘
1580,14:48:01,17.72,0.0,6,10632,卖盘
1581,14:48:04,17.72,0.0,2,3544,卖盘
1582,14:48:07,17.67,-0.05,66,116731,卖盘
1583,14:48:10,17.67,0.0,5,8835,买盘
1584,14:48:13,17.67,0.0,10,17670,买盘
1585,14:48:16,17.66,-0.01,1,1766,卖盘
1586,14:48:19,17.67,0.01,3,5301,买盘
1587,14:48:22,17.67,0.0,4,7068,买盘
1588,14:48:25,17.66,-0.01,5,8830,卖盘
1589,14:48:28,17.66,0.0,3,5298,卖盘
1590,14:48:37,17.66,0.0,3,5298,卖盘
1591,14:48:40,17.67,0.01,139,245613,买盘
1592,14:48:49,17.67,0.0,15,26505,买盘
1593,14:48:52,17.67,0.0,3,5301,买盘
1594,14:48:58,17.67,0.0,9,15903,买盘
1595,14:49:04,17.67,0.0,10,17670,买盘
1596,14:49:07,17.67,0.0,15,26505,买盘
1597,14:49:10,17.67,0.0,11,19437,买盘
1598,14:49:13,17.66,-0.01,32,56542,卖盘
1599,14:49:16,17.67,0.01,3,5301,买盘
1600,14:49:22,17.67,0.0,20,35340,卖盘
1601,14:49:31,17.67,0.0,20,35340,卖盘
1602,14:49:34,17.67,0.0,7,12369,卖盘
1603,14:49:43,17.67,0.0,8,14136,买盘
1604,14:49:55,17.7,0.03,10,17699,买盘
1605,14:49:58,17.7,0.0,2,3540,买盘
1606,14:50:10,17.69,-0.01,4,7076,买盘
1607,14:50:19,17.7,0.01,5,8850,买盘
1608,14:50:28,17.7,0.0,14,24780,买盘
1609,14:50:31,17.69,-0.01,1,1769,卖盘
1610,14:50:34,17.7,0.01,23,40706,买盘
1611,14:50:37,17.68,-0.02,3,5304,卖盘
1612,14:50:46,17.69,0.01,1,1769,买盘
1613,14:50:55,17.68,-0.01,1,1768,卖盘
1614,14:50:58,17.69,0.01,25,44225,买盘
1615,14:51:07,17.68,-0.01,3,5304,卖盘
1616,14:51:16,17.68,0.0,25,44200,卖盘
1617,14:51:22,17.69,0.01,9,15920,买盘
1618,14:51:28,17.68,-0.01,11,19448,卖盘
1619,14:51:31,17.68,0.0,1,1768,卖盘
1620,14:51:34,17.67,-0.01,99,174933,卖盘
1621,14:51:37,17.67,0.0,89,157263,买盘
1622,14:51:40,17.67,0.0,10,17670,买盘
1623,14:52:01,17.67,0.0,5,8835,买盘
1624,14:52:04,17.67,0.0,51,90117,买盘
1625,14:52:07,17.66,-0.01,3,5298,卖盘
1626,14:52:19,17.67,0.01,25,44175,买盘
1627,14:52:22,17.67,0.0,1,1767,买盘
1628,14:52:34,17.66,-0.01,30,52980,卖盘
1629,14:52:37,17.67,0.01,5,8833,买盘
1630,14:52:40,17.67,0.0,31,54777,买盘
1631,14:53:01,17.69,0.02,35,61915,买盘
1632,14:53:04,17.68,-0.01,26,45968,卖盘
1633,14:53:07,17.69,0.01,37,65453,买盘
1634,14:53:16,17.67,-0.02,500,883816,卖盘
1635,14:53:25,17.7,0.03,146,258420,买盘
1636,14:53:34,17.69,-0.01,15,26545,卖盘
1637,14:53:46,17.67,-0.02,10,17670,卖盘
1638,14:53:52,17.67,0.0,3,5301,卖盘
1639,14:54:16,17.69,0.02,169,298961,买盘
1640,14:54:22,17.69,0.0,5,8845,卖盘
1641,14:54:25,17.69,0.0,10,17690,卖盘
1642,14:54:31,17.7,0.01,5,8850,买盘
1643,14:54:37,17.7,0.0,10,17700,买盘
1644,14:54:40,17.7,0.0,10,17700,买盘
1645,14:54:52,17.69,-0.01,2,3538,卖盘
1646,14:55:07,17.69,0.0,10,17690,卖盘
1647,14:55:10,17.69,0.0,5,8845,卖盘
1648,14:55:16,17.7,0.01,65,115050,买盘
1649,14:55:19,17.69,-0.01,100,176970,卖盘
1650,14:55:31,17.7,0.01,17,30090,卖盘
1651,14:55:34,17.7,0.0,17,30090,买盘
1652,14:55:37,17.7,0.0,20,35400,买盘
1653,14:55:40,17.69,-0.01,97,171643,卖盘
1654,14:56:07,17.7,0.01,8,14160,买盘
1655,14:56:13,17.7,0.0,30,53100,买盘
1656,14:56:19,17.69,-0.01,25,44249,卖盘
1657,14:56:28,17.69,0.0,4,7077,卖盘
1658,14:56:34,17.7,0.01,9,15930,买盘
1659,14:56:37,17.69,-0.01,107,189347,卖盘
1660,14:56:40,17.68,-0.01,110,194480,卖盘
1661,14:56:43,17.68,0.0,5,8840,买盘
1662,14:56:46,17.68,0.0,61,107846,买盘
1663,14:56:52,17.69,0.01,44,77810,买盘
1664,14:57:01,17.69,0.0,1,1769,买盘
1665,15:00:04,17.68,-0.01,421,744328,卖盘
