,time,price,change,volume,amount,type
0,09:25:04,7.79,0.17,99,77121,卖盘
1,09:30:07,7.79,0.0,177,137836,买盘
2,09:30:10,7.79,0.0,1,779,买盘
3,09:30:13,7.79,0.0,9,7010,买盘
4,09:30:19,7.79,0.0,22,17138,买盘
5,09:30:22,7.79,0.0,6,4674,买盘
6,09:30:25,7.79,0.0,25,19446,买盘
7,09:30:31,7.79,0.0,4,3116,买盘
8,09:30:40,7.79,0.0,4,3116,买盘
9,09:30:49,7.82,0.03,68,53006,买盘
10,09:31:01,7.8,-0.02,6,4680,买盘
11,09:31:16,7.79,-0.01,10,7790,卖盘
12,09:31:19,7.79,0.0,1,779,买盘
13,09:31:22,7.79,0.0,3,2337,买盘
14,09:31:25,7.78,-0.01,2,1557,卖盘
15,09:31:34,7.8,0.02,50,38956,买盘
16,09:31:43,7.8,0.0,1,780,买盘
17,09:32:13,7.76,-0.04,153,119012,卖盘
18,09:32:19,7.79,0.03,4,3116,买盘
19,09:32:25,7.76,-0.03,1,776,卖盘
20,09:32:31,7.77,0.01,5,3893,卖盘
21,09:32:37,7.77,0.0,1,777,卖盘
22,09:32:43,7.77,0.0,5,3893,卖盘
23,09:32:46,7.79,0.02,1,779,买盘
24,09:32:49,7.78,-0.01,1,778,卖盘
25,09:32:52,7.78,0.0,5,3890,中性盘
26,09:32:55,7.77,-0.01,1,777,卖盘
27,09:32:58,7.77,0.0,13,10101,卖盘
28,09:33:01,7.77,0.0,2,1554,买盘
29,09:33:07,7.77,0.0,5,3885,买盘
30,09:33:19,7.77,0.0,2,1554,买盘
31,09:33:34,7.76,-0.01,44,34144,卖盘
32,09:33:37,7.76,0.0,1,776,卖盘
33,09:33:40,7.76,0.0,1,776,卖盘
34,09:33:43,7.77,0.01,2,1554,买盘
35,09:33:46,7.77,0.0,1,777,卖盘
36,09:33:49,7.77,0.0,18,13986,卖盘
37,09:33:52,7.77,0.0,4,3108,卖盘
38,09:33:55,7.77,0.0,11,8547,卖盘
39,09:33:58,7.77,0.0,14,10878,卖盘
40,09:34:01,7.77,0.0,8,6216,卖盘
41,09:34:10,7.78,0.01,30,23340,买盘
42,09:34:16,7.76,-0.02,17,13208,卖盘
43,09:34:28,7.76,0.0,1,776,卖盘
44,09:34:34,7.77,0.01,3,2331,买盘
45,09:34:37,7.76,-0.01,2,1552,卖盘
46,09:34:43,7.77,0.01,10,7770,买盘
47,09:34:58,7.76,-0.01,20,15520,卖盘
48,09:35:07,7.76,0.0,1,776,卖盘
49,09:35:10,7.77,0.01,1,777,买盘
50,09:35:16,7.77,0.0,5,3885,买盘
51,09:36:16,7.76,-0.01,20,15520,卖盘
52,09:36:55,7.76,0.0,1,776,买盘
53,09:37:25,7.76,0.0,1,776,买盘
54,09:37:52,7.76,0.0,1,776,买盘
55,09:38:01,7.76,0.0,1,776,买盘
56,09:38:10,7.75,-0.01,5,3875,卖盘
57,09:38:13,7.75,0.0,1,775,买盘
58,09:38:19,7.75,0.0,18,13950,买盘
59,09:38:22,7.76,0.01,2,1552,买盘
60,09:38:37,7.75,-0.01,6,4650,卖盘
61,09:38:46,7.75,0.0,10,7750,买盘
62,09:38:55,7.75,0.0,1,775,买盘
63,09:39:01,7.75,0.0,11,8525,买盘
64,09:39:13,7.74,-0.01,24,18576,卖盘
65,09:39:28,7.75,0.01,1,775,买盘
66,09:39:31,7.75,0.0,1,775,买盘
67,09:39:40,7.76,0.01,82,63591,买盘
68,09:39:52,7.76,0.0,7,5427,买盘
69,09:40:16,7.76,0.0,1,776,买盘
70,09:40:25,7.76,0.0,1,776,买盘
71,09:40:55,7.76,0.0,20,15520,买盘
72,09:41:10,7.76,0.0,13,10088,卖盘
73,09:41:22,7.76,0.0,11,8536,买盘
74,09:41:34,7.77,0.01,123,95483,买盘
75,09:41:52,7.76,-0.01,30,23280,卖盘
76,09:42:10,7.76,0.0,1,776,买盘
77,09:42:22,7.76,0.0,52,40352,买盘
78,09:42:25,7.75,-0.01,20,15500,卖盘
79,09:42:31,7.76,0.01,2,1552,买盘
80,09:42:40,7.75,-0.01,16,12400,卖盘
81,09:42:58,7.75,0.0,7,5425,买盘
82,09:43:07,7.75,0.0,1,775,买盘
83,09:43:10,7.75,0.0,1,775,卖盘
84,09:43:37,7.75,0.0,1,775,卖盘
85,09:43:52,7.75,0.0,2,1550,卖盘
86,09:43:55,7.76,0.01,1,776,买盘
87,09:44:06,7.75,-0.01,24,18600,卖盘
88,09:44:13,7.75,0.0,1,775,卖盘
89,09:44:22,7.75,0.0,16,12400,卖盘
90,09:44:34,7.75,0.0,3,2325,买盘
91,09:44:37,7.75,0.0,4,3100,买盘
92,09:44:46,7.75,0.0,1,775,买盘
93,09:45:04,7.75,0.0,1,775,买盘
94,09:45:07,7.75,0.0,39,30225,买盘
95,09:45:10,7.75,0.0,109,84461,买盘
96,09:45:13,7.75,0.0,19,14725,买盘
97,09:45:31,7.75,0.0,31,24035,卖盘
98,09:45:40,7.75,0.0,16,12400,卖盘
99,09:45:43,7.75,0.0,1,775,买盘
100,09:45:55,7.75,0.0,21,16275,买盘
101,09:46:00,7.75,0.0,6,4650,买盘
102,09:46:13,7.75,0.0,20,15500,卖盘
103,09:46:22,7.75,0.0,10,7750,卖盘
104,09:46:25,7.75,0.0,10,7750,卖盘
105,09:46:34,7.75,0.0,14,10850,卖盘
106,09:46:40,7.75,0.0,9,6975,卖盘
107,09:47:09,7.74,-0.01,25,19351,卖盘
108,09:47:13,7.75,0.01,21,16275,买盘
109,09:47:55,7.75,0.0,30,23250,卖盘
110,09:48:31,7.75,0.0,1,775,卖盘
111,09:48:37,7.75,0.0,7,5425,卖盘
112,09:48:40,7.75,0.0,23,17825,卖盘
113,09:48:43,7.76,0.01,14,10863,买盘
114,09:48:49,7.76,0.0,7,5432,卖盘
115,09:48:55,7.76,0.0,9,6984,卖盘
116,09:49:01,7.76,0.0,2,1552,买盘
117,09:49:04,7.74,-0.02,3,2322,卖盘
118,09:49:10,7.77,0.03,30,23310,买盘
119,09:50:07,7.76,-0.01,22,17072,卖盘
120,09:50:13,7.78,0.02,86,66847,买盘
121,09:50:43,7.79,0.01,85,66146,买盘
122,09:50:52,7.79,0.0,3,2337,卖盘
123,09:50:55,7.8,0.01,87,67859,买盘
124,09:51:07,7.82,0.02,86,67166,买盘
125,09:51:16,7.8,-0.02,9,7014,买盘
126,09:51:22,7.82,0.02,48,37507,买盘
127,09:51:25,7.82,0.0,51,39882,卖盘
128,09:51:28,7.82,0.0,1,782,买盘
129,09:51:31,7.81,-0.01,1,781,卖盘
130,09:51:34,7.83,0.02,6,4686,买盘
131,09:51:37,7.83,0.0,10,7830,买盘
132,09:51:40,7.78,-0.05,24,18752,卖盘
133,09:51:43,7.82,0.04,5,3910,买盘
134,09:51:46,7.82,0.0,1,782,买盘
135,09:51:49,7.82,0.0,7,5474,买盘
136,09:51:58,7.82,0.0,11,8602,买盘
137,09:52:01,7.82,0.0,4,3128,卖盘
138,09:52:04,7.82,0.0,16,12512,买盘
139,09:52:10,7.83,0.01,50,39150,买盘
140,09:52:16,7.85,0.02,69,54143,买盘
141,09:52:31,7.86,0.01,30,23580,买盘
142,09:52:37,7.85,-0.01,25,19625,卖盘
143,09:52:49,7.86,0.01,3,2358,卖盘
144,09:52:52,7.86,0.0,2,1572,买盘
145,09:52:55,7.87,0.01,2,1574,买盘
146,09:53:10,7.85,-0.02,173,136140,卖盘
147,09:53:16,7.86,0.01,29,22834,卖盘
148,09:53:19,7.86,0.0,10,7860,卖盘
149,09:53:25,7.88,0.02,2,1576,买盘
150,09:53:34,7.86,-0.02,7,5503,卖盘
151,09:53:46,7.86,0.0,62,48832,卖盘
152,09:53:49,7.86,0.0,5,3930,卖盘
153,09:53:52,7.85,-0.01,88,69148,卖盘
154,09:53:58,7.88,0.03,135,106250,买盘
155,09:54:01,7.86,-0.02,10,7860,买盘
156,09:54:07,7.86,0.0,5,3930,买盘
157,09:54:13,7.86,0.0,1,786,卖盘
158,09:54:16,7.87,0.01,2,1574,卖盘
159,09:54:18,7.87,0.0,1,787,卖盘
160,09:54:22,7.86,-0.01,1,786,卖盘
161,09:54:25,7.86,0.0,4,3144,卖盘
162,09:54:28,7.86,0.0,1,786,卖盘
163,09:54:31,7.86,0.0,1,786,卖盘
164,09:54:34,7.86,0.0,1,786,卖盘
165,09:54:37,7.86,0.0,8,6288,卖盘
166,09:55:46,7.85,-0.01,2,1570,买盘
167,09:56:04,7.84,-0.01,4,3136,卖盘
168,09:56:10,7.84,0.0,9,7056,卖盘
169,09:56:22,7.84,0.0,15,11760,买盘
170,09:56:28,7.82,-0.02,3,2346,卖盘
171,09:56:37,7.84,0.02,15,11760,卖盘
172,09:56:40,7.84,0.0,1,784,中性盘
173,09:56:55,7.84,0.0,5,3920,卖盘
174,09:57:01,7.84,0.0,5,3920,买盘
175,09:57:13,7.85,0.01,1,785,买盘
176,09:57:16,7.84,-0.01,5,3920,卖盘
177,09:57:19,7.84,0.0,15,11760,买盘
178,09:57:37,7.85,0.01,148,116180,买盘
179,09:57:40,7.83,-0.02,24,18792,卖盘
180,09:57:58,7.85,0.02,5,3925,卖盘
181,09:58:16,7.86,0.01,1,786,买盘
182,09:58:19,7.85,-0.01,9,7065,卖盘
183,09:58:25,7.85,0.0,1,785,买盘
184,09:58:28,7.86,0.01,1,786,买盘
185,09:58:31,7.86,0.0,8,6288,买盘
186,09:58:43,7.85,-0.01,1,785,中性盘
187,09:58:55,7.86,0.01,22,17292,买盘
188,09:59:10,7.86,0.0,25,19650,卖盘
189,09:59:13,7.87,0.01,3,2361,买盘
190,09:59:22,7.86,-0.01,20,15720,卖盘
191,09:59:34,7.85,-0.01,20,15707,卖盘
192,09:59:46,7.85,0.0,8,6280,卖盘
193,10:00:01,7.85,0.0,5,3925,卖盘
194,10:00:04,7.87,0.02,50,39303,买盘
195,10:00:28,7.86,-0.01,1,786,卖盘
196,10:00:39,7.85,-0.01,24,18840,卖盘
197,10:01:07,7.85,0.0,9,7065,卖盘
198,10:01:13,7.85,0.0,11,8635,买盘
199,10:02:12,7.85,0.0,24,18840,卖盘
200,10:02:28,7.86,0.01,10,7860,买盘
201,10:02:31,7.86,0.0,1,786,买盘
202,10:02:34,7.85,-0.01,2,1570,卖盘
203,10:02:52,7.86,0.01,6,4716,买盘
204,10:02:58,7.87,0.01,1,787,买盘
205,10:03:09,7.86,-0.01,6,4716,卖盘
206,10:03:13,7.86,0.0,1,786,买盘
207,10:03:28,7.86,0.0,1,786,买盘
208,10:03:31,7.86,0.0,2,1572,买盘
209,10:03:37,7.86,0.0,1,786,卖盘
210,10:03:40,7.87,0.01,25,19651,买盘
211,10:03:49,7.87,0.0,4,3148,买盘
212,10:03:52,7.87,0.0,4,3148,买盘
213,10:03:55,7.87,0.0,40,31480,买盘
214,10:04:10,7.87,0.0,4,3148,买盘
215,10:04:13,7.86,-0.01,13,10218,卖盘
216,10:04:16,7.86,0.0,20,15720,买盘
217,10:04:55,7.86,0.0,26,20436,卖盘
218,10:05:09,7.86,0.0,24,18864,卖盘
219,10:05:16,7.87,0.01,8,6296,买盘
220,10:05:25,7.86,-0.01,2,1572,卖盘
221,10:05:58,7.86,0.0,38,29868,卖盘
222,10:06:07,7.87,0.01,4,3148,买盘
223,10:06:10,7.86,-0.01,10,7860,卖盘
224,10:06:13,7.86,0.0,55,43230,卖盘
225,10:06:19,7.86,0.0,5,3930,买盘
226,10:06:24,7.85,-0.01,57,44745,卖盘
227,10:06:31,7.85,0.0,2,1570,买盘
228,10:06:34,7.85,0.0,4,3140,买盘
229,10:06:37,7.85,0.0,1,785,买盘
230,10:06:40,7.84,-0.01,30,23525,卖盘
231,10:07:04,7.85,0.01,27,21195,买盘
232,10:07:07,7.85,0.0,4,3140,买盘
233,10:07:34,7.85,0.0,18,14130,中性盘
234,10:07:58,7.86,0.01,1,786,买盘
235,10:08:06,7.84,-0.02,25,19610,卖盘
236,10:08:16,7.85,0.01,8,6280,买盘
237,10:08:22,7.86,0.01,8,6288,买盘
238,10:08:31,7.86,0.0,2,1572,买盘
239,10:08:34,7.86,0.0,1,786,买盘
240,10:08:40,7.86,0.0,5,3930,买盘
241,10:09:01,7.86,0.0,2,1572,买盘
242,10:09:07,7.86,0.0,1,786,买盘
243,10:09:22,7.85,-0.01,4,3140,卖盘
244,10:09:31,7.85,0.0,13,10205,买盘
245,10:09:43,7.85,0.0,2,1570,卖盘
246,10:09:52,7.85,0.0,2,1570,买盘
247,10:09:58,7.85,0.0,10,7850,买盘
248,10:10:04,7.86,0.01,1,786,买盘
249,10:10:10,7.86,0.0,1,786,买盘
250,10:10:16,7.85,-0.01,3,2356,卖盘
251,10:10:34,7.85,0.0,1,785,买盘
252,10:10:40,7.85,0.0,1,785,买盘
253,10:10:43,7.84,-0.01,5,3920,卖盘
254,10:11:01,7.84,0.0,2,1568,卖盘
255,10:11:09,7.85,0.01,1,785,买盘
256,10:11:31,7.84,-0.01,61,47825,卖盘
257,10:11:49,7.84,0.0,22,17248,卖盘
258,10:11:52,7.84,0.0,1,784,买盘
259,10:12:07,7.84,0.0,1,784,买盘
260,10:12:13,7.84,0.0,1,784,买盘
261,10:12:22,7.84,0.0,1,784,买盘
262,10:12:25,7.85,0.01,5,3921,买盘
263,10:12:37,7.84,-0.01,1,784,卖盘
264,10:13:01,7.85,0.01,8,6280,买盘
265,10:13:07,7.85,0.0,4,3140,买盘
266,10:13:10,7.85,0.0,9,7065,买盘
267,10:13:13,7.85,0.0,1,785,买盘
268,10:13:19,7.85,0.0,10,7843,买盘
269,10:13:31,7.84,-0.01,1,784,卖盘
270,10:13:55,7.86,0.02,4,3144,买盘
271,10:13:57,7.86,0.0,4,3144,买盘
272,10:14:04,7.86,0.0,4,3144,买盘
273,10:14:07,7.86,0.0,42,33012,买盘
274,10:14:19,7.87,0.01,4,3148,买盘
275,10:14:25,7.87,0.0,1,787,买盘
276,10:14:49,7.87,0.0,1,787,买盘
277,10:14:52,7.87,0.0,4,3148,买盘
278,10:14:55,7.87,0.0,15,11805,买盘
279,10:14:58,7.87,0.0,4,3148,买盘
280,10:15:01,7.87,0.0,5,3935,买盘
281,10:15:07,7.87,0.0,4,3148,买盘
282,10:15:10,7.87,0.0,2,1574,买盘
283,10:15:16,7.87,0.0,4,3148,买盘
284,10:15:25,7.87,0.0,4,3148,买盘
285,10:15:37,7.87,0.0,3,2361,买盘
286,10:15:40,7.86,-0.01,4,3144,卖盘
287,10:15:46,7.87,0.01,1,787,买盘
288,10:15:52,7.86,-0.01,18,14148,卖盘
289,10:15:58,7.86,0.0,48,37728,买盘
290,10:16:07,7.86,0.0,2,1572,买盘
291,10:16:22,7.86,0.0,1,786,买盘
292,10:16:28,7.86,0.0,1,786,买盘
293,10:16:52,7.85,0.0,4,2795,卖盘
294,10:16:55,7.85,0.0,10,7850,买盘
295,10:17:07,7.85,0.0,1,785,买盘
296,10:17:10,7.85,0.0,1,785,买盘
297,10:17:13,7.85,0.0,1,785,买盘
298,10:17:22,7.85,0.0,4,3140,买盘
299,10:17:43,7.85,0.0,1,785,买盘
300,10:18:07,7.85,0.0,1,785,买盘
301,10:18:13,7.85,0.0,1,785,买盘
302,10:18:25,7.85,0.0,15,12120,买盘
303,10:18:31,7.86,0.01,1,786,买盘
304,10:19:06,7.86,0.0,2,1572,买盘
305,10:20:01,7.86,0.0,29,22789,买盘
306,10:20:07,7.86,0.0,2,1571,买盘
307,10:20:28,7.86,0.0,1,786,买盘
308,10:20:34,7.85,-0.01,7,5495,卖盘
309,10:20:40,7.85,0.0,1,785,卖盘
310,10:21:22,7.85,0.0,4,3140,卖盘
311,10:21:25,7.85,0.0,3,2355,卖盘
312,10:21:28,7.85,0.0,2,1225,卖盘
313,10:21:31,7.85,0.0,4,3485,买盘
314,10:21:43,7.85,0.0,15,11775,卖盘
315,10:21:49,7.85,0.0,1,785,卖盘
316,10:22:58,7.85,0.0,1,785,卖盘
317,10:23:04,7.86,0.01,2,1571,买盘
318,10:23:06,7.85,-0.01,3,2355,卖盘
319,10:23:10,7.85,0.0,3,2355,卖盘
320,10:23:13,7.85,0.0,1,785,卖盘
321,10:23:15,7.85,0.0,1,785,卖盘
322,10:23:18,7.85,0.0,1,785,卖盘
323,10:23:34,7.86,0.01,1,786,买盘
324,10:24:07,7.86,0.0,2,1572,买盘
325,10:24:10,7.86,0.0,1,786,买盘
326,10:24:18,7.86,0.0,1,786,买盘
327,10:24:31,7.86,0.0,20,15720,买盘
328,10:24:36,7.86,0.0,2,1572,买盘
329,10:24:42,7.86,0.0,1,786,买盘
330,10:25:01,7.86,0.0,3,2358,买盘
331,10:25:07,7.86,0.0,1,786,买盘
332,10:25:42,7.86,0.01,1,786,买盘
333,10:25:49,7.85,-0.01,7,5495,卖盘
334,10:26:21,7.85,0.0,20,15700,卖盘
335,10:26:28,7.85,0.0,28,21980,卖盘
336,10:26:34,7.86,0.01,8,6281,买盘
337,10:26:55,7.86,0.0,163,128118,买盘
338,10:27:06,7.86,0.0,12,9432,买盘
339,10:27:15,7.85,-0.01,6,4710,卖盘
340,10:27:25,7.85,0.0,19,14915,卖盘
341,10:27:31,7.86,0.01,8,6288,买盘
342,10:27:36,7.85,-0.01,20,15700,买盘
343,10:27:52,7.85,0.0,1,785,买盘
344,10:28:04,7.85,0.0,1,785,买盘
345,10:28:06,7.85,0.0,1,785,买盘
346,10:28:09,7.85,0.0,1,785,买盘
347,10:28:25,7.84,-0.01,41,32144,卖盘
348,10:28:31,7.85,0.01,56,43960,买盘
349,10:28:36,7.86,0.01,4,3141,买盘
350,10:28:39,7.86,0.0,1,786,买盘
351,10:28:43,7.85,-0.01,12,9420,卖盘
352,10:28:57,7.85,0.0,1,785,买盘
353,10:29:07,7.85,0.0,22,17250,买盘
354,10:29:16,7.85,0.0,1,785,买盘
355,10:29:25,7.85,0.0,1,785,买盘
356,10:29:34,7.84,-0.01,5,3920,卖盘
357,10:29:46,7.84,0.0,20,15680,卖盘
358,10:29:49,7.84,0.0,6,4705,卖盘
359,10:29:51,7.84,0.0,1,784,买盘
360,10:30:04,7.84,0.0,1,784,买盘
361,10:30:07,7.84,0.0,2,1568,买盘
362,10:30:10,7.84,0.0,31,24304,买盘
363,10:30:16,7.85,0.01,22,17249,买盘
364,10:30:19,7.85,0.0,1,785,买盘
365,10:30:21,7.85,0.0,7,5495,买盘
366,10:30:25,7.85,0.0,4,3140,买盘
367,10:30:28,7.85,0.0,7,5495,卖盘
368,10:30:37,7.85,0.0,1,785,买盘
369,10:30:40,7.85,0.0,12,9417,买盘
370,10:30:43,7.85,0.0,1,785,买盘
371,10:30:46,7.85,0.0,1,785,买盘
372,10:30:49,7.85,0.0,1,785,买盘
373,10:30:52,7.85,0.0,1,785,买盘
374,10:30:55,7.85,0.0,1,785,买盘
375,10:31:00,7.85,0.0,1,785,买盘
376,10:31:07,7.85,0.0,2,1570,买盘
377,10:31:19,7.84,-0.01,7,5488,卖盘
378,10:32:04,7.85,0.01,5,3925,卖盘
379,10:32:09,7.85,0.0,1,785,买盘
380,10:32:12,7.85,0.0,1,785,买盘
381,10:32:19,7.85,0.0,1,785,买盘
382,10:33:06,7.85,0.0,1,785,买盘
383,10:33:09,7.85,0.0,1,785,买盘
384,10:33:12,7.86,0.01,1,786,买盘
385,10:33:16,7.85,-0.01,4,3140,卖盘
386,10:33:58,7.86,0.01,1,786,买盘
387,10:34:07,7.85,-0.01,1,785,买盘
388,10:34:16,7.86,0.01,10,7851,买盘
389,10:35:06,7.86,0.0,3,2358,买盘
390,10:35:19,7.86,0.0,5,3930,买盘
391,10:35:45,7.86,0.0,4,3144,买盘
392,10:35:48,7.85,-0.01,13,10205,卖盘
393,10:35:51,7.85,0.0,4,3140,买盘
394,10:35:55,7.85,0.0,3,2355,买盘
395,10:35:58,7.86,0.01,3,2358,买盘
396,10:36:06,7.86,0.0,3,2356,买盘
397,10:36:13,7.86,0.0,10,7860,买盘
398,10:36:19,7.85,-0.01,2,1570,卖盘
399,10:36:34,7.85,0.0,5,3925,卖盘
400,10:36:40,7.85,0.0,2,1570,卖盘
401,10:36:45,7.85,0.0,31,24335,卖盘
402,10:36:49,7.85,0.0,6,4710,卖盘
403,10:36:52,7.85,0.0,4,3141,卖盘
404,10:37:04,7.85,0.0,8,6280,买盘
405,10:37:07,7.85,0.0,2,1570,买盘
406,10:37:10,7.85,0.0,8,6280,买盘
407,10:37:15,7.85,0.0,2,1570,卖盘
408,10:37:18,7.85,0.0,1,785,卖盘
409,10:37:25,7.85,0.0,7,5495,卖盘
410,10:37:30,7.85,0.0,5,3925,卖盘
411,10:37:34,7.85,0.0,23,18055,卖盘
412,10:37:39,7.85,0.0,2,1570,卖盘
413,10:37:43,7.85,0.0,1,785,卖盘
414,10:37:46,7.85,0.0,2,1570,卖盘
415,10:37:49,7.85,0.0,1,785,卖盘
416,10:37:52,7.85,0.0,1,785,卖盘
417,10:38:16,7.87,0.02,281,221069,买盘
418,10:38:37,7.85,-0.02,2,1570,卖盘
419,10:39:10,7.87,0.02,7,5509,买盘
420,10:39:13,7.87,0.0,1,787,买盘
421,10:39:15,7.87,0.0,1,787,买盘
422,10:40:06,7.87,0.0,2,1574,买盘
423,10:40:19,7.87,0.0,1,787,买盘
424,10:40:30,7.86,-0.01,9,7074,卖盘
425,10:40:34,7.86,0.0,1,786,买盘
426,10:40:43,7.86,0.0,4,3144,卖盘
427,10:41:07,7.87,0.01,1,787,买盘
428,10:41:19,7.86,-0.01,1,786,卖盘
429,10:41:22,7.86,0.0,16,12576,卖盘
430,10:41:45,7.85,-0.01,2,1570,卖盘
431,10:41:55,7.86,0.01,21,16506,买盘
432,10:42:04,7.86,0.0,5,3930,买盘
433,10:42:07,7.85,-0.01,178,139731,卖盘
434,10:42:40,7.84,-0.01,24,18816,卖盘
435,10:42:52,7.84,0.0,12,9408,买盘
436,10:43:07,7.84,0.0,2,1568,买盘
437,10:43:13,7.84,0.0,1,784,买盘
438,10:43:19,7.84,0.0,1,784,买盘
439,10:43:21,7.84,0.0,30,23520,买盘
440,10:43:27,7.84,0.0,10,7840,买盘
441,10:44:04,7.83,-0.01,25,19575,卖盘
442,10:44:25,7.83,0.0,21,16454,卖盘
443,10:44:40,7.85,0.02,1,785,买盘
444,10:44:46,7.83,-0.02,40,31320,卖盘
445,10:45:01,7.84,0.01,1,784,买盘
446,10:45:04,7.84,0.0,1,784,买盘
447,10:45:07,7.84,0.0,1,784,买盘
448,10:45:27,7.83,-0.01,7,5481,卖盘
449,10:46:04,7.85,0.02,1,785,买盘
450,10:46:16,7.84,-0.01,2,1568,卖盘
451,10:47:25,7.85,0.01,1,785,买盘
452,10:47:31,7.85,0.0,1,785,买盘
453,10:47:40,7.84,-0.01,9,7056,卖盘
454,10:48:07,7.84,0.0,1,784,卖盘
455,10:48:43,7.84,0.0,1,784,卖盘
456,10:48:46,7.85,0.01,2,1570,买盘
457,10:49:06,7.85,0.0,2,1570,买盘
458,10:49:13,7.85,0.0,4,3137,买盘
459,10:49:22,7.85,0.0,1,785,买盘
460,10:49:25,7.85,0.0,1,785,买盘
461,10:50:06,7.85,0.0,1,785,买盘
462,10:50:16,7.84,-0.01,85,66640,卖盘
463,10:50:34,7.84,0.0,1,784,买盘
464,10:50:46,7.84,0.0,1,784,买盘
465,10:50:51,7.84,0.0,3,2352,买盘
466,10:50:54,7.85,0.01,3,2355,买盘
467,10:50:58,7.85,0.0,1,785,买盘
468,10:51:07,7.85,0.0,2,1570,买盘
469,10:51:09,7.85,0.0,5,3925,买盘
470,10:51:12,7.85,0.0,1,785,买盘
471,10:51:28,7.85,0.0,1,785,买盘
472,10:51:31,7.85,0.0,66,51810,买盘
473,10:51:39,7.85,0.0,2,1570,卖盘
474,10:52:01,7.86,0.01,20,15720,买盘
475,10:52:06,7.86,0.0,1,786,买盘
476,10:52:13,7.85,-0.01,5,3925,卖盘
477,10:52:18,7.85,0.0,4,3140,卖盘
478,10:52:24,7.85,0.0,3,2355,卖盘
479,10:52:40,7.85,0.0,2,1570,卖盘
480,10:52:45,7.85,0.0,1,785,卖盘
481,10:52:52,7.85,0.0,1,785,卖盘
482,10:53:58,7.86,0.01,1,786,买盘
483,10:54:04,7.86,0.0,1,786,买盘
484,10:54:06,7.86,0.0,2,1572,买盘
485,10:54:13,7.85,-0.01,2,1570,卖盘
486,10:55:43,7.86,0.01,6,4716,买盘
487,10:56:07,7.86,0.0,1,786,买盘
488,10:56:12,7.85,-0.01,5,3925,卖盘
489,10:56:40,7.86,0.01,33,25938,买盘
490,10:56:48,7.86,0.0,6,4716,买盘
491,10:56:55,7.84,-0.02,3,2354,卖盘
492,10:57:01,7.86,0.02,4,3144,买盘
493,10:57:07,7.86,0.0,2,1572,买盘
494,10:57:25,7.86,0.0,5,3930,买盘
495,10:57:33,7.86,0.0,4,3144,买盘
496,10:58:06,7.86,0.0,1,786,买盘
497,10:58:12,7.86,0.0,4,3144,买盘
498,10:58:34,7.85,-0.01,13,10205,卖盘
499,10:58:37,7.85,0.0,5,3925,买盘
500,10:58:39,7.85,0.0,1,785,买盘
501,10:58:42,7.85,0.0,1,785,买盘
502,10:58:48,7.86,0.01,4,3144,买盘
503,10:58:51,7.86,0.0,5,3930,买盘
504,10:58:55,7.86,0.0,8,6288,买盘
505,10:58:58,7.85,-0.01,8,6280,卖盘
506,10:59:01,7.85,0.0,9,7065,买盘
507,10:59:04,7.85,0.0,60,47100,买盘
508,10:59:07,7.85,0.0,2,1570,买盘
509,10:59:10,7.85,0.0,14,10990,买盘
510,10:59:12,7.85,0.0,1,785,买盘
511,10:59:16,7.85,0.0,1,785,买盘
512,10:59:18,7.85,0.0,1,785,买盘
513,10:59:21,7.85,0.0,1,785,买盘
514,10:59:25,7.85,0.0,2,1570,买盘
515,10:59:28,7.84,-0.01,13,10193,卖盘
516,11:00:00,7.86,0.02,2,1572,买盘
517,11:00:31,7.84,-0.02,2,1568,卖盘
518,11:01:10,7.86,0.02,50,39300,买盘
519,11:02:37,7.86,0.0,1,786,买盘
520,11:03:06,7.86,0.0,63,49518,买盘
521,11:03:46,7.86,0.0,1,786,买盘
522,11:03:52,7.86,0.0,1,786,买盘
523,11:04:06,7.87,0.01,57,44850,买盘
524,11:04:52,7.87,0.0,16,12592,买盘
525,11:04:55,7.87,0.0,4,3148,买盘
526,11:05:01,7.86,-0.01,2,1572,卖盘
527,11:05:04,7.86,0.0,1,786,买盘
528,11:05:07,7.86,0.0,7,5502,买盘
529,11:05:16,7.87,0.01,1,787,买盘
530,11:05:22,7.87,0.0,71,55877,买盘
531,11:06:24,7.87,0.0,20,15740,买盘
532,11:06:27,7.87,0.0,1,787,买盘
533,11:06:31,7.87,0.0,1,787,买盘
534,11:06:55,7.87,0.0,1,787,买盘
535,11:07:52,7.87,0.0,1,787,买盘
536,11:07:58,7.86,-0.01,1,786,卖盘
537,11:08:12,7.86,0.0,3,2358,卖盘
538,11:08:19,7.86,0.0,10,7860,卖盘
539,11:08:22,7.86,0.0,12,9432,卖盘
540,11:08:49,7.85,-0.01,5,3925,卖盘
541,11:09:15,7.86,0.01,1,786,买盘
542,11:09:46,7.86,0.0,60,47160,买盘
543,11:11:42,7.85,-0.01,71,55735,卖盘
544,11:12:00,7.86,0.01,1,786,买盘
545,11:12:49,7.86,0.0,1,786,买盘
546,11:12:58,7.85,-0.01,22,17270,卖盘
547,11:13:04,7.85,0.0,6,4710,卖盘
548,11:13:06,7.85,0.0,1,785,卖盘
549,11:13:34,7.85,0.0,1,785,卖盘
550,11:14:25,7.86,0.01,1,786,买盘
551,11:14:33,7.86,0.0,1,786,买盘
552,11:16:46,7.85,-0.01,55,43175,卖盘
553,11:16:49,7.85,0.0,2,1570,买盘
554,11:17:04,7.84,-0.01,11,8624,卖盘
555,11:17:34,7.84,0.0,18,14112,卖盘
556,11:17:52,7.85,0.01,38,29830,买盘
557,11:19:48,7.85,0.0,4,3140,买盘
558,11:19:58,7.85,0.0,5,3925,买盘
559,11:20:58,7.85,0.0,1,785,买盘
560,11:21:00,7.85,0.0,10,7850,买盘
561,11:21:25,7.85,0.0,3,2355,买盘
562,11:21:28,7.85,0.0,10,7850,买盘
563,11:24:40,7.85,0.0,1,785,买盘
564,11:24:45,7.85,0.0,3,2355,买盘
565,11:24:51,7.85,0.0,5,3925,买盘
566,11:24:58,7.85,0.0,3,2355,买盘
567,11:25:04,7.85,0.0,3,2355,买盘
568,11:25:07,7.85,0.0,4,3140,买盘
569,11:25:10,7.85,0.0,2,1570,买盘
570,11:25:13,7.85,0.0,16,12560,买盘
571,11:25:15,7.86,0.01,12,9432,买盘
572,11:25:19,7.86,0.0,11,8646,买盘
573,11:25:21,7.86,0.0,7,5502,买盘
574,11:25:24,7.86,0.0,3,2358,买盘
575,11:25:27,7.86,0.0,4,3144,买盘
576,11:25:43,7.86,0.0,20,15720,买盘
577,11:27:46,7.86,0.0,1,786,买盘
578,11:28:43,7.85,-0.01,3,2355,卖盘
579,11:28:49,7.86,0.01,22,17292,买盘
580,11:29:46,7.87,0.01,1,787,买盘
581,11:30:01,7.88,0.01,130,102340,买盘
582,13:00:07,7.88,0.0,79,62218,买盘
583,13:00:10,7.88,0.0,1,788,买盘
584,13:00:24,7.88,0.0,1,788,买盘
585,13:00:45,7.88,0.0,149,117412,买盘
586,13:00:49,7.89,0.01,1,789,买盘
587,13:01:07,7.89,0.0,14,11046,买盘
588,13:01:25,7.88,-0.01,20,15760,卖盘
589,13:01:31,7.88,0.0,3,2364,卖盘
590,13:01:34,7.88,0.0,10,7880,卖盘
591,13:01:37,7.88,0.0,1,788,卖盘
592,13:01:43,7.87,-0.01,2,1574,卖盘
593,13:02:49,7.88,0.01,14,11032,买盘
594,13:03:34,7.88,0.0,1,788,卖盘
595,13:03:36,7.88,0.0,3,2364,卖盘
596,13:03:52,7.88,0.0,3,2364,卖盘
597,13:05:04,7.88,0.0,1,788,卖盘
598,13:05:09,7.88,0.0,1,788,卖盘
599,13:05:16,7.88,0.0,1,788,卖盘
600,13:05:18,7.88,0.0,74,58312,卖盘
601,13:05:25,7.87,-0.01,4,3148,卖盘
602,13:05:31,7.87,0.0,1,787,卖盘
603,13:05:34,7.87,0.0,1,787,卖盘
604,13:05:37,7.87,0.0,1,787,卖盘
605,13:07:19,7.87,0.0,32,25184,卖盘
606,13:07:55,7.86,-0.01,2,1572,卖盘
607,13:08:42,7.87,0.01,2,1574,买盘
608,13:09:04,7.87,0.0,1,787,买盘
609,13:10:34,7.86,-0.01,138,108468,卖盘
610,13:11:04,7.87,0.01,20,15740,买盘
611,13:11:19,7.86,-0.01,4,3144,卖盘
612,13:11:25,7.87,0.01,140,110084,买盘
613,13:11:27,7.87,0.0,46,36202,买盘
614,13:11:30,7.87,0.0,12,9444,卖盘
615,13:12:19,7.87,0.0,26,20462,买盘
616,13:12:25,7.87,0.0,9,7083,卖盘
617,13:12:30,7.87,0.0,35,27545,卖盘
618,13:12:37,7.87,0.0,3,2361,卖盘
619,13:12:42,7.87,0.0,27,21249,卖盘
620,13:12:49,7.86,-0.01,1,786,卖盘
621,13:12:51,7.86,0.0,1,786,卖盘
622,13:13:06,7.86,0.0,100,78600,买盘
623,13:13:39,7.85,-0.01,88,69080,卖盘
624,13:13:49,7.84,-0.01,17,13328,卖盘
625,13:13:52,7.84,0.0,19,14896,卖盘
626,13:14:16,7.84,0.0,58,45472,卖盘
627,13:14:54,7.83,-0.01,89,69687,卖盘
628,13:15:25,7.84,0.01,30,23520,卖盘
629,13:15:37,7.85,0.01,7,5495,买盘
630,13:16:54,7.86,0.01,7,5502,买盘
631,13:17:25,7.86,0.0,93,73098,卖盘
632,13:17:40,7.85,-0.01,2,1570,卖盘
633,13:17:49,7.87,0.02,50,39332,买盘
634,13:18:42,7.85,-0.02,1,785,卖盘
635,13:18:48,7.86,0.01,1,786,卖盘
636,13:18:55,7.87,0.01,101,79486,买盘
637,13:19:01,7.86,-0.01,1,786,卖盘
638,13:19:04,7.86,0.0,7,5502,卖盘
639,13:20:10,7.86,0.0,1,786,买盘
640,13:20:18,7.85,-0.01,25,19625,卖盘
641,13:20:40,7.86,0.01,10,7860,买盘
642,13:21:04,7.87,0.01,56,44017,买盘
643,13:22:01,7.87,0.0,3,2361,买盘
644,13:22:07,7.87,0.0,1,787,买盘
645,13:22:54,7.87,0.0,5,3935,买盘
646,13:24:07,7.86,-0.01,7,5502,卖盘
647,13:25:48,7.85,-0.01,4,3140,卖盘
648,13:25:54,7.85,0.0,86,67510,卖盘
649,13:26:07,7.84,-0.01,14,10976,卖盘
650,13:26:12,7.84,0.0,1,784,卖盘
651,13:26:40,7.84,0.0,5,3920,卖盘
652,13:27:04,7.84,0.0,4,3136,买盘
653,13:27:10,7.83,-0.01,14,10962,卖盘
654,13:27:16,7.83,0.0,14,10962,卖盘
655,13:27:19,7.83,0.0,5,3915,卖盘
656,13:27:28,7.84,0.01,19,14882,买盘
657,13:27:31,7.83,-0.01,1,783,卖盘
658,13:27:36,7.84,0.01,1,784,中性盘
659,13:27:40,7.84,0.0,17,13328,卖盘
660,13:27:46,7.85,0.01,3,2355,买盘
661,13:27:48,7.85,0.0,2,1570,买盘
662,13:28:07,7.86,0.01,1,786,买盘
663,13:28:51,7.86,0.0,2,1572,买盘
664,13:29:54,7.86,0.0,19,14934,买盘
665,13:30:00,7.86,0.0,1,786,卖盘
666,13:30:22,7.86,0.0,5,3930,卖盘
667,13:30:42,7.86,0.0,1,786,卖盘
668,13:31:46,7.86,0.0,1,786,卖盘
669,13:32:28,7.86,0.0,1,786,卖盘
670,13:32:31,7.87,0.01,31,24396,买盘
671,13:32:34,7.86,-0.01,1,786,卖盘
672,13:32:37,7.86,0.0,1,786,卖盘
673,13:32:39,7.86,0.0,20,15720,卖盘
674,13:34:13,7.86,0.0,2,1572,买盘
675,13:34:16,7.86,0.0,2,1572,买盘
676,13:34:27,7.85,-0.01,49,38465,卖盘
677,13:34:54,7.85,0.0,35,27475,买盘
678,13:35:01,7.85,0.0,12,9420,买盘
679,13:35:04,7.85,0.0,4,3140,买盘
680,13:35:21,7.85,0.0,5,3925,卖盘
681,13:36:13,7.85,0.0,100,78500,卖盘
682,13:37:07,7.85,0.0,1,785,卖盘
683,13:37:13,7.86,0.01,8,6288,买盘
684,13:37:51,7.86,0.0,100,78600,买盘
685,13:38:34,7.86,0.0,8,6288,买盘
686,13:40:13,7.87,0.01,20,15740,买盘
687,13:40:55,7.86,-0.01,1,786,卖盘
688,13:41:03,7.87,0.01,50,39350,买盘
689,13:41:13,7.87,0.0,60,47220,买盘
690,13:41:19,7.86,-0.01,43,33798,卖盘
691,13:41:25,7.86,0.0,21,16506,卖盘
692,13:41:46,7.88,0.02,30,23640,买盘
693,13:41:51,7.85,-0.03,4,3141,卖盘
694,13:41:55,7.86,0.01,1,786,买盘
695,13:42:01,7.88,0.02,10,7864,买盘
696,13:42:15,7.86,-0.02,12,9432,卖盘
697,13:42:18,7.88,0.02,18,14171,买盘
698,13:42:22,7.87,-0.01,12,9444,卖盘
699,13:42:25,7.87,0.0,1,787,中性盘
700,13:42:31,7.87,0.0,1,787,卖盘
701,13:42:36,7.87,0.0,68,53516,卖盘
702,13:42:39,7.87,0.0,1,787,中性盘
703,13:43:06,7.86,-0.01,3,2358,卖盘
704,13:43:24,7.88,0.02,60,47280,买盘
705,13:43:58,7.88,0.0,15,11820,买盘
706,13:44:42,7.86,-0.02,17,13362,卖盘
707,13:45:16,7.87,0.01,21,16527,买盘
708,13:45:19,7.87,0.0,5,3935,买盘
709,13:46:00,7.87,0.0,2,1574,买盘
710,13:46:16,7.87,0.0,2,1574,买盘
711,13:46:51,7.88,0.01,2,1576,买盘
712,13:48:04,7.88,0.0,5,3940,买盘
713,13:48:30,7.88,0.0,3,2364,买盘
714,13:49:09,7.88,0.0,30,23640,买盘
715,13:49:22,7.88,0.0,86,67768,买盘
716,13:49:25,7.88,0.0,45,35460,买盘
717,13:49:28,7.88,0.0,3,2364,买盘
718,13:49:37,7.87,-0.01,30,23638,卖盘
719,13:49:45,7.88,0.01,51,40188,买盘
720,13:50:01,7.89,0.01,9,7101,买盘
721,13:50:13,7.89,0.0,4,3156,买盘
722,13:50:27,7.89,0.0,15,11835,买盘
723,13:50:31,7.89,0.0,85,67065,买盘
724,13:50:34,7.9,0.01,102,80496,买盘
725,13:50:37,7.9,0.0,23,18170,买盘
726,13:51:04,7.9,0.0,1,790,买盘
727,13:51:06,7.9,0.0,20,15800,买盘
728,13:52:04,7.89,-0.01,13,10257,买盘
729,13:52:46,7.89,0.0,35,27615,买盘
730,13:53:28,7.89,0.0,1,789,卖盘
731,13:53:31,7.89,0.0,1,789,卖盘
732,13:53:34,7.89,0.0,3,2367,卖盘
733,13:53:37,7.89,0.0,1,789,买盘
734,13:53:39,7.9,0.01,50,39494,买盘
735,13:54:22,7.89,-0.01,7,5523,买盘
736,13:54:25,7.89,0.0,8,6312,买盘
737,13:54:51,7.89,0.0,43,33965,卖盘
738,13:55:04,7.89,0.0,18,14202,卖盘
739,13:55:06,7.9,0.01,21,16590,买盘
740,13:55:33,7.89,-0.01,27,21303,卖盘
741,13:57:00,7.88,-0.01,2,1576,卖盘
742,13:57:25,7.88,0.0,57,44972,卖盘
743,13:57:27,7.89,0.01,22,17358,买盘
744,13:57:37,7.89,0.0,6,4734,买盘
745,13:57:42,7.88,-0.01,62,48856,卖盘
746,13:57:58,7.88,0.0,31,24428,买盘
747,13:58:07,7.88,0.0,7,5516,买盘
748,13:58:13,7.88,0.0,2,1576,卖盘
749,13:58:34,7.89,0.01,26,20514,买盘
750,13:58:37,7.88,-0.01,13,10244,卖盘
751,13:58:48,7.88,0.0,87,68556,买盘
752,13:59:12,7.89,0.01,4,3156,买盘
753,14:00:04,7.88,-0.01,5,3940,卖盘
754,14:00:28,7.89,0.01,3,2367,买盘
755,14:02:07,7.88,-0.01,87,68556,卖盘
756,14:02:13,7.89,0.01,25,19712,买盘
757,14:03:12,7.88,-0.01,53,41764,卖盘
758,14:03:40,7.88,0.0,10,7880,买盘
759,14:03:42,7.88,0.0,37,29156,买盘
760,14:04:16,7.88,0.0,1,788,卖盘
761,14:04:30,7.88,0.0,4,3152,买盘
762,14:04:34,7.88,0.0,30,23640,卖盘
763,14:05:04,7.88,0.0,1,788,卖盘
764,14:05:13,7.89,0.01,5,3945,买盘
765,14:05:36,7.88,-0.01,9,7092,卖盘
766,14:05:39,7.88,0.0,21,16548,卖盘
767,14:05:46,7.88,0.0,8,6304,卖盘
768,14:05:49,7.88,0.0,2,1576,卖盘
769,14:05:51,7.88,0.0,15,11820,卖盘
770,14:05:55,7.88,0.0,2,1576,卖盘
771,14:05:58,7.88,0.0,6,4728,卖盘
772,14:06:01,7.88,0.0,5,3940,卖盘
773,14:06:16,7.88,0.0,1,788,买盘
774,14:06:31,7.88,0.0,2,1576,买盘
775,14:06:42,7.88,0.0,1,788,卖盘
776,14:06:46,7.89,0.01,5,3945,买盘
777,14:07:25,7.89,0.0,6,4734,买盘
778,14:07:45,7.88,-0.01,1,788,卖盘
779,14:08:01,7.88,0.0,5,3940,卖盘
780,14:08:06,7.88,0.0,1,788,卖盘
781,14:08:31,7.88,0.0,31,24428,卖盘
782,14:09:10,7.88,0.0,58,45704,买盘
783,14:09:13,7.88,0.0,6,4728,买盘
784,14:09:28,7.88,0.0,5,3940,买盘
785,14:09:34,7.88,0.0,1,788,卖盘
786,14:09:54,7.88,0.0,10,7880,卖盘
787,14:11:52,7.89,0.01,14,11046,买盘
788,14:11:58,7.89,0.0,10,7890,买盘
789,14:12:09,7.89,0.0,110,86790,买盘
790,14:12:48,7.89,0.0,61,48129,买盘
791,14:12:51,7.89,0.0,12,9468,卖盘
792,14:13:04,7.89,0.0,8,6312,买盘
793,14:13:15,7.89,0.0,5,3945,买盘
794,14:13:25,7.89,0.0,50,39450,买盘
795,14:14:15,7.89,0.0,10,7890,买盘
796,14:14:43,7.89,0.0,9,7101,买盘
797,14:14:55,7.89,0.0,1,789,买盘
798,14:15:12,7.88,-0.01,10,7880,卖盘
799,14:16:19,7.88,0.0,4,3152,卖盘
800,14:16:36,7.89,0.01,1,789,买盘
801,14:17:10,7.89,0.0,110,86790,买盘
802,14:17:37,7.89,0.0,18,14202,卖盘
803,14:17:39,7.9,0.01,5,3950,买盘
804,14:17:57,7.89,-0.01,69,54441,卖盘
805,14:18:06,7.9,0.01,10,7900,买盘
806,14:18:13,7.9,0.0,1,790,买盘
807,14:18:27,7.89,-0.01,2,1578,卖盘
808,14:18:33,7.89,0.0,3,2367,卖盘
809,14:18:37,7.89,0.0,24,18936,卖盘
810,14:18:39,7.89,0.0,30,23672,卖盘
811,14:19:16,7.89,0.0,35,27615,买盘
812,14:19:19,7.89,0.0,7,5523,买盘
813,14:19:22,7.89,0.0,2,1578,买盘
814,14:19:46,7.89,0.0,22,17358,买盘
815,14:20:52,7.89,0.0,32,25248,买盘
816,14:20:55,7.89,0.0,10,7890,买盘
817,14:21:09,7.89,0.0,1,789,买盘
818,14:21:52,7.88,-0.01,6,4728,卖盘
819,14:22:07,7.88,0.0,14,11032,卖盘
820,14:22:19,7.89,0.01,1,789,买盘
821,14:22:21,7.88,-0.01,9,7092,卖盘
822,14:22:36,7.89,0.01,8,6312,买盘
823,14:22:51,7.89,0.0,1,789,买盘
824,14:23:39,7.89,0.0,19,14991,买盘
825,14:24:10,7.89,0.0,9,7101,卖盘
826,14:24:21,7.9,0.01,1,790,买盘
827,14:24:49,7.89,-0.01,13,10257,卖盘
828,14:24:58,7.89,0.0,3,2367,买盘
829,14:26:01,7.89,0.0,24,18922,买盘
830,14:26:09,7.89,0.0,2,1578,卖盘
831,14:26:15,7.88,-0.01,53,41764,卖盘
832,14:27:12,7.88,0.0,2,1576,卖盘
833,14:27:15,7.88,0.0,15,11820,卖盘
834,14:27:34,7.88,0.0,18,14184,卖盘
835,14:27:46,7.88,0.0,31,24428,卖盘
836,14:28:22,7.88,0.0,24,18912,买盘
837,14:29:27,7.88,0.0,5,3940,卖盘
838,14:29:36,7.88,0.0,1,788,卖盘
839,14:29:42,7.88,0.0,75,59100,卖盘
840,14:30:07,7.88,0.0,5,3940,买盘
841,14:30:13,7.88,0.0,33,26001,买盘
842,14:30:18,7.88,0.0,6,4728,买盘
843,14:30:25,7.88,0.0,6,4728,买盘
844,14:32:46,7.89,0.01,1,789,买盘
845,14:33:01,7.89,0.0,33,26037,买盘
846,14:33:22,7.9,0.01,600,473885,买盘
847,14:33:24,7.88,-0.02,5,3940,卖盘
848,14:33:27,7.89,0.01,15,11835,买盘
849,14:33:31,7.89,0.0,8,6312,买盘
850,14:33:34,7.89,0.0,1,789,买盘
851,14:33:40,7.89,0.0,30,23670,买盘
852,14:33:49,7.89,0.0,10,7890,买盘
853,14:34:04,7.89,0.0,16,12624,买盘
854,14:34:25,7.89,0.0,34,26826,卖盘
855,14:34:46,7.89,0.0,69,54499,卖盘
856,14:34:49,7.88,-0.01,10,7883,卖盘
857,14:35:13,7.9,0.02,32,25280,买盘
858,14:35:19,7.9,0.0,122,96380,卖盘
859,14:35:24,7.9,0.0,5,3950,买盘
860,14:35:33,7.9,0.0,26,20540,卖盘
861,14:35:37,7.9,0.0,20,15800,卖盘
862,14:35:40,7.9,0.0,4,3160,卖盘
863,14:35:49,7.9,0.0,43,33952,买盘
864,14:35:54,7.9,0.0,6,4740,卖盘
865,14:35:57,7.9,0.0,14,11060,卖盘
866,14:36:01,7.9,0.0,62,48980,卖盘
867,14:36:07,7.9,0.0,42,33180,买盘
868,14:36:19,7.9,0.0,5,3950,卖盘
869,14:36:28,7.9,0.0,1,790,卖盘
870,14:36:31,7.91,0.01,1,791,买盘
871,14:36:57,7.9,-0.01,11,8690,卖盘
872,14:37:10,7.9,0.0,69,54510,卖盘
873,14:37:31,7.89,-0.01,12,9468,卖盘
874,14:37:34,7.89,0.0,30,23670,卖盘
875,14:37:58,7.89,0.0,20,15780,卖盘
876,14:38:01,7.89,0.0,1,789,卖盘
877,14:38:33,7.89,0.0,14,11046,卖盘
878,14:38:42,7.89,0.0,22,17358,卖盘
879,14:38:54,7.89,0.0,50,39450,卖盘
880,14:39:06,7.89,0.0,36,28430,卖盘
881,14:39:15,7.9,0.01,1,790,买盘
882,14:39:25,7.89,-0.01,33,26037,卖盘
883,14:39:28,7.89,0.0,5,3945,卖盘
884,14:39:34,7.89,0.0,29,22881,卖盘
885,14:39:39,7.89,0.0,2,1578,卖盘
886,14:39:58,7.88,-0.01,14,11032,卖盘
887,14:40:04,7.88,0.0,53,41764,卖盘
888,14:40:31,7.87,-0.01,14,11018,卖盘
889,14:40:40,7.87,0.0,14,11018,卖盘
890,14:40:55,7.87,0.0,79,62173,卖盘
891,14:42:33,7.87,0.0,110,86570,买盘
892,14:43:18,7.87,0.0,34,26758,买盘
893,14:43:34,7.87,0.0,5,3935,卖盘
894,14:43:46,7.88,0.01,35,27580,买盘
895,14:43:55,7.87,-0.01,6,4722,卖盘
896,14:44:12,7.88,0.01,33,26004,买盘
897,14:44:31,7.88,0.0,3,2364,买盘
898,14:44:33,7.88,0.0,6,4728,买盘
899,14:44:52,7.89,0.01,3,2367,买盘
900,14:44:55,7.88,-0.01,3,2364,卖盘
901,14:45:16,7.87,-0.01,16,12592,卖盘
902,14:45:28,7.87,0.0,2,1574,卖盘
903,14:45:33,7.87,0.0,67,52729,卖盘
904,14:45:58,7.85,-0.02,200,157139,卖盘
905,14:46:37,7.86,0.01,50,39300,卖盘
906,14:46:48,7.87,0.01,30,23610,买盘
907,14:47:04,7.88,0.01,10,7880,买盘
908,14:47:37,7.88,0.0,135,106380,卖盘
909,14:48:10,7.88,0.0,2,1576,买盘
910,14:48:16,7.88,0.0,5,3940,买盘
911,14:48:19,7.88,0.0,2,1576,买盘
912,14:48:22,7.88,0.0,15,11820,买盘
913,14:48:27,7.88,0.0,10,7880,买盘
914,14:48:34,7.87,-0.01,40,31480,卖盘
915,14:49:28,7.88,0.01,14,11032,买盘
916,14:49:31,7.87,-0.01,15,11805,卖盘
917,14:49:49,7.87,0.0,4,3148,买盘
918,14:49:52,7.86,-0.01,93,73098,卖盘
919,14:49:58,7.86,0.0,15,11790,买盘
920,14:50:15,7.86,0.0,242,190212,买盘
921,14:50:21,7.86,0.0,100,78600,买盘
922,14:50:30,7.86,0.0,192,150908,买盘
923,14:50:37,7.87,0.01,1,787,买盘
924,14:50:43,7.85,-0.02,300,235622,卖盘
925,14:50:49,7.87,0.02,15,11805,买盘
926,14:51:01,7.83,-0.04,63,49340,卖盘
927,14:51:13,7.85,0.02,1,785,买盘
928,14:51:19,7.85,0.0,1,785,买盘
929,14:51:28,7.84,-0.01,4,3136,卖盘
930,14:51:31,7.85,0.01,1,785,买盘
931,14:51:34,7.85,0.0,1,785,买盘
932,14:51:37,7.85,0.0,1,785,买盘
933,14:52:34,7.86,0.01,3,2358,卖盘
934,14:52:37,7.86,0.0,43,33798,卖盘
935,14:53:28,7.86,0.0,4,3144,卖盘
936,14:53:55,7.87,0.01,2,1574,买盘
937,14:54:16,7.87,0.0,23,18101,买盘
938,14:54:30,7.87,0.0,25,19675,卖盘
939,14:54:34,7.88,0.01,13,10236,买盘
940,14:55:04,7.86,-0.02,1,786,卖盘
941,14:55:22,7.87,0.01,15,11805,买盘
942,14:55:34,7.88,0.01,17,13396,买盘
943,14:56:22,7.87,-0.01,1,787,卖盘
944,14:56:40,7.87,0.0,5,3935,卖盘
945,14:56:46,7.88,0.01,11,8668,买盘
946,14:56:49,7.87,-0.01,2,1574,卖盘
947,14:56:52,7.88,0.01,3,2364,买盘
948,15:00:04,7.86,-0.02,187,146982,卖盘
