,time,price,change,volume,amount,type
0,09:30:04,11.02,-0.09,12,13327,卖盘
1,09:30:07,11.01,-0.01,51,56151,买盘
2,09:30:10,11.11,0.1,12,13262,买盘
3,09:30:16,11.11,0.0,1,1111,买盘
4,09:30:19,11.16,0.05,3,3348,卖盘
5,09:30:25,11.26,0.1,3,3378,买盘
6,09:30:37,11.25,-0.01,2,2250,买盘
7,09:30:49,11.25,0.0,1,1125,买盘
8,09:31:22,11.16,-0.09,9,10044,卖盘
9,09:31:28,11.16,0.0,1,1116,买盘
10,09:31:55,11.16,0.0,3,3348,卖盘
11,09:32:01,11.16,0.0,2,2232,卖盘
12,09:32:07,11.19,0.03,1,1119,买盘
13,09:32:16,11.17,-0.02,1,1117,卖盘
14,09:32:19,11.18,0.01,8,8943,买盘
15,09:32:25,11.18,0.0,23,25715,卖盘
16,09:32:28,11.17,-0.01,5,5589,卖盘
17,09:32:31,11.17,0.0,19,21225,卖盘
18,09:32:34,11.18,0.01,1,1118,买盘
19,09:32:37,11.18,0.0,1,1118,买盘
20,09:32:46,11.17,-0.01,2,2234,卖盘
21,09:32:49,11.17,0.0,5,5585,卖盘
22,09:32:55,11.17,0.0,4,4469,卖盘
23,09:33:01,11.17,0.0,16,17872,卖盘
24,09:33:07,11.17,0.0,5,5585,卖盘
25,09:33:16,11.17,0.0,7,7819,买盘
26,09:33:22,11.17,0.0,1,1117,卖盘
27,09:33:25,11.17,0.0,8,8936,卖盘
28,09:33:31,11.16,-0.01,1,1116,卖盘
29,09:33:37,11.03,-0.13,10,11072,卖盘
30,09:33:52,11.17,0.14,4,4467,买盘
31,09:33:55,11.16,-0.01,3,3348,卖盘
32,09:33:58,11.16,0.0,1,1116,买盘
33,09:34:07,11.16,0.0,3,3348,买盘
34,09:34:10,11.14,-0.02,1,1114,卖盘
35,09:34:13,11.14,0.0,1,1114,卖盘
36,09:34:16,11.14,0.0,1,1114,卖盘
37,09:34:28,11.16,0.02,1,1116,买盘
38,09:34:43,11.16,0.0,6,6696,买盘
39,09:34:49,11.15,-0.01,6,6692,卖盘
40,09:35:04,11.15,0.0,3,3345,买盘
41,09:35:10,11.15,0.0,1,1115,买盘
42,09:35:13,11.15,0.0,5,5575,卖盘
43,09:35:22,11.15,0.0,16,17840,买盘
44,09:35:28,11.15,0.0,36,40134,买盘
45,09:35:34,11.15,0.0,5,5575,买盘
46,09:35:40,11.17,0.02,3,3351,买盘
47,09:36:37,11.15,-0.02,1,1115,卖盘
48,09:36:40,11.15,0.0,12,13380,卖盘
49,09:36:46,11.15,0.0,1,1115,买盘
50,09:37:13,11.14,-0.01,7,7798,卖盘
51,09:37:16,11.15,0.01,2,2230,买盘
52,09:37:25,11.14,-0.01,46,51244,卖盘
53,09:37:31,11.17,0.03,2,2234,买盘
54,09:37:34,11.14,-0.03,38,42332,卖盘
55,09:37:37,11.14,0.0,1,1114,买盘
56,09:37:40,11.13,-0.01,1,1113,中性盘
57,09:37:46,11.14,0.01,1,1114,买盘
58,09:37:52,11.07,-0.07,18,19926,卖盘
59,09:38:25,11.14,0.07,1,1114,买盘
60,09:38:31,11.14,0.0,1,1114,买盘
61,09:38:34,11.14,0.0,2,2228,买盘
62,09:38:58,11.14,0.0,2,2228,买盘
63,09:39:04,11.14,0.0,1,1114,买盘
64,09:39:28,11.14,0.0,1,1114,买盘
65,09:39:34,11.12,-0.02,2,2224,卖盘
66,09:39:43,11.14,0.02,11,12254,买盘
67,09:39:49,11.14,0.0,1,1114,买盘
68,09:40:10,11.13,-0.01,1,1113,买盘
69,09:40:18,11.14,0.01,5,5570,买盘
70,09:40:22,11.14,0.0,3,3342,买盘
71,09:40:25,11.14,0.0,13,14482,买盘
72,09:40:31,11.17,0.03,1,1117,买盘
73,09:41:07,11.15,-0.02,6,6692,卖盘
74,09:41:16,11.15,0.0,15,16725,买盘
75,09:41:22,11.15,0.0,1,1115,买盘
76,09:41:46,11.14,-0.01,6,6684,卖盘
77,09:41:58,11.15,0.01,47,52405,买盘
78,09:42:04,11.18,0.03,5,5587,买盘
79,09:42:25,11.18,0.0,2,2236,买盘
80,09:42:40,11.18,0.0,12,13416,买盘
81,09:43:16,11.17,-0.01,1,1117,买盘
82,09:43:22,11.17,0.0,1,1117,买盘
83,09:43:28,11.18,0.01,8,8939,买盘
84,09:43:46,11.18,0.0,1,1118,买盘
85,09:44:31,11.18,0.0,2,2236,买盘
86,09:44:37,11.18,0.0,2,2236,买盘
87,09:45:46,11.18,0.0,5,5590,卖盘
88,09:46:16,11.19,0.01,7,7833,买盘
89,09:46:22,11.19,0.0,1,1119,买盘
90,09:46:25,11.18,-0.01,5,5590,卖盘
91,09:46:28,11.19,0.01,3,3357,买盘
92,09:46:58,11.19,0.0,9,10071,卖盘
93,09:47:04,11.2,0.01,1,1120,中性盘
94,09:47:10,11.19,-0.01,2,2238,卖盘
95,09:47:18,11.18,-0.01,6,6713,卖盘
96,09:47:49,11.18,0.0,1,1118,卖盘
97,09:47:52,11.18,0.0,5,5590,卖盘
98,09:48:10,11.18,0.0,9,10062,卖盘
99,09:48:12,11.19,0.01,1,1119,买盘
100,09:48:16,11.19,0.0,1,1119,买盘
101,09:48:52,11.19,0.0,4,3782,买盘
102,09:49:37,11.19,0.0,10,11884,买盘
103,09:49:43,11.2,0.01,1,1120,买盘
104,09:49:55,11.2,0.0,1,1120,买盘
105,09:50:01,11.19,-0.01,13,14551,卖盘
106,09:50:07,11.21,0.02,1,1121,买盘
107,09:50:31,11.2,-0.01,7,7840,卖盘
108,09:52:13,11.19,-0.01,6,6714,卖盘
109,09:52:16,11.2,0.01,1,1120,买盘
110,09:52:28,11.19,-0.01,13,13853,卖盘
111,09:52:31,11.19,0.0,1,1119,买盘
112,09:52:34,11.19,0.0,1,1119,买盘
113,09:52:37,11.19,0.0,1,1813,买盘
114,09:52:43,11.2,0.01,2,2240,买盘
115,09:52:52,11.21,0.01,5,5605,买盘
116,09:52:58,11.21,0.0,4,4484,买盘
117,09:53:04,11.21,0.0,1,1121,买盘
118,09:53:13,11.21,0.0,16,17936,买盘
119,09:53:16,11.21,0.0,7,7847,买盘
120,09:53:22,11.21,0.0,1,1121,买盘
121,09:53:37,11.21,0.0,15,16815,买盘
122,09:53:43,11.21,0.0,1,1121,买盘
123,09:53:55,11.21,0.0,16,17936,买盘
124,09:54:13,11.21,0.0,104,116584,买盘
125,09:54:19,11.22,0.01,14,15699,买盘
126,09:54:34,11.2,-0.02,5,5601,卖盘
127,09:54:40,11.22,0.02,1,1122,买盘
128,09:55:58,11.22,0.0,1,1122,买盘
129,09:56:06,11.21,-0.01,5,5605,卖盘
130,09:56:12,11.21,0.0,1,1121,买盘
131,09:56:19,11.21,0.0,1,1121,买盘
132,09:56:25,11.21,0.0,1,1121,买盘
133,09:56:31,11.22,0.01,1,1122,买盘
134,09:57:01,11.22,0.0,1,1122,买盘
135,09:57:07,11.21,-0.01,7,7850,卖盘
136,09:57:13,11.21,0.0,2,2242,买盘
137,09:57:15,11.21,0.0,1,1121,买盘
138,09:57:19,11.21,0.0,1,1121,买盘
139,09:57:22,11.21,0.0,1,1121,买盘
140,09:57:25,11.21,0.0,1,1121,买盘
141,09:57:48,11.22,0.01,8,8976,买盘
142,09:57:55,11.23,0.01,1,1123,买盘
143,09:58:16,11.23,0.0,1,1123,买盘
144,09:58:22,11.23,0.0,1,1123,买盘
145,09:58:28,11.23,0.0,1,1123,买盘
146,09:58:37,11.23,0.0,7,7861,买盘
147,09:59:16,11.22,-0.01,8,8977,卖盘
148,09:59:22,11.22,0.0,2,2244,买盘
149,09:59:31,11.24,0.02,1,1124,买盘
150,09:59:33,11.24,0.0,3,3372,买盘
151,09:59:37,11.24,0.0,1,1124,买盘
152,09:59:39,11.28,0.04,54,60767,买盘
153,09:59:46,11.21,-0.07,9,10103,中性盘
154,10:00:13,11.28,0.07,32,36096,买盘
155,10:00:22,11.28,0.0,10,11280,卖盘
156,10:00:27,11.28,0.0,1,1128,中性盘
157,10:00:34,11.28,0.0,6,6768,买盘
158,10:00:37,11.28,0.0,37,41736,买盘
159,10:00:43,11.29,0.01,1,1129,买盘
160,10:00:51,11.28,-0.01,6,6768,卖盘
161,10:01:01,11.28,0.0,33,37224,卖盘
162,10:01:04,11.29,0.01,13,14677,买盘
163,10:01:06,11.29,0.0,1,1129,买盘
164,10:01:10,11.28,-0.01,1,1128,买盘
165,10:01:28,11.28,0.0,10,11280,买盘
166,10:01:40,11.29,0.01,7,7900,买盘
167,10:02:09,11.27,-0.02,2,2254,买盘
168,10:02:55,11.26,-0.01,5,5630,卖盘
169,10:03:10,11.26,0.0,1,1126,中性盘
170,10:03:13,11.26,0.0,1,1126,卖盘
171,10:03:19,11.26,0.0,1,1126,买盘
172,10:03:31,11.25,-0.01,5,5625,卖盘
173,10:03:34,11.25,0.0,1,1125,卖盘
174,10:03:40,11.25,0.0,2,2250,卖盘
175,10:04:10,11.25,0.0,2,2250,买盘
176,10:04:22,11.24,-0.01,1,1124,买盘
177,10:04:28,11.24,0.0,3,3370,买盘
178,10:04:34,11.24,0.0,1,1124,买盘
179,10:04:39,11.24,0.0,1,1124,买盘
180,10:04:45,11.24,0.0,1,1124,买盘
181,10:04:52,11.23,-0.01,19,21338,卖盘
182,10:04:58,11.23,0.0,3,3369,买盘
183,10:05:04,11.23,0.0,1,1123,买盘
184,10:05:10,11.23,0.0,2,2246,买盘
185,10:05:25,11.23,0.0,1,1123,买盘
186,10:05:37,11.23,0.0,4,4492,买盘
187,10:05:58,11.24,0.01,4,4496,买盘
188,10:06:01,11.24,0.0,4,4496,买盘
189,10:06:30,11.25,0.01,1,1125,买盘
190,10:06:52,11.24,-0.01,7,7868,卖盘
191,10:07:13,11.24,0.0,1,1124,卖盘
192,10:07:16,11.24,0.0,10,11240,卖盘
193,10:07:22,11.25,0.01,43,48374,买盘
194,10:07:28,11.25,0.0,1,1125,买盘
195,10:07:31,11.24,-0.01,3,3372,卖盘
196,10:08:00,11.24,0.0,1,1124,买盘
197,10:08:10,11.24,0.0,3,3372,买盘
198,10:08:30,11.23,-0.01,5,5615,卖盘
199,10:08:39,11.23,0.0,1,1123,卖盘
200,10:08:46,11.23,0.0,1,1123,卖盘
201,10:08:52,11.23,0.0,1,1123,买盘
202,10:09:10,11.23,0.0,6,6733,买盘
203,10:09:19,11.22,-0.01,27,30294,卖盘
204,10:09:25,11.22,0.0,1,1122,买盘
205,10:09:37,11.22,0.0,7,7849,买盘
206,10:09:49,11.22,0.0,10,11220,买盘
207,10:10:04,11.22,0.0,8,8976,买盘
208,10:10:07,11.22,0.0,2,2244,买盘
209,10:10:10,11.22,0.0,3,3366,卖盘
210,10:10:13,11.23,0.01,20,22460,买盘
211,10:10:16,11.23,0.0,2,2246,买盘
212,10:10:19,11.23,0.0,2,2246,买盘
213,10:10:22,11.23,0.0,7,7861,买盘
214,10:10:25,11.23,0.0,7,7861,买盘
215,10:10:31,11.24,0.01,1,1124,买盘
216,10:10:34,11.24,0.0,5,5620,买盘
217,10:10:37,11.24,0.0,5,5617,买盘
218,10:10:40,11.24,0.0,1,1124,买盘
219,10:10:43,11.24,0.0,2,2248,买盘
220,10:10:49,11.24,0.0,1,1124,买盘
221,10:10:52,11.24,0.0,1,1124,买盘
222,10:10:55,11.24,0.0,1,1124,买盘
223,10:11:01,11.24,0.0,1,1124,买盘
224,10:11:04,11.24,0.0,1,1124,买盘
225,10:11:06,11.24,0.0,1,1124,买盘
226,10:11:10,11.24,0.0,2,2248,买盘
227,10:11:13,11.24,0.0,2,2248,买盘
228,10:11:16,11.24,0.0,1,1124,买盘
229,10:11:19,11.24,0.0,1,1124,买盘
230,10:11:22,11.24,0.0,22,24728,买盘
231,10:11:28,11.24,0.0,9,10116,卖盘
232,10:12:10,11.24,0.0,3,3372,买盘
233,10:13:09,11.24,0.0,2,2248,买盘
234,10:13:16,11.24,0.0,1,1124,买盘
235,10:13:22,11.24,0.0,2,2248,买盘
236,10:13:28,11.24,0.0,2,2248,买盘
237,10:13:49,11.24,0.0,1,1124,买盘
238,10:14:04,11.23,-0.01,6,6738,卖盘
239,10:14:37,11.24,0.01,2,2248,买盘
240,10:15:07,11.23,-0.01,6,6738,卖盘
241,10:15:10,11.24,0.01,1,1124,买盘
242,10:15:58,11.24,0.0,1,1124,买盘
243,10:16:10,11.24,0.0,32,35938,买盘
244,10:16:13,11.23,-0.01,14,15724,卖盘
245,10:16:16,11.23,0.0,22,24708,卖盘
246,10:16:19,11.24,0.01,1,1124,买盘
247,10:16:22,11.23,-0.01,30,33690,卖盘
248,10:16:24,11.23,0.0,7,7861,卖盘
249,10:16:28,11.23,0.0,4,4492,买盘
250,10:16:31,11.23,0.0,15,16845,买盘
251,10:16:37,11.23,0.0,1,1123,买盘
252,10:17:10,11.23,0.0,2,2246,买盘
253,10:18:10,11.22,-0.01,9,10099,卖盘
254,10:18:31,11.22,0.0,14,15708,卖盘
255,10:18:37,11.23,0.01,1,1123,买盘
256,10:18:55,11.23,0.0,20,22460,买盘
257,10:19:09,11.23,0.0,2,2246,买盘
258,10:19:21,11.22,-0.01,8,8976,卖盘
259,10:19:28,11.23,0.01,1,1123,买盘
260,10:20:10,11.23,0.0,2,2246,买盘
261,10:20:40,11.22,-0.01,22,24684,卖盘
262,10:20:43,11.22,0.0,10,11220,卖盘
263,10:20:49,11.23,0.01,1,1123,买盘
264,10:20:55,11.23,0.0,3,3369,买盘
265,10:21:10,11.23,0.0,2,2246,买盘
266,10:21:13,11.23,0.0,10,11230,买盘
267,10:21:27,11.22,-0.01,24,26928,卖盘
268,10:21:33,11.23,0.01,1,1123,买盘
269,10:22:10,11.23,0.0,1,1123,买盘
270,10:22:28,11.22,-0.01,1,1122,卖盘
271,10:22:34,11.22,0.0,2,2244,卖盘
272,10:22:55,11.22,0.0,2,2244,买盘
273,10:23:04,11.21,-0.01,5,5605,卖盘
274,10:23:09,11.22,0.01,2,2244,买盘
275,10:23:28,11.22,0.0,3,3366,买盘
276,10:24:01,11.21,-0.01,10,11210,卖盘
277,10:24:06,11.22,0.01,1,1122,买盘
278,10:24:19,11.21,-0.01,49,54929,卖盘
279,10:24:25,11.21,0.0,1,1121,买盘
280,10:24:31,11.21,0.0,1,1121,买盘
281,10:24:37,11.21,0.0,6,6726,卖盘
282,10:24:42,11.21,0.0,1,1121,买盘
283,10:24:58,11.21,0.0,5,5605,买盘
284,10:25:10,11.21,0.0,1,1121,买盘
285,10:25:55,11.22,0.01,1,1122,买盘
286,10:26:04,11.22,0.0,13,14586,买盘
287,10:26:10,11.23,0.01,1,1123,买盘
288,10:26:57,11.22,-0.01,47,52775,卖盘
289,10:27:04,11.23,0.01,2,2246,买盘
290,10:27:10,11.22,-0.01,11,12342,卖盘
291,10:27:16,11.23,0.01,1,1123,买盘
292,10:27:43,11.23,0.0,1,1123,买盘
293,10:28:10,11.23,0.0,1,1123,买盘
294,10:28:16,11.23,0.0,1,1123,买盘
295,10:28:22,11.23,0.0,2,2246,买盘
296,10:28:34,11.22,-0.01,7,7854,卖盘
297,10:29:04,11.23,0.01,1,1123,买盘
298,10:29:39,11.23,0.0,3,3369,买盘
299,10:29:46,11.23,0.0,2,2246,买盘
300,10:30:04,11.22,-0.01,1,1122,卖盘
301,10:30:09,11.23,0.01,2,2246,买盘
302,10:30:39,11.22,-0.01,30,33660,卖盘
303,10:30:45,11.23,0.01,1,1123,买盘
304,10:31:09,11.23,0.0,1,1123,买盘
305,10:31:25,11.22,-0.01,6,6732,卖盘
306,10:31:30,11.22,0.0,23,25806,卖盘
307,10:31:37,11.21,-0.01,2,2243,卖盘
308,10:32:13,11.21,0.0,10,11210,卖盘
309,10:32:19,11.21,0.0,1,1121,卖盘
310,10:32:34,11.22,0.01,1,1122,买盘
311,10:32:46,11.22,0.0,4,4488,买盘
312,10:32:49,11.22,0.0,3,3366,买盘
313,10:32:52,11.22,0.0,35,39270,买盘
314,10:32:58,11.22,0.0,2,2244,买盘
315,10:33:07,11.22,0.0,2,2244,买盘
316,10:33:16,11.22,0.0,90,100980,买盘
317,10:33:36,11.23,0.01,1,1123,买盘
318,10:33:43,11.22,-0.01,5,5610,买盘
319,10:34:06,11.22,0.0,1,1122,买盘
320,10:35:07,11.22,0.0,2,2244,买盘
321,10:35:13,11.22,0.0,1,1122,买盘
322,10:35:40,11.22,0.0,2,2244,买盘
323,10:35:46,11.22,0.0,1,1122,买盘
324,10:36:07,11.22,0.0,2,2244,买盘
325,10:36:46,11.22,0.0,1,1122,买盘
326,10:36:48,11.22,0.0,1,1122,买盘
327,10:36:52,11.21,-0.01,10,11210,卖盘
328,10:37:49,11.22,0.01,1,1122,买盘
329,10:37:55,11.22,0.0,9,10098,买盘
330,10:38:22,11.23,0.01,4,4492,买盘
331,10:38:52,11.22,-0.01,21,23562,卖盘
332,10:38:58,11.22,0.0,1,1122,买盘
333,10:39:07,11.22,0.0,4,4488,买盘
334,10:39:22,11.21,-0.01,3,3363,卖盘
335,10:40:00,11.21,0.0,1,1121,买盘
336,10:40:07,11.21,0.0,2,2242,买盘
337,10:41:01,11.21,0.0,1,1121,买盘
338,10:41:07,11.21,0.0,1,1121,买盘
339,10:41:13,11.21,0.0,4,4484,买盘
340,10:41:45,11.22,0.01,14,15708,买盘
341,10:41:48,11.22,0.0,6,6732,买盘
342,10:41:51,11.22,0.0,13,14586,买盘
343,10:42:04,11.22,0.0,15,16830,买盘
344,10:42:06,11.22,0.0,2,2244,买盘
345,10:42:10,11.22,0.0,4,4488,买盘
346,10:42:16,11.22,0.0,12,13464,买盘
347,10:42:31,11.23,0.01,3,3369,买盘
348,10:43:07,11.23,0.0,2,2246,买盘
349,10:43:12,11.23,0.0,1,1123,买盘
350,10:44:06,11.23,0.0,1,1123,买盘
351,10:44:13,11.23,0.0,1,1123,买盘
352,10:44:25,11.23,0.0,1,1123,买盘
353,10:44:37,11.23,0.0,2,2246,买盘
354,10:44:55,11.22,-0.01,1,1122,卖盘
355,10:45:18,11.22,0.0,4,4488,卖盘
356,10:45:25,11.23,0.01,1,1123,买盘
357,10:45:34,11.22,-0.01,15,16830,卖盘
358,10:45:43,11.22,0.0,1,1122,买盘
359,10:46:07,11.22,0.0,2,2244,买盘
360,10:46:25,11.22,0.0,1,1122,买盘
361,10:46:31,11.22,0.0,2,2244,买盘
362,10:47:06,11.22,0.0,1,1122,买盘
363,10:47:27,11.22,0.0,1,1122,买盘
364,10:47:34,11.22,0.0,129,144738,买盘
365,10:48:28,11.23,0.01,1,1123,买盘
366,10:49:06,11.23,0.0,2,2246,买盘
367,10:49:40,11.22,-0.01,6,6732,卖盘
368,10:49:45,11.23,0.01,1,1123,买盘
369,10:50:07,11.23,0.0,1,1123,买盘
370,10:50:28,11.23,0.0,1,1123,买盘
371,10:50:33,11.23,0.0,1,1123,买盘
372,10:50:40,11.22,-0.01,5,5610,卖盘
373,10:51:25,11.22,0.0,53,59466,卖盘
374,10:51:34,11.22,0.0,5,5610,卖盘
375,10:51:40,11.23,0.01,5,5611,买盘
376,10:52:06,11.23,0.0,2,2246,买盘
377,10:52:28,11.22,-0.01,10,11220,卖盘
378,10:52:34,11.22,0.0,1,1122,卖盘
379,10:52:40,11.22,0.0,1,1122,中性盘
380,10:54:42,11.23,0.01,1,1123,买盘
381,10:54:46,11.22,-0.01,7,7854,卖盘
382,10:54:49,11.22,0.0,1,1122,买盘
383,10:55:07,11.22,0.0,2,2244,买盘
384,10:55:43,11.21,-0.01,18,20178,卖盘
385,10:56:07,11.21,0.0,1,1121,买盘
386,10:56:13,11.21,0.0,1,1121,买盘
387,10:56:16,11.2,-0.01,7,7840,卖盘
388,10:56:39,11.21,0.01,3,3363,买盘
389,10:56:43,11.21,0.0,1,1121,买盘
390,10:56:49,11.21,0.0,2,2242,买盘
391,10:57:04,11.2,-0.01,23,25760,卖盘
392,10:57:06,11.21,0.01,2,2242,买盘
393,10:57:09,11.21,0.0,1,1121,买盘
394,10:58:07,11.21,0.0,2,2242,买盘
395,10:58:10,11.21,0.0,1,1121,买盘
396,10:59:07,11.21,0.0,3,3363,买盘
397,11:00:01,11.21,0.0,1,1121,买盘
398,11:00:07,11.2,-0.01,33,36964,卖盘
399,11:00:19,11.19,-0.01,29,32451,卖盘
400,11:00:22,11.19,0.0,2,2238,卖盘
401,11:01:28,11.19,0.0,38,42522,卖盘
402,11:01:34,11.2,0.01,1,1120,买盘
403,11:01:37,11.19,-0.01,12,13428,卖盘
404,11:01:55,11.19,0.0,23,25737,卖盘
405,11:02:07,11.19,0.0,9,9377,卖盘
406,11:02:19,11.18,-0.01,12,13416,卖盘
407,11:02:24,11.19,0.01,1,1119,买盘
408,11:02:34,11.18,-0.01,10,11180,卖盘
409,11:02:55,11.18,0.0,5,5590,卖盘
410,11:03:22,11.19,0.01,1,1119,买盘
411,11:04:28,11.19,0.0,1,1119,买盘
412,11:04:34,11.19,0.0,1,1119,买盘
413,11:05:01,11.18,-0.01,14,15652,卖盘
414,11:05:16,11.18,0.0,8,8944,卖盘
415,11:05:22,11.18,0.0,15,16770,卖盘
416,11:05:25,11.18,0.0,80,89440,卖盘
417,11:05:28,11.18,0.0,1,1118,买盘
418,11:05:34,11.16,-0.02,8,8928,卖盘
419,11:05:40,11.16,0.0,11,12276,卖盘
420,11:05:43,11.16,0.0,8,8928,卖盘
421,11:05:52,11.16,0.0,8,8928,卖盘
422,11:05:58,11.16,0.0,15,16740,卖盘
423,11:06:01,11.15,-0.01,25,27875,卖盘
424,11:06:07,11.15,0.0,8,8920,卖盘
425,11:06:16,11.15,0.0,9,10035,卖盘
426,11:06:22,11.11,-0.04,8,8892,卖盘
427,11:06:28,11.11,0.0,5,5555,卖盘
428,11:06:34,11.11,0.0,4,4444,买盘
429,11:06:37,11.1,-0.01,22,24428,卖盘
430,11:06:40,11.1,0.0,8,8880,买盘
431,11:06:46,11.11,0.01,22,24442,卖盘
432,11:06:48,11.1,-0.01,4,4441,卖盘
433,11:06:52,11.11,0.01,15,16662,买盘
434,11:06:55,11.11,0.0,7,7777,买盘
435,11:06:58,11.11,0.0,20,22220,买盘
436,11:07:01,11.11,0.0,3,3333,买盘
437,11:07:46,11.11,0.0,15,16665,卖盘
438,11:07:52,11.11,0.0,5,5555,买盘
439,11:07:58,11.11,0.0,5,5555,卖盘
440,11:08:04,11.11,0.0,12,13332,买盘
441,11:08:07,11.11,0.0,7,7777,买盘
442,11:08:10,11.11,0.0,5,5555,买盘
443,11:08:12,11.15,0.04,10,11138,买盘
444,11:08:22,11.11,-0.04,15,16665,卖盘
445,11:08:37,11.15,0.04,1,1115,买盘
446,11:08:40,11.11,-0.04,3,3333,卖盘
447,11:09:09,11.12,0.01,16,17777,中性盘
448,11:09:15,11.11,-0.01,14,15554,买盘
449,11:10:37,11.11,0.0,18,20687,卖盘
450,11:12:04,11.13,0.02,1,1113,买盘
451,11:12:25,11.15,0.02,21,23415,买盘
452,11:12:55,11.15,0.0,10,11150,买盘
453,11:13:04,11.1,-0.05,56,62240,卖盘
454,11:13:15,11.13,0.03,4,4452,卖盘
455,11:13:31,11.13,0.0,3,3339,卖盘
456,11:14:34,11.13,0.0,4,4452,卖盘
457,11:15:04,11.1,-0.03,1,1110,卖盘
458,11:15:10,11.1,0.0,8,8880,卖盘
459,11:15:13,11.1,0.0,4,4440,卖盘
460,11:15:16,11.1,0.0,7,7770,买盘
461,11:15:37,11.09,-0.01,12,13308,卖盘
462,11:16:04,11.09,0.0,8,8872,卖盘
463,11:16:07,11.13,0.04,1,1113,买盘
464,11:16:43,11.09,-0.04,8,8872,卖盘
465,11:17:07,11.12,0.03,2,2222,中性盘
466,11:17:22,11.09,-0.03,8,8872,卖盘
467,11:18:03,11.08,-0.01,8,8870,卖盘
468,11:18:19,11.08,0.0,1,1108,卖盘
469,11:18:24,11.08,0.0,15,16620,卖盘
470,11:18:28,11.08,0.0,5,5540,卖盘
471,11:18:31,11.08,0.0,1,1108,买盘
472,11:18:34,11.08,0.0,1,1108,买盘
473,11:18:37,11.07,-0.01,16,17713,卖盘
474,11:18:40,11.08,0.01,3,3324,买盘
475,11:18:46,11.07,-0.01,8,8856,卖盘
476,11:18:49,11.07,0.0,7,7749,卖盘
477,11:19:01,11.08,0.01,8,8864,买盘
478,11:19:04,11.08,0.0,9,9972,卖盘
479,11:19:27,11.08,0.0,8,8864,卖盘
480,11:19:33,11.08,0.0,1,1108,卖盘
481,11:19:48,11.08,0.0,8,8864,卖盘
482,11:19:58,11.08,0.0,5,5540,卖盘
483,11:20:07,11.07,-0.01,8,8856,卖盘
484,11:20:10,11.07,0.0,21,23247,卖盘
485,11:20:22,11.07,0.0,8,8856,卖盘
486,11:20:24,11.07,0.0,90,99630,卖盘
487,11:20:28,11.06,-0.01,13,14379,卖盘
488,11:20:31,11.05,-0.01,1,1105,卖盘
489,11:20:37,11.05,0.0,8,8840,卖盘
490,11:20:46,11.05,0.0,1,1105,卖盘
491,11:20:48,11.06,0.01,1,1106,卖盘
492,11:21:07,11.05,-0.01,150,165750,卖盘
493,11:21:19,11.05,0.0,116,128181,卖盘
494,11:21:28,11.04,-0.01,2,2208,买盘
495,11:21:34,11.04,0.0,4,4416,买盘
496,11:21:37,11.04,0.0,16,17664,买盘
497,11:21:40,11.04,0.0,16,17664,买盘
498,11:21:43,11.04,0.0,27,29808,买盘
499,11:21:46,11.04,0.0,181,199824,买盘
500,11:21:49,11.06,0.02,8,8846,买盘
501,11:21:55,11.07,0.01,5,5535,买盘
502,11:21:58,11.07,0.0,2,2215,中性盘
503,11:22:04,11.06,-0.01,2,2212,卖盘
504,11:22:07,11.06,0.0,1,1106,买盘
505,11:22:10,11.06,0.0,10,11060,买盘
506,11:22:15,11.06,0.0,1,1106,买盘
507,11:22:19,11.06,0.0,4,4424,买盘
508,11:22:22,11.06,0.0,2,2212,买盘
509,11:22:25,11.06,0.0,14,15483,买盘
510,11:22:28,11.06,0.0,7,7742,买盘
511,11:22:30,11.06,0.0,4,4424,买盘
512,11:22:34,11.06,0.0,5,5530,买盘
513,11:22:37,11.06,0.0,3,3318,买盘
514,11:22:40,11.06,0.0,4,4424,买盘
515,11:22:43,11.07,0.01,6,6640,买盘
516,11:22:46,11.07,0.0,7,7749,买盘
517,11:22:49,11.07,0.0,4,4428,买盘
518,11:22:52,11.07,0.0,5,5535,买盘
519,11:22:55,11.03,-0.04,396,436872,卖盘
520,11:22:58,11.03,0.0,20,22060,买盘
521,11:23:07,11.03,0.0,4,4412,买盘
522,11:23:10,11.03,0.0,2,2206,买盘
523,11:23:12,11.03,0.0,38,41914,买盘
524,11:23:19,11.03,0.0,28,30884,买盘
525,11:23:25,11.02,-0.01,11,12132,卖盘
526,11:23:28,11.03,0.01,6,6618,买盘
527,11:23:43,11.03,0.0,10,11030,买盘
528,11:23:55,11.02,-0.01,1,1102,卖盘
529,11:23:58,11.03,0.01,10,11030,买盘
530,11:24:24,11.02,-0.01,21,23162,卖盘
531,11:24:30,11.03,0.01,1,1103,买盘
532,11:24:46,11.02,-0.01,8,8816,卖盘
533,11:24:54,11.02,0.0,1,1102,卖盘
534,11:25:22,11.03,0.01,1,1103,买盘
535,11:25:28,11.02,-0.01,1,1102,卖盘
536,11:26:09,11.03,0.01,10,11030,买盘
537,11:26:22,11.03,0.0,1,1103,买盘
538,11:26:40,11.03,0.0,26,28678,买盘
539,11:26:45,11.02,-0.01,8,8816,卖盘
540,11:26:48,11.03,0.01,28,30884,买盘
541,11:26:55,11.03,0.0,80,88240,买盘
542,11:27:04,11.02,-0.01,13,14326,卖盘
543,11:27:06,11.03,0.01,6,6618,买盘
544,11:27:16,11.03,0.0,42,46326,买盘
545,11:27:18,11.03,0.0,25,27567,买盘
546,11:27:22,11.03,0.0,1,1103,买盘
547,11:27:28,11.03,0.0,103,113609,买盘
548,11:27:34,11.03,0.0,110,121330,买盘
549,11:27:40,11.03,0.0,16,17640,买盘
550,11:27:46,11.03,0.0,1,1103,买盘
551,11:27:49,11.03,0.0,10,11030,买盘
552,11:27:54,11.03,0.0,1,1103,买盘
553,11:28:01,11.03,0.0,32,35288,买盘
554,11:28:16,11.02,-0.01,8,8823,卖盘
555,11:28:36,11.03,0.01,8,8824,卖盘
556,11:29:04,11.03,0.0,9,9927,卖盘
557,11:29:19,11.03,0.0,9,9927,卖盘
558,11:29:24,11.03,0.0,2,2211,卖盘
559,11:29:27,11.03,0.0,1,1103,卖盘
560,11:29:40,11.03,0.0,9,9927,卖盘
561,13:00:05,11.08,0.05,1,1108,买盘
562,13:00:07,11.08,0.0,9,9972,卖盘
563,13:00:13,11.05,-0.03,8,8840,卖盘
564,13:00:36,11.08,0.03,1,1108,买盘
565,13:00:40,11.1,0.02,1,1110,买盘
566,13:00:43,11.03,-0.07,9,9937,卖盘
567,13:01:27,11.03,0.0,1,1103,卖盘
568,13:02:18,11.09,0.06,2,2218,买盘
569,13:02:43,11.09,0.0,4,4436,买盘
570,13:02:48,11.1,0.01,2,2219,买盘
571,13:02:54,11.09,-0.01,8,8872,卖盘
572,13:03:04,11.03,-0.06,8,8863,卖盘
573,13:03:06,11.1,0.07,5,5550,买盘
574,13:03:10,11.03,-0.07,8,8824,卖盘
575,13:03:12,11.03,0.0,8,8824,卖盘
576,13:03:16,11.03,0.0,8,8824,卖盘
577,13:03:19,11.03,0.0,8,8824,卖盘
578,13:03:28,11.03,0.0,8,8824,卖盘
579,13:03:34,11.02,-0.01,8,8819,卖盘
580,13:03:39,11.02,0.0,8,8816,卖盘
581,13:03:54,11.02,0.0,8,8816,卖盘
582,13:04:37,11.02,0.0,8,8816,卖盘
583,13:04:43,11.02,0.0,8,8816,卖盘
584,13:05:00,11.02,0.0,8,8817,卖盘
585,13:05:04,11.02,0.0,8,8816,卖盘
586,13:05:12,11.02,0.0,8,8822,卖盘
587,13:05:18,11.02,0.0,8,8816,卖盘
588,13:05:31,11.02,0.0,8,8816,卖盘
589,13:05:36,11.03,0.01,1,1103,卖盘
590,13:05:40,11.03,0.0,8,8824,卖盘
591,13:05:54,11.03,0.0,8,8824,卖盘
592,13:06:04,11.03,0.0,8,8824,卖盘
593,13:06:49,11.03,0.0,8,8824,卖盘
594,13:07:52,11.07,0.04,11,12177,买盘
595,13:07:58,11.07,0.0,1,1107,卖盘
596,13:08:21,11.07,0.0,1,1107,买盘
597,13:08:28,11.09,0.02,2,2218,买盘
598,13:08:49,11.08,-0.01,1,1108,卖盘
599,13:08:52,11.08,0.0,1,1108,买盘
600,13:09:00,11.08,0.0,12,13296,买盘
601,13:09:09,11.09,0.01,15,16635,买盘
602,13:09:13,11.09,0.0,15,16635,买盘
603,13:09:19,11.09,0.0,23,25507,卖盘
604,13:09:22,11.1,0.01,14,15540,买盘
605,13:09:58,11.11,0.01,10,11110,买盘
606,13:10:01,11.11,0.0,9,9999,卖盘
607,13:10:10,11.15,0.04,2,2230,买盘
608,13:10:16,11.14,-0.01,1,1114,中性盘
609,13:10:21,11.12,-0.02,11,12232,卖盘
610,13:10:28,11.14,0.02,19,21166,买盘
611,13:10:34,11.14,0.0,2,2228,买盘
612,13:10:46,11.11,-0.03,1,1111,卖盘
613,13:11:07,11.14,0.03,1,1114,买盘
614,13:11:48,11.11,-0.03,75,83325,卖盘
615,13:12:15,11.1,-0.01,3,3330,卖盘
616,13:12:18,11.09,-0.01,2,2219,卖盘
617,13:12:25,11.1,0.01,1,1110,买盘
618,13:12:42,11.1,0.0,2,2220,买盘
619,13:13:46,11.1,0.0,10,11100,卖盘
620,13:13:49,11.12,0.02,3,3336,买盘
621,13:13:52,11.1,-0.02,1,1110,卖盘
622,13:13:58,11.12,0.02,1,1112,买盘
623,13:14:25,11.1,-0.02,7,7770,卖盘
624,13:14:45,11.12,0.02,3,3336,买盘
625,13:14:55,11.09,-0.03,7,7767,卖盘
626,13:14:58,11.09,0.0,7,7763,卖盘
627,13:15:01,11.07,-0.02,7,7757,卖盘
628,13:15:12,11.07,0.0,7,7750,卖盘
629,13:15:15,11.03,-0.04,7,7739,卖盘
630,13:15:22,11.07,0.04,7,7752,中性盘
631,13:15:25,11.07,0.0,1,1107,卖盘
632,13:15:28,11.04,-0.03,7,7740,卖盘
633,13:15:34,11.03,-0.01,7,7725,卖盘
634,13:15:43,11.03,0.0,7,7721,卖盘
635,13:15:55,11.03,0.0,7,7721,卖盘
636,13:16:06,11.02,-0.01,7,7714,卖盘
637,13:16:09,11.02,0.0,7,7714,卖盘
638,13:16:58,11.08,0.06,1,1108,卖盘
639,13:17:10,11.08,0.0,13,14404,卖盘
640,13:17:37,11.1,0.02,2,2220,买盘
641,13:17:52,11.1,0.0,1,1110,买盘
642,13:17:58,11.1,0.0,1,1110,买盘
643,13:18:01,11.1,0.0,2,2220,买盘
644,13:18:49,11.1,0.0,1,1110,买盘
645,13:19:42,11.11,0.01,1,1111,卖盘
646,13:20:04,11.1,-0.01,1,1110,卖盘
647,13:20:15,11.1,0.0,3,3330,卖盘
648,13:21:37,11.09,-0.01,1,1109,卖盘
649,13:21:52,11.09,0.0,1,1109,卖盘
650,13:22:00,11.09,0.0,5,5545,买盘
651,13:22:13,11.09,0.0,1,1109,卖盘
652,13:22:25,11.09,0.0,15,16635,卖盘
653,13:22:31,11.09,0.0,31,34379,买盘
654,13:22:36,11.12,0.03,1,1112,买盘
655,13:23:52,11.12,0.0,5,5560,买盘
656,13:23:58,11.12,0.0,6,6672,买盘
657,13:24:31,11.12,0.0,23,25576,买盘
658,13:24:34,11.12,0.0,9,10008,买盘
659,13:24:40,11.12,0.0,25,27800,买盘
660,13:24:43,11.15,0.03,56,62365,买盘
661,13:24:46,11.15,0.0,27,30105,买盘
662,13:24:49,11.15,0.0,12,13380,买盘
663,13:24:57,11.17,0.02,16,17872,买盘
664,13:25:07,11.17,0.0,5,5585,买盘
665,13:25:18,11.17,0.0,2,2234,卖盘
666,13:26:07,11.16,-0.01,1,1116,卖盘
667,13:26:16,11.16,0.0,1,1116,卖盘
668,13:26:49,11.16,0.0,1,1116,卖盘
669,13:27:19,11.16,0.0,6,6696,卖盘
670,13:28:34,11.16,0.0,20,22320,卖盘
671,13:28:55,11.16,0.0,25,27900,卖盘
672,13:29:22,11.16,0.0,5,5580,卖盘
673,13:29:31,11.16,0.0,5,5580,卖盘
674,13:30:19,11.16,0.0,8,8928,卖盘
675,13:30:31,11.16,0.0,4,4464,卖盘
676,13:30:46,11.16,0.0,20,22320,卖盘
677,13:31:07,11.16,0.0,4,4464,卖盘
678,13:31:16,11.16,0.0,8,8928,卖盘
679,13:31:30,11.16,0.0,3,3348,卖盘
680,13:32:13,11.15,-0.01,8,8920,卖盘
681,13:32:19,11.16,0.01,1,1116,买盘
682,13:33:13,11.15,-0.01,9,10035,卖盘
683,13:34:00,11.15,0.0,2,2231,卖盘
684,13:34:07,11.15,0.0,3,3345,买盘
685,13:34:10,11.16,0.01,12,13392,买盘
686,13:34:12,11.13,-0.03,8,8904,卖盘
687,13:35:00,11.18,0.05,1,1118,买盘
688,13:35:13,11.13,-0.05,8,8905,卖盘
689,13:35:46,11.18,0.05,2,2236,买盘
690,13:35:51,11.18,0.0,1,1118,买盘
691,13:36:07,11.16,-0.02,2,2232,卖盘
692,13:36:16,11.13,-0.03,8,8906,卖盘
693,13:36:30,11.18,0.05,17,18990,买盘
694,13:36:54,11.15,-0.03,12,13383,卖盘
695,13:37:01,11.13,-0.02,7,7799,卖盘
696,13:37:15,11.13,0.0,8,8904,卖盘
697,13:37:19,11.18,0.05,1,1118,买盘
698,13:37:39,11.13,-0.05,3,3339,卖盘
699,13:37:48,11.12,-0.01,12,13352,卖盘
700,13:37:58,11.12,0.0,15,16680,卖盘
701,13:38:15,11.09,-0.03,8,8880,卖盘
702,13:38:22,11.11,0.02,10,11110,卖盘
703,13:38:27,11.11,0.0,20,22220,买盘
704,13:39:15,11.12,0.01,9,10008,卖盘
705,13:40:15,11.12,0.0,8,8902,卖盘
706,13:41:16,11.12,0.0,8,8906,卖盘
707,13:41:37,11.12,0.0,14,15580,卖盘
708,13:42:16,11.12,0.0,8,8896,卖盘
709,13:43:15,11.12,0.0,8,8904,卖盘
710,13:43:22,11.15,0.03,3,3345,卖盘
711,13:44:16,11.12,-0.03,8,8908,卖盘
712,13:45:01,11.16,0.04,2,2232,买盘
713,13:45:16,11.12,-0.04,9,10008,卖盘
714,13:46:04,11.13,0.01,6,6678,卖盘
715,13:46:16,11.13,0.0,5,5565,买盘
716,13:46:19,11.12,-0.01,8,8896,卖盘
717,13:46:22,11.12,0.0,3,3336,卖盘
718,13:46:33,11.11,-0.01,15,16665,卖盘
719,13:46:43,11.11,0.0,4,4444,卖盘
720,13:47:04,11.09,-0.02,2,2220,卖盘
721,13:47:10,11.11,0.02,21,23273,买盘
722,13:47:15,11.05,-0.06,8,8850,卖盘
723,13:47:24,11.05,0.0,9,9969,卖盘
724,13:47:28,11.11,0.06,7,7747,买盘
725,13:47:30,11.16,0.05,13,14465,买盘
726,13:47:39,11.16,0.0,5,5580,买盘
727,13:47:58,11.15,-0.01,5,5575,买盘
728,13:48:19,11.11,-0.04,8,8892,卖盘
729,13:49:15,11.11,0.0,8,8890,卖盘
730,13:50:16,11.11,0.0,8,8888,卖盘
731,13:50:22,11.14,0.03,1,1114,买盘
732,13:51:18,11.08,-0.06,8,8887,卖盘
733,13:52:19,11.08,0.0,9,9975,卖盘
734,13:52:25,11.08,0.0,1,1108,买盘
735,13:52:27,11.08,0.0,19,21052,买盘
736,13:52:57,11.14,0.06,10,11140,买盘
737,13:53:18,11.08,-0.06,8,8864,卖盘
738,13:54:19,11.13,0.05,1,1113,卖盘
739,13:54:25,11.08,-0.05,8,8865,卖盘
740,13:55:04,11.13,0.05,2,2226,卖盘
741,13:55:25,11.09,-0.04,8,8872,卖盘
742,13:55:31,11.09,0.0,1,1109,卖盘
743,13:56:25,11.08,-0.01,8,8871,卖盘
744,13:57:22,11.13,0.05,2,2226,买盘
745,13:57:25,11.09,-0.04,9,9982,卖盘
746,13:57:37,11.09,0.0,44,48798,卖盘
747,13:57:43,11.09,0.0,8,8872,买盘
748,13:57:52,11.09,0.0,1,1109,买盘
749,13:58:07,11.09,0.0,25,27725,买盘
750,13:58:13,11.09,0.0,2,2218,买盘
751,13:58:25,11.07,-0.02,8,8856,卖盘
752,13:59:25,11.08,0.01,8,8867,卖盘
753,13:59:55,11.08,0.0,7,7756,卖盘
754,14:00:01,11.08,0.0,4,4432,买盘
755,14:00:19,11.08,0.0,12,13301,卖盘
756,14:00:25,11.08,0.0,18,19944,买盘
757,14:00:34,11.08,0.0,8,8864,卖盘
758,14:00:39,11.07,-0.01,1,1107,卖盘
759,14:00:52,11.07,0.0,7,7749,卖盘
760,14:00:55,11.07,0.0,9,9963,卖盘
761,14:00:58,11.07,0.0,1,1107,买盘
762,14:01:01,11.07,0.0,1,1107,买盘
763,14:01:04,11.07,0.0,1,1107,买盘
764,14:01:19,11.08,0.01,1,1108,买盘
765,14:01:24,11.08,0.0,1,1108,买盘
766,14:01:34,11.08,0.0,1,1108,卖盘
767,14:01:37,11.05,-0.03,8,8841,卖盘
768,14:01:40,11.12,0.07,1,1112,买盘
769,14:02:40,11.06,-0.06,8,8848,卖盘
770,14:03:19,11.11,0.05,1,1111,买盘
771,14:03:31,11.11,0.0,2,2222,买盘
772,14:03:40,11.07,-0.04,8,8857,卖盘
773,14:04:13,11.06,-0.01,9,9958,卖盘
774,14:04:27,11.06,0.0,2,2212,卖盘
775,14:05:16,11.06,0.0,8,8857,卖盘
776,14:06:10,11.11,0.05,1,1111,卖盘
777,14:06:16,11.11,0.0,10,11070,卖盘
778,14:06:31,11.09,-0.02,2,2218,买盘
779,14:07:13,11.09,0.0,8,8872,卖盘
780,14:07:43,11.11,0.02,1,1111,买盘
781,14:07:58,11.09,-0.02,1,1109,卖盘
782,14:08:13,11.09,0.0,9,9981,卖盘
783,14:09:01,11.11,0.02,1,1111,买盘
784,14:09:07,11.1,-0.01,2,2220,卖盘
785,14:09:13,11.06,-0.04,8,8869,卖盘
786,14:09:31,11.08,0.02,1,1108,卖盘
787,14:09:36,11.1,0.02,1,1110,买盘
788,14:10:10,11.1,0.0,10,11100,买盘
789,14:10:15,11.09,-0.01,9,9981,卖盘
790,14:10:58,11.11,0.02,8,8888,买盘
791,14:11:00,11.11,0.0,1,1111,卖盘
792,14:11:04,11.12,0.01,2,2224,买盘
793,14:11:07,11.12,0.0,4,4448,买盘
794,14:11:13,11.12,0.0,4,4448,卖盘
795,14:11:16,11.09,-0.03,5,5551,卖盘
796,14:11:22,11.09,0.0,4,4436,买盘
797,14:12:16,11.09,0.0,8,8872,卖盘
798,14:12:31,11.09,0.0,1,1109,卖盘
799,14:13:16,11.06,-0.03,9,9975,卖盘
800,14:13:43,11.11,0.05,1,1111,买盘
801,14:14:04,11.09,-0.02,1,1109,卖盘
802,14:14:16,11.09,0.0,8,8879,卖盘
803,14:15:16,11.06,-0.03,9,9972,卖盘
804,14:15:19,11.11,0.05,1,1111,买盘
805,14:15:24,11.11,0.0,4,4444,买盘
806,14:15:34,11.11,0.0,1,1111,卖盘
807,14:16:16,11.07,-0.04,8,8856,卖盘
808,14:17:04,11.08,0.01,1,1108,卖盘
809,14:17:16,11.07,-0.01,9,9968,卖盘
810,14:18:16,11.08,0.01,9,9972,卖盘
811,14:18:37,11.07,-0.01,1,1107,卖盘
812,14:19:12,11.08,0.01,1,1108,卖盘
813,14:19:19,11.07,-0.01,8,8856,卖盘
814,14:20:01,11.07,0.0,1,1107,卖盘
815,14:20:18,11.07,0.0,9,9963,卖盘
816,14:20:28,11.07,0.0,1,1107,卖盘
817,14:21:19,11.07,0.0,8,8856,卖盘
818,14:21:51,11.08,0.01,1,1108,卖盘
819,14:22:18,11.08,0.0,9,9972,卖盘
820,14:23:16,11.09,0.01,10,11090,卖盘
821,14:23:42,11.09,0.0,1,1109,卖盘
822,14:23:55,11.12,0.03,11,12232,买盘
823,14:24:07,11.12,0.0,35,38920,买盘
824,14:24:15,11.12,0.0,10,11120,买盘
825,14:24:18,11.12,0.0,9,10000,买盘
826,14:24:25,11.13,0.01,1,1113,买盘
827,14:24:31,11.13,0.0,16,17808,买盘
828,14:24:40,11.13,0.0,1,1113,卖盘
829,14:24:43,11.11,-0.02,3,3337,卖盘
830,14:25:01,11.11,0.0,111,123321,买盘
831,14:25:19,11.1,-0.01,9,9997,卖盘
832,14:26:04,11.12,0.02,1,1112,卖盘
833,14:26:10,11.15,0.03,29,32335,买盘
834,14:26:16,11.12,-0.03,8,8896,卖盘
835,14:26:33,11.15,0.03,4,4460,买盘
836,14:26:37,11.15,0.0,1,1115,买盘
837,14:27:22,11.12,-0.03,9,10010,卖盘
838,14:28:22,11.12,0.0,8,8896,卖盘
839,14:28:52,11.12,0.0,1,1112,卖盘
840,14:29:18,11.12,0.0,7,7784,卖盘
841,14:29:34,11.15,0.03,1,1115,买盘
842,14:29:52,11.15,0.0,3,3345,买盘
843,14:30:10,11.17,0.02,6,6702,买盘
844,14:30:16,11.15,-0.02,1,1115,卖盘
845,14:30:34,11.16,0.01,1,1116,卖盘
846,14:31:16,11.16,0.0,1,1116,卖盘
847,14:31:36,11.17,0.01,41,45765,买盘
848,14:31:40,11.17,0.0,1,1117,卖盘
849,14:31:43,11.18,0.01,5,5590,买盘
850,14:31:52,11.18,0.0,8,8944,买盘
851,14:31:58,11.18,0.0,4,4472,买盘
852,14:32:10,11.19,0.01,8,8952,买盘
853,14:32:12,11.19,0.0,8,8952,买盘
854,14:32:16,11.19,0.0,2,2237,买盘
855,14:32:22,11.19,0.0,1,1119,买盘
856,14:32:28,11.19,0.0,1,1119,买盘
857,14:33:40,11.18,-0.01,10,11180,卖盘
858,14:33:46,11.19,0.01,1,1119,买盘
859,14:33:55,11.2,0.01,38,42552,买盘
860,14:34:01,11.21,0.01,2,2242,买盘
861,14:34:04,11.21,0.0,8,8968,买盘
862,14:34:07,11.21,0.0,8,8968,卖盘
863,14:34:13,11.22,0.01,1,1122,买盘
864,14:34:21,11.21,-0.01,3,3363,卖盘
865,14:34:31,11.21,0.0,26,29146,卖盘
866,14:34:37,11.22,0.01,1,1122,买盘
867,14:35:13,11.2,-0.02,10,11200,卖盘
868,14:35:19,11.21,0.01,1,1121,买盘
869,14:35:34,11.21,0.0,90,100890,买盘
870,14:35:40,11.22,0.01,4,4486,买盘
871,14:35:45,11.22,0.0,1,1122,买盘
872,14:36:10,11.22,0.0,64,71808,买盘
873,14:36:16,11.23,0.01,3,3369,买盘
874,14:36:21,11.22,-0.01,25,28050,卖盘
875,14:36:27,11.22,0.0,28,31417,卖盘
876,14:36:34,11.23,0.01,2,2246,买盘
877,14:36:37,11.23,0.0,8,8984,买盘
878,14:37:01,11.22,-0.01,2,2244,卖盘
879,14:37:46,11.2,-0.02,5,5600,卖盘
880,14:38:07,11.21,0.01,13,14566,买盘
881,14:38:12,11.21,0.0,1,1121,买盘
882,14:39:52,11.19,-0.02,7,7833,买盘
883,14:41:01,11.19,0.0,7,7833,卖盘
884,14:41:07,11.19,0.0,11,12309,卖盘
885,14:42:22,11.19,0.0,4,4476,卖盘
886,14:42:28,11.18,-0.01,1,1118,卖盘
887,14:42:52,11.18,0.0,5,5590,卖盘
888,14:44:00,11.18,0.0,38,42484,买盘
889,14:44:06,11.18,0.0,2,2236,买盘
890,14:44:13,11.18,0.0,2,2236,买盘
891,14:44:16,11.18,0.0,18,20124,买盘
892,14:44:22,11.2,0.02,1,1120,买盘
893,14:45:04,11.19,-0.01,3,3357,卖盘
894,14:45:16,11.18,-0.01,1,1118,卖盘
895,14:45:22,11.18,0.0,1,1118,卖盘
896,14:45:28,11.18,0.0,9,10062,买盘
897,14:46:40,11.17,-0.01,1,1117,卖盘
898,14:47:10,11.17,0.0,1,1117,卖盘
899,14:47:19,11.17,0.0,48,53616,卖盘
900,14:47:24,11.19,0.02,2,2238,买盘
901,14:47:46,11.16,-0.03,1,1116,卖盘
902,14:48:24,11.16,0.0,4,4464,卖盘
903,14:48:28,11.14,-0.02,5,5570,卖盘
904,14:48:43,11.11,-0.03,9,9999,卖盘
905,14:49:01,11.12,0.01,56,62272,卖盘
906,14:49:07,11.18,0.06,2,2236,买盘
907,14:49:45,11.17,-0.01,1,1117,买盘
908,14:50:10,11.11,-0.06,7,7777,卖盘
909,14:50:16,11.17,0.06,24,26808,买盘
910,14:50:19,11.11,-0.06,6,6666,卖盘
911,14:50:22,11.17,0.06,2,2234,买盘
912,14:50:25,11.17,0.0,23,25692,买盘
913,14:50:28,11.17,0.0,20,22340,中性盘
914,14:50:31,11.16,-0.01,1,1116,买盘
915,14:50:33,11.16,0.0,9,10044,买盘
916,14:50:36,11.16,0.0,1,1116,买盘
917,14:50:39,11.16,0.0,49,54684,买盘
918,14:50:46,11.18,0.02,8,8934,买盘
919,14:50:52,11.18,0.0,37,41126,买盘
920,14:50:58,11.18,0.0,8,8944,买盘
921,14:51:13,11.11,-0.07,5,5555,卖盘
922,14:51:19,11.17,0.06,1,1117,买盘
923,14:51:24,11.12,-0.05,62,68944,中性盘
924,14:51:31,11.18,0.06,4,4472,买盘
925,14:52:01,11.18,0.0,11,12298,买盘
926,14:52:28,11.16,-0.02,1,1116,卖盘
927,14:52:34,11.14,-0.02,2,2230,卖盘
928,14:52:37,11.11,-0.03,5,5555,卖盘
929,14:52:40,11.11,0.0,1,1111,中性盘
930,14:52:49,11.09,-0.02,5,5545,卖盘
931,14:52:58,11.09,0.0,1,1109,卖盘
932,14:53:55,11.15,0.06,14,15610,买盘
933,14:53:58,11.15,0.0,20,22275,买盘
934,14:54:01,11.15,0.0,4,4450,买盘
935,14:54:04,11.15,0.0,1,1115,买盘
936,14:54:07,11.15,0.0,1,1115,买盘
937,14:54:13,11.1,-0.05,1,433,卖盘
938,14:54:25,11.1,0.0,1,1110,卖盘
939,14:54:57,11.11,0.01,1,1111,卖盘
940,14:55:40,11.11,0.0,5,5555,卖盘
941,14:56:07,11.15,0.04,10,11150,买盘
942,14:56:13,11.15,0.0,1,1115,买盘
943,14:56:19,11.1,-0.05,80,88817,卖盘
944,14:56:25,11.15,0.05,11,12265,买盘
945,14:56:28,11.15,0.0,2,2230,买盘
946,14:56:31,11.15,0.0,1,1115,买盘
947,14:56:37,11.15,0.0,3,3340,买盘
948,14:56:43,11.15,0.0,4,4460,买盘
949,15:00:04,11.15,0.0,186,207390,卖盘
