,time,price,change,volume,amount,type
0,09:25:04,9.7,0.12,125,121250,卖盘
1,09:30:04,9.8,0.1,135,132947,买盘
2,09:30:07,9.8,0.0,227,224127,卖盘
3,09:30:10,9.88,0.08,7,6908,买盘
4,09:30:13,9.82,-0.06,57,56115,卖盘
5,09:30:16,9.89,0.07,33,32597,买盘
6,09:30:19,9.82,-0.07,10,9876,卖盘
7,09:30:22,9.87,0.05,4,3948,卖盘
8,09:30:25,9.88,0.01,1,988,中性盘
9,09:30:31,9.9,0.02,13,12870,买盘
10,09:30:34,9.89,-0.01,64,63355,中性盘
11,09:30:37,9.9,0.01,15,14850,卖盘
12,09:30:43,9.9,0.0,8,7920,卖盘
13,09:30:46,9.9,0.0,51,50500,卖盘
14,09:30:52,9.91,0.01,1,991,买盘
15,09:30:58,9.9,-0.01,30,29723,卖盘
16,09:31:00,9.91,0.01,4,3964,中性盘
17,09:31:04,9.91,0.0,6,6344,卖盘
18,09:31:06,9.9,-0.01,12,11884,卖盘
19,09:31:10,9.92,0.02,21,20817,买盘
20,09:31:13,9.9,-0.02,8,7920,卖盘
21,09:31:16,9.9,0.0,27,26748,卖盘
22,09:31:19,9.9,0.0,22,21790,卖盘
23,09:31:22,9.9,0.0,45,44550,卖盘
24,09:31:25,9.9,0.0,31,30294,卖盘
25,09:31:28,9.9,0.0,11,10890,买盘
26,09:31:31,9.9,0.0,38,37608,买盘
27,09:31:34,9.89,-0.01,1,989,中性盘
28,09:31:40,9.87,-0.02,10,9870,卖盘
29,09:31:43,9.87,0.0,24,23688,买盘
30,09:31:48,9.82,-0.05,3,2946,卖盘
31,09:31:51,9.86,0.04,10,9844,买盘
32,09:31:55,9.82,-0.04,26,25602,卖盘
33,09:32:01,9.87,0.05,12,11834,买盘
34,09:32:04,9.87,0.0,5,4935,买盘
35,09:32:07,9.86,-0.01,39,38473,买盘
36,09:32:10,9.84,-0.02,9,8862,卖盘
37,09:32:12,9.85,0.01,24,23632,买盘
38,09:32:15,9.85,0.0,10,9850,买盘
39,09:32:19,9.86,0.01,4,3941,中性盘
40,09:32:25,9.84,-0.02,12,11816,卖盘
41,09:32:28,9.83,-0.01,2,1966,卖盘
42,09:32:30,9.83,0.0,1,983,买盘
43,09:32:33,9.82,-0.01,12,11784,卖盘
44,09:32:40,9.82,0.0,11,10802,卖盘
45,09:32:43,9.82,0.0,1,982,卖盘
46,09:32:45,9.82,0.0,20,19640,卖盘
47,09:32:49,9.82,0.0,3,2946,买盘
48,09:32:54,9.8,-0.02,2,1960,卖盘
49,09:32:58,9.8,0.0,51,49980,买盘
50,09:33:01,9.8,0.0,2,1960,买盘
51,09:33:04,9.8,0.0,13,12733,买盘
52,09:33:07,9.81,0.01,2,1962,卖盘
53,09:33:10,9.83,0.02,6,5898,买盘
54,09:33:13,9.83,0.0,12,11772,买盘
55,09:33:15,9.82,-0.01,21,20605,买盘
56,09:33:22,9.82,0.0,10,9820,卖盘
57,09:33:28,9.82,0.0,99,97258,卖盘
58,09:33:34,9.81,-0.01,1,981,中性盘
59,09:33:40,9.82,0.01,25,24535,买盘
60,09:33:49,9.8,-0.02,23,22540,卖盘
61,09:33:52,9.8,0.0,44,43120,卖盘
62,09:33:54,9.79,-0.01,21,20559,卖盘
63,09:33:58,9.79,0.0,2,1958,卖盘
64,09:34:01,9.78,-0.01,1,978,卖盘
65,09:34:04,9.79,0.01,17,16642,买盘
66,09:34:07,9.79,0.0,1,979,卖盘
67,09:34:13,9.79,0.0,14,13706,卖盘
68,09:34:15,9.79,0.0,6,5879,卖盘
69,09:34:25,9.8,0.01,6,5880,买盘
70,09:34:31,9.8,0.0,4,3920,买盘
71,09:34:34,9.8,0.0,4,3919,买盘
72,09:34:36,9.79,-0.01,42,41130,卖盘
73,09:34:45,9.8,0.01,15,14700,买盘
74,09:34:49,9.8,0.0,15,14700,买盘
75,09:34:52,9.8,0.0,30,29400,买盘
76,09:34:55,9.8,0.0,16,15680,买盘
77,09:35:01,9.8,0.0,5,4900,卖盘
78,09:35:04,9.8,0.0,48,47080,卖盘
79,09:35:10,9.81,0.01,33,32376,买盘
80,09:35:12,9.82,0.01,30,29444,买盘
81,09:35:16,9.83,0.01,11,10813,买盘
82,09:35:22,9.8,-0.03,68,66643,卖盘
83,09:35:25,9.8,0.0,73,71540,买盘
84,09:35:28,9.8,0.0,13,12740,买盘
85,09:35:31,9.8,0.0,4,3920,买盘
86,09:35:33,9.79,-0.01,2,1959,卖盘
87,09:35:36,9.79,0.0,2,1958,卖盘
88,09:35:40,9.8,0.01,28,28302,买盘
89,09:35:43,9.79,-0.01,80,78337,卖盘
90,09:35:46,9.83,0.04,12,11796,买盘
91,09:35:49,9.8,-0.03,107,104850,卖盘
92,09:36:06,9.84,0.04,38,37378,买盘
93,09:36:13,9.84,0.0,8,7872,卖盘
94,09:36:16,9.84,0.0,7,6888,卖盘
95,09:36:19,9.85,0.01,37,36427,买盘
96,09:36:22,9.85,0.0,1,985,卖盘
97,09:36:25,9.85,0.0,16,15760,卖盘
98,09:36:28,9.85,0.0,23,22655,卖盘
99,09:36:31,9.85,0.0,6,5910,中性盘
100,09:36:33,9.84,-0.01,28,27552,卖盘
101,09:36:37,9.84,0.0,8,7872,卖盘
102,09:36:40,9.84,0.0,2,1968,卖盘
103,09:36:43,9.84,0.0,43,42312,卖盘
104,09:36:46,9.83,-0.01,105,103232,卖盘
105,09:36:52,9.83,0.0,9,8847,卖盘
106,09:36:58,9.85,0.02,250,245772,买盘
107,09:37:01,9.83,-0.02,163,160515,卖盘
108,09:37:04,9.84,0.01,3,2952,买盘
109,09:37:13,9.81,-0.03,8,7848,卖盘
110,09:37:15,9.82,0.01,12,11784,买盘
111,09:37:31,9.82,0.0,59,57941,卖盘
112,09:37:33,9.83,0.01,2,1966,买盘
113,09:37:37,9.83,0.0,2,1966,买盘
114,09:37:46,9.82,-0.01,5,4910,卖盘
115,09:37:52,9.82,0.0,17,16694,卖盘
116,09:38:01,9.82,0.0,6,5892,买盘
117,09:38:13,9.81,-0.01,8,7848,卖盘
118,09:38:19,9.81,0.0,6,5886,卖盘
119,09:38:27,9.81,0.0,30,29430,卖盘
120,09:38:31,9.82,0.01,104,102098,买盘
121,09:38:34,9.81,-0.01,1,981,卖盘
122,09:38:40,9.82,0.01,68,66726,买盘
123,09:38:43,9.81,-0.01,19,18639,卖盘
124,09:38:46,9.8,-0.01,7,6866,卖盘
125,09:38:48,9.81,0.01,4,3924,买盘
126,09:38:58,9.8,-0.01,25,24500,卖盘
127,09:39:01,9.8,0.0,10,9800,卖盘
128,09:39:04,9.8,0.0,5,4901,卖盘
129,09:39:07,9.8,0.0,25,24500,卖盘
130,09:39:10,9.81,0.01,6,5886,买盘
131,09:39:13,9.8,-0.01,3,2940,卖盘
132,09:39:16,9.8,0.0,15,14700,卖盘
133,09:39:19,9.8,0.0,6,5880,卖盘
134,09:39:22,9.8,0.0,6,5880,卖盘
135,09:39:25,9.81,0.01,54,52924,买盘
136,09:39:28,9.8,-0.01,7,6860,卖盘
137,09:39:31,9.8,0.0,8,7840,卖盘
138,09:39:34,9.81,0.01,26,25500,买盘
139,09:39:37,9.81,0.0,4,3922,买盘
140,09:39:40,9.81,0.0,48,47088,买盘
141,09:39:49,9.81,0.0,21,20601,买盘
142,09:39:52,9.81,0.0,27,26468,买盘
143,09:39:55,9.81,0.0,35,34335,买盘
144,09:39:58,9.84,0.03,191,187752,买盘
145,09:40:01,9.86,0.02,40,39422,买盘
146,09:40:04,9.86,0.0,5,4930,买盘
147,09:40:06,9.87,0.01,1,987,买盘
148,09:40:09,9.88,0.01,7,6916,买盘
149,09:40:13,9.84,-0.04,90,88882,卖盘
150,09:40:16,9.89,0.05,15,14835,买盘
151,09:40:22,9.88,-0.01,6,5920,买盘
152,09:40:25,9.84,-0.04,5,4932,卖盘
153,09:40:43,9.86,0.02,2,1972,买盘
154,09:40:46,9.85,-0.01,34,33490,卖盘
155,09:40:49,9.86,0.01,31,30566,买盘
156,09:40:57,9.87,0.01,1,987,卖盘
157,09:41:04,9.87,0.0,8,7896,买盘
158,09:41:16,9.86,-0.01,33,32538,卖盘
159,09:41:19,9.86,0.0,7,6902,卖盘
160,09:41:25,9.86,0.0,3,2958,买盘
161,09:41:34,9.86,0.0,30,29580,买盘
162,09:41:52,9.85,-0.01,65,64025,卖盘
163,09:41:55,9.84,-0.01,1,984,卖盘
164,09:42:01,9.85,0.01,21,20685,买盘
165,09:42:04,9.84,-0.01,14,13778,卖盘
166,09:42:07,9.85,0.01,156,153660,买盘
167,09:42:10,9.85,0.0,1,985,卖盘
168,09:42:19,9.86,0.01,6,5915,买盘
169,09:42:22,9.86,0.0,16,15764,买盘
170,09:42:25,9.86,0.0,6,5916,买盘
171,09:42:34,9.86,0.0,71,69956,买盘
172,09:42:37,9.85,-0.01,135,132987,卖盘
173,09:42:43,9.85,0.0,11,10835,买盘
174,09:42:46,9.84,-0.01,6,5904,卖盘
175,09:43:01,9.85,0.01,9,8857,买盘
176,09:43:04,9.85,0.0,1,985,买盘
177,09:43:06,9.84,-0.01,3,2952,卖盘
178,09:43:19,9.85,0.01,3,2955,买盘
179,09:43:34,9.84,-0.01,48,47233,卖盘
180,09:43:37,9.84,0.0,6,5904,卖盘
181,09:43:46,9.85,0.01,1,985,买盘
182,09:44:04,9.85,0.0,15,14775,买盘
183,09:44:06,9.84,-0.01,5,4920,卖盘
184,09:44:10,9.85,0.01,10,9850,买盘
185,09:44:16,9.85,0.0,50,49250,卖盘
186,09:44:19,9.86,0.01,4,3944,买盘
187,09:44:22,9.86,0.0,4,3944,买盘
188,09:44:25,9.85,-0.01,41,40413,卖盘
189,09:44:27,9.85,0.0,10,9850,买盘
190,09:44:31,9.85,0.0,7,6895,卖盘
191,09:44:34,9.85,0.0,3,2955,卖盘
192,09:44:40,9.86,0.01,16,15756,买盘
193,09:44:42,9.86,0.0,8,7888,买盘
194,09:44:46,9.86,0.0,1,986,卖盘
195,09:45:04,9.87,0.01,7,6909,买盘
196,09:45:16,9.87,0.0,6,5922,买盘
197,09:45:19,9.87,0.0,24,23688,买盘
198,09:45:22,9.87,0.0,2,1974,买盘
199,09:45:25,9.87,0.0,7,6909,买盘
200,09:45:28,9.88,0.01,18,17776,买盘
201,09:45:43,9.87,-0.01,1,987,买盘
202,09:45:57,9.87,0.0,9,8883,买盘
203,09:46:10,9.86,-0.01,2,1972,卖盘
204,09:46:13,9.87,0.01,2,1974,买盘
205,09:46:16,9.86,-0.01,9,8874,卖盘
206,09:46:19,9.86,0.0,53,52258,卖盘
207,09:46:22,9.86,0.0,3,2958,买盘
208,09:46:24,9.85,-0.01,2,1970,卖盘
209,09:46:37,9.85,0.0,9,8865,卖盘
210,09:46:40,9.85,0.0,6,5910,卖盘
211,09:46:46,9.85,0.0,4,3940,卖盘
212,09:47:07,9.86,0.01,5,4926,买盘
213,09:47:16,9.85,-0.01,23,22655,卖盘
214,09:47:19,9.85,0.0,21,20685,买盘
215,09:47:22,9.85,0.0,14,13790,买盘
216,09:47:24,9.85,0.0,5,4925,买盘
217,09:47:28,9.84,-0.01,24,23634,卖盘
218,09:47:31,9.85,0.01,46,45310,买盘
219,09:47:34,9.85,0.0,27,26595,买盘
220,09:47:37,9.85,0.0,66,65006,买盘
221,09:47:39,9.86,0.01,28,27593,买盘
222,09:47:42,9.86,0.0,22,21692,买盘
223,09:47:49,9.86,0.0,1,986,买盘
224,09:47:52,9.85,-0.01,4,3942,卖盘
225,09:47:55,9.85,0.0,10,9850,买盘
226,09:48:06,9.85,0.0,6,5910,卖盘
227,09:48:10,9.86,0.01,1,986,买盘
228,09:48:19,9.86,0.0,4,3944,买盘
229,09:48:22,9.85,-0.01,11,10835,卖盘
230,09:48:25,9.86,0.01,6,5916,买盘
231,09:48:28,9.84,-0.02,6,5909,卖盘
232,09:48:34,9.85,0.01,2,1970,买盘
233,09:48:36,9.85,0.0,14,13790,买盘
234,09:48:43,9.84,-0.01,6,5904,卖盘
235,09:48:46,9.84,0.0,9,8856,卖盘
236,09:48:51,9.84,0.0,5,4920,卖盘
237,09:48:58,9.84,0.0,5,4921,卖盘
238,09:49:04,9.86,0.02,1,986,买盘
239,09:49:09,9.86,0.0,8,7888,买盘
240,09:49:22,9.88,0.02,35,34548,买盘
241,09:49:25,9.86,-0.02,6,5916,卖盘
242,09:49:28,9.86,0.0,21,20706,卖盘
243,09:49:31,9.86,0.0,29,28594,买盘
244,09:49:34,9.86,0.0,1,986,买盘
245,09:49:43,9.86,0.0,2,1972,买盘
246,09:49:49,9.85,-0.01,1,985,卖盘
247,09:49:52,9.86,0.01,42,41406,买盘
248,09:49:58,9.86,0.0,15,14790,买盘
249,09:50:04,9.85,-0.01,30,29557,卖盘
250,09:50:13,9.86,0.01,22,21692,买盘
251,09:50:22,9.86,0.0,14,13804,买盘
252,09:50:31,9.85,-0.01,6,5910,卖盘
253,09:50:40,9.86,0.01,21,20706,买盘
254,09:50:55,9.86,0.0,2,1972,卖盘
255,09:50:57,9.86,0.0,14,13804,卖盘
256,09:51:04,9.86,0.0,12,11834,卖盘
257,09:51:16,9.86,0.0,6,5916,卖盘
258,09:51:21,9.87,0.01,5,4935,买盘
259,09:51:24,9.87,0.0,4,3948,买盘
260,09:51:28,9.87,0.0,51,50337,买盘
261,09:51:31,9.87,0.0,5,4935,买盘
262,09:51:34,9.87,0.0,1,987,买盘
263,09:51:37,9.87,0.0,18,17766,买盘
264,09:51:39,9.88,0.01,34,33592,买盘
265,09:51:43,9.9,0.02,112,110731,买盘
266,09:51:49,9.9,0.0,89,88110,买盘
267,09:51:52,9.91,0.01,13,12883,买盘
268,09:51:54,9.92,0.01,24,23808,买盘
269,09:51:58,9.92,0.0,19,18550,买盘
270,09:52:01,9.93,0.01,16,15888,买盘
271,09:52:04,9.94,0.01,15,14910,买盘
272,09:52:06,9.93,-0.01,6,5958,卖盘
273,09:52:10,9.93,0.0,3,2979,卖盘
274,09:52:16,9.93,0.0,2,1986,卖盘
275,09:52:22,9.94,0.01,3,2982,买盘
276,09:52:30,9.93,-0.01,82,81438,卖盘
277,09:52:34,9.94,0.01,26,25844,买盘
278,09:52:37,9.94,0.0,11,10934,买盘
279,09:52:49,9.94,0.0,110,109385,卖盘
280,09:52:55,9.94,0.0,9,8946,卖盘
281,09:53:13,9.94,0.0,6,5964,买盘
282,09:53:16,9.94,0.0,13,12922,买盘
283,09:53:24,9.94,0.0,4,3976,买盘
284,09:53:36,9.93,-0.01,6,5958,卖盘
285,09:53:40,9.93,0.0,21,20854,卖盘
286,09:53:42,9.93,0.0,2,1986,卖盘
287,09:53:52,9.93,0.0,10,9930,卖盘
288,09:53:55,9.93,0.0,6,5958,卖盘
289,09:54:04,9.93,0.0,5,4965,卖盘
290,09:54:10,9.92,-0.01,1,992,卖盘
291,09:54:13,9.93,0.01,14,13893,买盘
292,09:54:18,9.92,-0.01,11,10904,卖盘
293,09:54:22,9.92,0.0,4,3968,买盘
294,09:54:43,9.9,-0.02,6,5940,卖盘
295,09:54:46,9.9,0.0,5,4950,卖盘
296,09:54:49,9.9,0.0,13,12870,卖盘
297,09:54:55,9.87,-0.03,6,5927,卖盘
298,09:55:04,9.87,0.0,2,1974,卖盘
299,09:55:16,9.86,-0.01,6,5920,卖盘
300,09:55:25,9.88,0.02,3,2963,买盘
301,09:55:37,9.87,-0.01,6,5922,卖盘
302,09:55:40,9.87,0.0,2,1974,卖盘
303,09:55:43,9.87,0.0,8,7896,买盘
304,09:55:48,9.86,-0.01,57,56202,卖盘
305,09:55:52,9.87,0.01,28,27636,买盘
306,09:56:13,9.87,0.0,12,11844,卖盘
307,09:56:25,9.88,0.01,4,3952,买盘
308,09:56:46,9.87,-0.01,6,5922,卖盘
309,09:56:49,9.87,0.0,6,5922,卖盘
310,09:56:52,9.87,0.0,2,1974,卖盘
311,09:56:55,9.87,0.0,3,2961,卖盘
312,09:57:10,9.87,0.0,25,24678,卖盘
313,09:57:16,9.88,0.01,6,5928,买盘
314,09:57:24,9.88,0.0,4,3952,买盘
315,09:57:34,9.88,0.0,1,988,买盘
316,09:57:37,9.88,0.0,6,5928,买盘
317,09:57:42,9.87,-0.01,71,70122,卖盘
318,09:57:45,9.89,0.02,6,5934,买盘
319,09:57:55,9.89,0.0,4,3956,买盘
320,09:57:58,9.88,-0.01,33,32604,卖盘
321,09:58:10,9.88,0.0,10,9880,卖盘
322,09:58:13,9.89,0.01,3,2967,买盘
323,09:58:16,9.89,0.0,6,5934,买盘
324,09:58:19,9.88,-0.01,6,5928,卖盘
325,09:58:24,9.89,0.01,9,8895,买盘
326,09:58:27,9.9,0.01,6,5936,买盘
327,09:58:46,9.9,0.0,6,5940,买盘
328,09:58:58,9.88,-0.02,5,4940,卖盘
329,09:59:04,9.88,0.0,6,5928,卖盘
330,09:59:10,9.89,0.01,1,989,买盘
331,09:59:21,9.89,0.0,10,9890,卖盘
332,09:59:25,9.9,0.01,9,8910,买盘
333,09:59:28,9.9,0.0,5,4950,卖盘
334,09:59:37,9.89,-0.01,1,989,卖盘
335,09:59:45,9.89,0.0,14,13846,卖盘
336,09:59:48,9.89,0.0,4,3956,卖盘
337,09:59:52,9.9,0.01,3,2970,买盘
338,10:00:01,9.9,0.0,1,990,买盘
339,10:00:07,9.89,-0.01,6,5934,卖盘
340,10:00:16,9.89,0.0,20,19780,卖盘
341,10:00:22,9.9,0.01,4,3960,买盘
342,10:00:31,9.9,0.0,7,6930,买盘
343,10:00:34,9.9,0.0,2,1980,买盘
344,10:00:45,9.9,0.0,5,4950,买盘
345,10:01:04,9.9,0.0,2,1980,买盘
346,10:01:06,9.89,-0.01,4,3956,卖盘
347,10:01:10,9.89,0.0,4,3956,卖盘
348,10:01:25,9.9,0.01,3,2970,买盘
349,10:01:42,9.9,0.0,6,5936,买盘
350,10:01:49,9.9,0.0,22,21780,买盘
351,10:01:55,9.9,0.0,32,31680,买盘
352,10:01:58,9.89,-0.01,10,9896,卖盘
353,10:02:07,9.89,0.0,2,1979,卖盘
354,10:02:19,9.89,0.0,7,6923,卖盘
355,10:02:25,9.91,0.02,4,3964,买盘
356,10:02:40,9.91,0.0,6,5946,买盘
357,10:03:04,9.9,-0.01,1,990,买盘
358,10:03:25,9.9,0.0,4,3960,买盘
359,10:03:28,9.89,-0.01,26,25734,卖盘
360,10:03:34,9.89,0.0,7,6924,卖盘
361,10:04:03,9.9,0.01,7,6930,买盘
362,10:04:07,9.89,-0.01,6,5934,卖盘
363,10:04:16,9.89,0.0,6,5934,卖盘
364,10:04:22,9.9,0.01,6,5940,买盘
365,10:04:25,9.9,0.0,3,2970,买盘
366,10:04:28,9.89,-0.01,10,9890,卖盘
367,10:04:34,9.9,0.01,1,990,买盘
368,10:04:40,9.89,-0.01,6,5934,卖盘
369,10:04:42,9.89,0.0,9,8901,卖盘
370,10:04:51,9.9,0.01,6,5940,买盘
371,10:05:04,9.9,0.0,1,990,买盘
372,10:05:07,9.89,-0.01,11,10879,卖盘
373,10:05:10,9.89,0.0,3,2967,卖盘
374,10:05:19,9.9,0.01,28,27720,买盘
375,10:05:22,9.89,-0.01,6,5934,卖盘
376,10:05:25,9.91,0.02,6,5944,买盘
377,10:05:31,9.91,0.0,42,41594,买盘
378,10:05:34,9.9,-0.01,3,2972,卖盘
379,10:05:52,9.9,0.0,21,20790,买盘
380,10:05:55,9.89,-0.01,5,4945,卖盘
381,10:05:57,9.91,0.02,11,10901,买盘
382,10:06:00,9.91,0.0,31,30726,卖盘
383,10:06:04,9.9,-0.01,9,8911,中性盘
384,10:06:10,9.91,0.01,4,3962,买盘
385,10:06:12,9.91,0.0,8,7928,卖盘
386,10:06:15,9.91,0.0,18,17838,卖盘
387,10:06:18,9.89,-0.02,57,56393,卖盘
388,10:06:24,9.91,0.02,4,3964,买盘
389,10:06:28,9.89,-0.02,12,11868,卖盘
390,10:06:34,9.91,0.02,9,8919,买盘
391,10:06:37,9.92,0.01,6,5952,买盘
392,10:06:55,9.91,-0.01,5,4955,买盘
393,10:07:01,9.89,-0.02,9,8902,卖盘
394,10:07:04,9.92,0.03,17,16847,买盘
395,10:07:07,9.89,-0.03,3,2967,卖盘
396,10:07:16,9.89,0.0,6,5934,卖盘
397,10:07:25,9.9,0.01,3,2970,买盘
398,10:07:27,9.9,0.0,5,4950,买盘
399,10:07:34,9.89,-0.01,11,10880,卖盘
400,10:07:37,9.89,0.0,11,10887,卖盘
401,10:07:43,9.89,0.0,94,92968,卖盘
402,10:07:45,9.89,0.0,13,12857,买盘
403,10:07:49,9.89,0.0,32,31648,买盘
404,10:07:57,9.89,0.0,6,5934,买盘
405,10:08:01,9.88,-0.01,87,85956,卖盘
406,10:08:06,9.86,-0.02,5,4930,卖盘
407,10:08:09,9.88,0.02,7,6916,买盘
408,10:08:13,9.88,0.0,2,1976,买盘
409,10:08:19,9.88,0.0,12,11844,买盘
410,10:08:25,9.86,-0.02,3,2958,卖盘
411,10:08:28,9.89,0.03,7,6917,买盘
412,10:08:36,9.89,0.0,6,5925,买盘
413,10:08:43,9.87,-0.02,1,987,卖盘
414,10:08:49,9.88,0.01,11,10868,买盘
415,10:08:57,9.88,0.0,11,10868,买盘
416,10:09:07,9.88,0.0,21,20748,卖盘
417,10:09:10,9.87,-0.01,92,90804,卖盘
418,10:09:12,9.86,-0.01,5,4930,卖盘
419,10:09:16,9.87,0.01,10,9870,买盘
420,10:09:19,9.87,0.0,3,2961,买盘
421,10:09:21,9.86,-0.01,5,4786,卖盘
422,10:09:28,9.87,0.01,7,6909,买盘
423,10:09:34,9.86,-0.01,87,85987,卖盘
424,10:09:42,9.85,-0.01,5,4925,卖盘
425,10:09:49,9.85,0.0,15,14775,卖盘
426,10:09:51,9.85,0.0,5,4925,卖盘
427,10:10:04,9.85,0.0,29,28566,卖盘
428,10:10:16,9.85,0.0,14,13790,卖盘
429,10:10:19,9.85,0.0,4,3940,卖盘
430,10:10:22,9.83,-0.02,1000,983400,卖盘
431,10:10:25,9.85,0.02,9,8858,中性盘
432,10:10:31,9.85,0.0,19,18715,卖盘
433,10:10:34,9.84,-0.01,1,984,买盘
434,10:10:40,9.83,-0.01,186,182838,卖盘
435,10:10:43,9.84,0.01,4,3936,买盘
436,10:10:48,9.83,-0.01,1030,1012500,卖盘
437,10:10:51,9.83,0.0,25,24477,卖盘
438,10:10:55,9.83,0.0,2,1966,买盘
439,10:10:58,9.85,0.02,13,12789,买盘
440,10:11:01,9.85,0.0,2,2064,买盘
441,10:11:04,9.85,0.0,118,116230,卖盘
442,10:11:07,9.85,0.0,67,65995,卖盘
443,10:11:16,9.85,0.0,12,11820,卖盘
444,10:11:22,9.81,-0.04,58,56840,买盘
445,10:11:27,9.81,0.0,15,14704,买盘
446,10:11:43,9.8,-0.01,10,9800,卖盘
447,10:11:46,9.79,-0.01,129,126450,卖盘
448,10:11:49,9.78,-0.01,19,18582,卖盘
449,10:11:51,9.78,0.0,15,14670,卖盘
450,10:11:55,9.78,0.0,3,2934,卖盘
451,10:12:01,9.78,0.0,3,2934,卖盘
452,10:12:04,9.8,0.02,104,101697,买盘
453,10:12:07,9.81,0.01,41,40221,买盘
454,10:12:10,9.8,-0.01,6,5880,卖盘
455,10:12:13,9.81,0.01,8,7848,买盘
456,10:12:16,9.81,0.0,55,53955,买盘
457,10:12:22,9.81,0.0,6,5886,买盘
458,10:12:34,9.82,0.01,1,982,买盘
459,10:12:52,9.81,-0.01,186,182466,卖盘
460,10:13:01,9.81,0.0,1,981,卖盘
461,10:13:04,9.81,0.0,7,6872,卖盘
462,10:13:09,9.82,0.01,3,2946,买盘
463,10:13:13,9.82,0.0,2,1964,买盘
464,10:13:16,9.82,0.0,52,51022,买盘
465,10:13:34,9.8,-0.02,404,396278,卖盘
466,10:13:39,9.77,-0.03,43,42046,卖盘
467,10:13:43,9.77,0.0,12,11724,买盘
468,10:13:55,9.8,0.03,32,31349,买盘
469,10:13:58,9.75,-0.05,75,73149,卖盘
470,10:14:00,9.75,0.0,34,33150,买盘
471,10:14:10,9.75,0.0,20,19494,买盘
472,10:14:13,9.75,0.0,24,23400,买盘
473,10:14:15,9.75,0.0,15,14625,买盘
474,10:14:19,9.75,0.0,36,35094,买盘
475,10:14:25,9.76,0.01,32,31232,买盘
476,10:14:43,9.8,0.04,3,2940,买盘
477,10:14:45,9.8,0.0,16,15680,买盘
478,10:14:52,9.79,-0.01,4,3916,买盘
479,10:14:58,9.78,-0.01,2,1956,卖盘
480,10:15:04,9.77,-0.01,159,155361,卖盘
481,10:15:09,9.78,0.01,40,39091,买盘
482,10:15:16,9.78,0.0,9,8802,卖盘
483,10:15:28,9.79,0.01,1,979,买盘
484,10:15:37,9.79,0.0,9,8811,买盘
485,10:15:58,9.79,0.0,4,3916,卖盘
486,10:16:04,9.79,0.0,4,3918,卖盘
487,10:16:10,9.78,-0.01,181,177180,卖盘
488,10:16:13,9.78,0.0,4,3912,买盘
489,10:16:16,9.78,0.0,6,5868,买盘
490,10:16:18,9.78,0.0,27,26406,买盘
491,10:16:22,9.79,0.01,2,1958,买盘
492,10:16:28,9.78,-0.01,6,5868,卖盘
493,10:16:40,9.79,0.01,4,3916,买盘
494,10:16:43,9.79,0.0,27,26433,买盘
495,10:16:46,9.79,0.0,10,9790,买盘
496,10:17:04,9.79,0.0,4,3917,卖盘
497,10:17:10,9.79,0.0,5,4895,卖盘
498,10:17:16,9.78,-0.01,186,182004,卖盘
499,10:17:21,9.78,0.0,6,5868,卖盘
500,10:17:52,9.79,0.01,15,14685,买盘
501,10:17:57,9.79,0.0,53,51887,卖盘
502,10:18:04,9.79,0.0,44,43076,卖盘
503,10:18:07,9.79,0.0,20,19580,卖盘
504,10:18:10,9.79,0.0,1,979,卖盘
505,10:18:21,9.77,-0.02,188,183762,卖盘
506,10:18:25,9.77,0.0,34,33218,卖盘
507,10:18:28,9.77,0.0,12,11724,卖盘
508,10:18:52,9.78,0.01,9,8802,买盘
509,10:18:55,9.77,-0.01,11,10756,卖盘
510,10:19:04,9.77,0.0,3,2931,卖盘
511,10:19:13,9.77,0.0,6,5862,卖盘
512,10:19:28,9.77,0.0,186,181722,卖盘
513,10:19:30,9.77,0.0,48,46896,卖盘
514,10:19:34,9.78,0.01,1,978,中性盘
515,10:19:37,9.78,0.0,23,22494,卖盘
516,10:19:40,9.77,-0.01,1,977,卖盘
517,10:19:46,9.78,0.01,5,4889,买盘
518,10:19:48,9.79,0.01,1,979,买盘
519,10:19:51,9.79,0.0,17,16643,买盘
520,10:20:18,9.77,-0.02,6,5862,卖盘
521,10:20:34,9.77,0.0,49,47891,卖盘
522,10:20:37,9.77,0.0,24,23448,买盘
523,10:20:43,9.77,0.0,11,10747,买盘
524,10:20:48,9.77,0.0,92,89884,买盘
525,10:20:52,9.76,-0.01,6,5856,卖盘
526,10:20:58,9.77,0.01,18,17586,买盘
527,10:21:13,9.77,0.0,10,9770,卖盘
528,10:21:16,9.77,0.0,2,1954,卖盘
529,10:21:25,9.77,0.0,6,5862,卖盘
530,10:21:30,9.77,0.0,22,21494,卖盘
531,10:21:40,9.76,-0.01,189,184490,卖盘
532,10:21:43,9.75,-0.01,11,10735,卖盘
533,10:21:46,9.77,0.02,10,9754,中性盘
534,10:21:49,9.75,-0.02,4,3900,卖盘
535,10:22:07,9.77,0.02,11,10747,买盘
536,10:22:10,9.75,-0.02,10,9751,卖盘
537,10:22:13,9.75,0.0,5,4875,卖盘
538,10:22:36,9.76,0.01,1,976,卖盘
539,10:22:42,9.75,-0.01,42,40950,卖盘
540,10:22:46,9.74,-0.01,105,102358,卖盘
541,10:22:58,9.73,-0.01,40,38920,卖盘
542,10:23:01,9.73,0.0,5,4865,卖盘
543,10:23:04,9.73,0.0,2,1946,卖盘
544,10:23:06,9.74,0.01,84,81793,买盘
545,10:23:12,9.73,-0.01,5,4865,卖盘
546,10:23:16,9.73,0.0,3,2919,卖盘
547,10:23:37,9.74,0.01,10,9740,买盘
548,10:23:46,9.74,0.0,5,4870,买盘
549,10:23:52,9.72,-0.02,107,104055,卖盘
550,10:23:57,9.71,-0.01,27,26217,卖盘
551,10:24:09,9.72,0.01,80,77760,买盘
552,10:24:16,9.72,0.0,3,2916,买盘
553,10:24:19,9.72,0.0,8,7776,买盘
554,10:24:52,9.72,0.0,6,5837,卖盘
555,10:24:55,9.72,0.0,40,38880,卖盘
556,10:24:58,9.71,-0.01,148,143737,卖盘
557,10:25:04,9.71,0.0,1,971,买盘
558,10:25:07,9.71,0.0,42,40782,买盘
559,10:25:28,9.72,0.01,6,5832,卖盘
560,10:25:39,9.72,0.0,2,1944,卖盘
561,10:25:42,9.72,0.0,3,2916,卖盘
562,10:25:45,9.72,0.0,45,43746,卖盘
563,10:26:01,9.74,0.02,8,7789,买盘
564,10:26:04,9.71,-0.03,186,180738,卖盘
565,10:26:16,9.72,0.01,31,30126,买盘
566,10:26:21,9.72,0.0,20,19440,买盘
567,10:26:25,9.71,-0.01,2,1942,卖盘
568,10:26:40,9.71,0.0,5,4855,卖盘
569,10:26:46,9.7,-0.01,634,615237,卖盘
570,10:26:51,9.72,0.02,2,1944,买盘
571,10:27:04,9.72,0.0,2,1944,卖盘
572,10:27:07,9.72,0.0,6,5832,卖盘
573,10:27:10,9.7,-0.02,26,25250,卖盘
574,10:27:13,9.7,0.0,11,10670,卖盘
575,10:27:16,9.7,0.0,23,22310,卖盘
576,10:27:18,9.7,0.0,6,5820,卖盘
577,10:27:21,9.7,0.0,9,8730,卖盘
578,10:27:25,9.7,0.0,10,9700,卖盘
579,10:27:28,9.7,0.0,16,15520,卖盘
580,10:27:31,9.7,0.0,2,1940,中性盘
581,10:27:43,9.7,0.0,10,9700,卖盘
582,10:28:01,9.7,0.0,46,44620,卖盘
583,10:28:04,9.7,0.0,5,4852,卖盘
584,10:28:13,9.71,0.01,6,5826,买盘
585,10:28:19,9.71,0.0,2,1942,买盘
586,10:28:25,9.7,-0.01,1,970,卖盘
587,10:28:28,9.7,0.0,16,15520,卖盘
588,10:28:40,9.71,0.01,17,16499,买盘
589,10:28:52,9.71,0.0,23,22333,卖盘
590,10:29:04,9.72,0.01,2,1944,买盘
591,10:29:06,9.72,0.0,15,14580,买盘
592,10:29:10,9.71,-0.01,4,3884,卖盘
593,10:29:16,9.71,0.0,6,5826,卖盘
594,10:29:19,9.71,0.0,42,40782,卖盘
595,10:29:22,9.71,0.0,91,88361,卖盘
596,10:29:25,9.7,-0.01,63,61167,卖盘
597,10:29:37,9.7,0.0,3,2910,卖盘
598,10:29:43,9.72,0.02,5,4860,买盘
599,10:29:45,9.72,0.0,29,28188,买盘
600,10:29:54,9.72,0.0,44,42768,卖盘
601,10:29:57,9.72,0.0,2,1944,卖盘
602,10:30:01,9.74,0.02,3,2922,买盘
603,10:30:12,9.73,-0.01,9,8760,卖盘
604,10:30:25,9.74,0.01,15,14610,买盘
605,10:30:43,9.75,0.01,3,2925,买盘
606,10:30:58,9.76,0.01,6,5856,买盘
607,10:31:04,9.76,0.0,4,3904,买盘
608,10:31:09,9.76,0.0,1,976,买盘
609,10:31:22,9.79,0.03,137,133935,买盘
610,10:31:25,9.79,0.0,4,3916,卖盘
611,10:31:31,9.8,0.01,7,6860,买盘
612,10:31:34,9.8,0.0,1,980,买盘
613,10:31:43,9.8,0.0,26,25480,买盘
614,10:31:48,9.8,0.0,4,3802,买盘
615,10:32:04,9.8,0.0,2,1960,中性盘
616,10:32:19,9.82,0.02,42,41244,买盘
617,10:32:21,9.83,0.01,6,5898,中性盘
618,10:32:31,9.82,-0.01,100,98200,卖盘
619,10:32:34,9.82,0.0,12,11786,卖盘
620,10:32:40,9.8,-0.02,10,9800,卖盘
621,10:32:46,9.8,0.0,39,38220,卖盘
622,10:32:48,9.82,0.02,14,13748,买盘
623,10:33:10,9.81,-0.01,2,1963,卖盘
624,10:33:19,9.8,-0.01,16,15680,卖盘
625,10:33:31,9.82,0.02,13,12766,买盘
626,10:33:40,9.82,0.0,17,16694,卖盘
627,10:34:37,9.82,0.0,30,29460,买盘
628,10:34:43,9.81,-0.01,36,35316,卖盘
629,10:34:46,9.81,0.0,12,11772,买盘
630,10:34:49,9.81,0.0,20,19620,卖盘
631,10:35:06,9.81,0.0,18,17658,买盘
632,10:35:10,9.81,0.0,3,2943,卖盘
633,10:35:13,9.81,0.0,39,38259,卖盘
634,10:35:16,9.81,0.0,6,5886,买盘
635,10:35:19,9.81,0.0,5,4905,卖盘
636,10:35:22,9.82,0.01,32,31424,买盘
637,10:35:25,9.83,0.01,8,7859,买盘
638,10:35:28,9.83,0.0,2,1966,卖盘
639,10:35:49,9.82,-0.01,6,5892,卖盘
640,10:35:55,9.82,0.0,4,3928,卖盘
641,10:36:01,9.82,0.0,6,5892,卖盘
642,10:36:04,9.82,0.0,2,1964,卖盘
643,10:36:24,9.82,0.0,1,982,卖盘
644,10:36:28,9.82,0.0,27,26514,卖盘
645,10:36:34,9.81,-0.01,10,9810,卖盘
646,10:36:37,9.81,0.0,7,6867,卖盘
647,10:36:43,9.8,-0.01,6,5880,卖盘
648,10:36:58,9.82,0.02,11,10795,买盘
649,10:37:19,9.81,-0.01,25,24525,卖盘
650,10:37:22,9.83,0.02,150,147428,买盘
651,10:37:25,9.8,-0.03,7,6860,卖盘
652,10:37:37,9.8,0.0,1,980,卖盘
653,10:37:55,9.8,0.0,1,980,卖盘
654,10:37:57,9.8,0.0,31,30393,卖盘
655,10:38:16,9.8,0.0,18,17655,卖盘
656,10:38:22,9.82,0.02,5,4910,买盘
657,10:38:31,9.82,0.0,6,5892,卖盘
658,10:38:51,9.82,0.0,3,2946,卖盘
659,10:38:58,9.8,-0.02,3,2940,卖盘
660,10:39:04,9.81,0.01,1,981,买盘
661,10:39:10,9.81,0.0,10,9810,买盘
662,10:39:13,9.8,-0.01,16,15690,卖盘
663,10:39:31,9.82,0.02,119,116853,买盘
664,10:39:46,9.83,0.01,30,29490,买盘
665,10:39:49,9.83,0.0,42,41286,卖盘
666,10:39:52,9.8,-0.03,20,19601,卖盘
667,10:39:55,9.81,0.01,4,3924,卖盘
668,10:39:58,9.8,-0.01,1,980,卖盘
669,10:40:04,9.81,0.01,3,2943,卖盘
670,10:40:10,9.81,0.0,6,5886,卖盘
671,10:40:25,9.82,0.01,1,982,买盘
672,10:40:28,9.82,0.0,58,57002,卖盘
673,10:40:40,9.81,-0.01,8,7848,卖盘
674,10:40:43,9.81,0.0,6,5886,卖盘
675,10:40:51,9.81,0.0,6,5886,卖盘
676,10:40:58,9.81,0.0,6,5886,卖盘
677,10:41:04,9.81,0.0,2,1962,卖盘
678,10:41:07,9.81,0.0,42,41202,卖盘
679,10:41:37,9.81,0.0,7,6861,买盘
680,10:41:42,9.81,0.0,8,7848,买盘
681,10:42:01,9.8,-0.01,6,5880,卖盘
682,10:42:10,9.8,0.0,2,1960,卖盘
683,10:42:28,9.79,-0.01,14,13725,卖盘
684,10:42:31,9.81,0.02,15,14715,买盘
685,10:42:39,9.79,-0.02,12,11759,卖盘
686,10:43:09,9.79,0.0,5,4896,卖盘
687,10:43:13,9.79,0.0,6,5874,卖盘
688,10:43:24,9.79,0.0,6,5874,卖盘
689,10:43:40,9.79,0.0,3,2937,卖盘
690,10:43:48,9.79,0.0,394,385726,卖盘
691,10:43:52,9.78,-0.01,6,5868,卖盘
692,10:43:55,9.78,0.0,2,1956,卖盘
693,10:44:10,9.76,-0.02,2,1952,卖盘
694,10:44:13,9.75,-0.01,6,5850,卖盘
695,10:44:25,9.75,0.0,5,4875,卖盘
696,10:44:34,9.75,0.0,8,7802,卖盘
697,10:44:46,9.74,-0.01,100,97347,卖盘
698,10:44:58,9.76,0.02,3,2928,买盘
699,10:45:01,9.75,-0.01,1,975,买盘
700,10:45:04,9.75,0.0,11,10725,卖盘
701,10:45:13,9.76,0.01,2,1952,买盘
702,10:45:21,9.74,-0.02,5,4872,卖盘
703,10:45:36,9.76,0.02,1,976,买盘
704,10:45:40,9.76,0.0,35,34160,买盘
705,10:45:43,9.74,-0.02,42,40777,卖盘
706,10:45:46,9.71,-0.03,35,34066,卖盘
707,10:45:49,9.74,0.03,18,17532,买盘
708,10:46:10,9.71,-0.03,3,2914,卖盘
709,10:46:40,9.74,0.03,82,79856,买盘
710,10:46:43,9.74,0.0,1,974,卖盘
711,10:46:49,9.73,-0.01,46,44613,买盘
712,10:46:52,9.73,0.0,103,100365,买盘
713,10:47:04,9.73,0.0,2,1949,中性盘
714,10:47:06,9.73,0.0,1,973,买盘
715,10:47:13,9.73,0.0,1,973,买盘
716,10:47:21,9.73,0.0,6,5838,卖盘
717,10:47:37,9.76,0.03,7,6814,买盘
718,10:47:55,9.72,-0.04,75,72945,卖盘
719,10:47:58,9.73,0.01,74,71929,买盘
720,10:48:01,9.72,-0.01,6,5835,卖盘
721,10:48:06,9.76,0.04,1,976,买盘
722,10:48:22,9.73,-0.03,1,973,卖盘
723,10:48:28,9.74,0.01,6,5844,卖盘
724,10:48:34,9.75,0.01,1,975,买盘
725,10:48:37,9.71,-0.04,162,157349,卖盘
726,10:48:43,9.71,0.0,5,4855,买盘
727,10:48:49,9.71,0.0,3,2913,买盘
728,10:48:52,9.71,0.0,7,6795,买盘
729,10:48:58,9.7,-0.01,7,6790,卖盘
730,10:49:01,9.7,0.0,147,142590,卖盘
731,10:49:04,9.7,0.0,3,2911,卖盘
732,10:49:07,9.7,0.0,3,2910,买盘
733,10:49:09,9.7,0.0,4,3880,卖盘
734,10:49:25,9.71,0.01,70,67969,买盘
735,10:49:28,9.71,0.0,57,55347,买盘
736,10:49:30,9.71,0.0,1,971,买盘
737,10:49:33,9.71,0.0,1,971,买盘
738,10:49:37,9.71,0.0,53,51463,买盘
739,10:49:39,9.7,-0.01,6,5820,卖盘
740,10:49:45,9.71,0.01,10,9710,卖盘
741,10:49:58,9.72,0.01,40,38880,卖盘
742,10:50:04,9.72,0.0,7,6804,卖盘
743,10:50:06,9.7,-0.02,115,111574,卖盘
744,10:50:10,9.7,0.0,38,36860,买盘
745,10:50:19,9.74,0.04,2,1948,买盘
746,10:50:34,9.73,-0.01,1,973,中性盘
747,10:50:37,9.74,0.01,12,11688,买盘
748,10:50:49,9.73,-0.01,7,6812,卖盘
749,10:50:55,9.76,0.03,3,2928,买盘
750,10:51:13,9.72,-0.04,84,81702,卖盘
751,10:51:16,9.7,-0.02,6,5820,卖盘
752,10:51:40,9.72,0.02,21,20412,买盘
753,10:52:04,9.69,-0.03,501,485654,卖盘
754,10:52:07,9.72,0.03,1,972,买盘
755,10:52:19,9.69,-0.03,98,94970,卖盘
756,10:52:25,9.69,0.0,23,22287,买盘
757,10:52:34,9.69,0.0,12,11628,买盘
758,10:52:49,9.68,-0.01,88,85184,卖盘
759,10:52:55,9.69,0.01,17,16473,买盘
760,10:53:04,9.69,0.0,2,1938,卖盘
761,10:53:25,9.68,-0.01,55,53269,卖盘
762,10:53:27,9.68,0.0,55,53240,买盘
763,10:53:30,9.68,0.0,6,5808,买盘
764,10:53:43,9.67,-0.01,2,1934,卖盘
765,10:53:49,9.68,0.01,10,9680,买盘
766,10:53:51,9.68,0.0,3,2904,买盘
767,10:53:58,9.68,0.0,20,19360,买盘
768,10:54:09,9.68,0.0,3,2904,卖盘
769,10:54:30,9.67,-0.01,147,142182,卖盘
770,10:54:36,9.68,0.01,18,17423,中性盘
771,10:54:51,9.63,-0.05,243,234675,卖盘
772,10:54:58,9.65,0.02,27,26055,买盘
773,10:55:07,9.65,0.0,12,11578,买盘
774,10:55:10,9.63,-0.02,1,963,卖盘
775,10:55:16,9.65,0.02,1,965,买盘
776,10:55:25,9.65,0.0,10,9650,买盘
777,10:55:28,9.64,-0.01,41,39528,卖盘
778,10:55:30,9.65,0.01,14,13510,买盘
779,10:55:34,9.65,0.0,7,6755,买盘
780,10:55:37,9.63,-0.02,152,146407,卖盘
781,10:55:39,9.65,0.02,6,5790,买盘
782,10:55:52,9.65,0.0,1,965,买盘
783,10:55:55,9.65,0.0,53,51145,买盘
784,10:56:04,9.7,0.05,13,12562,买盘
785,10:56:27,9.68,-0.02,6,5808,卖盘
786,10:56:30,9.68,0.0,16,15488,买盘
787,10:56:43,9.66,-0.02,49,47383,卖盘
788,10:56:52,9.66,0.0,4,3864,卖盘
789,10:57:04,9.66,0.0,26,25140,卖盘
790,10:57:07,9.67,0.01,30,29010,买盘
791,10:57:10,9.67,0.0,9,8703,买盘
792,10:57:13,9.65,-0.02,149,143839,卖盘
793,10:57:16,9.67,0.02,20,19340,买盘
794,10:57:22,9.67,0.0,20,19340,买盘
795,10:57:27,9.67,0.0,5,4835,买盘
796,10:57:30,9.67,0.0,8,7736,买盘
797,10:57:33,9.67,0.0,8,7736,买盘
798,10:57:49,9.66,-0.01,66,63758,卖盘
799,10:57:52,9.66,0.0,30,28980,买盘
800,10:57:54,9.66,0.0,4,3864,买盘
801,10:57:58,9.66,0.0,3,2898,买盘
802,10:58:01,9.66,0.0,20,19320,买盘
803,10:58:04,9.65,-0.01,130,125461,卖盘
804,10:58:06,9.64,-0.01,2,1928,卖盘
805,10:58:19,9.64,0.0,15,14470,卖盘
806,10:58:36,9.65,0.01,14,13510,买盘
807,10:58:46,9.65,0.0,9,8685,买盘
808,10:58:52,9.62,-0.03,259,249352,卖盘
809,10:58:55,9.62,0.0,174,167160,买盘
810,10:58:58,9.62,0.0,10,9620,买盘
811,10:59:04,9.6,-0.02,73,70221,卖盘
812,10:59:13,9.62,0.02,63,60606,买盘
813,10:59:15,9.62,0.0,40,38480,买盘
814,10:59:19,9.62,0.0,8,7696,买盘
815,10:59:25,9.62,0.0,30,28860,买盘
816,10:59:28,9.67,0.05,50,48308,买盘
817,10:59:31,9.61,-0.06,45,43247,卖盘
818,10:59:58,9.63,0.02,4,3856,卖盘
819,11:00:00,9.62,-0.01,50,48135,卖盘
820,11:00:04,9.62,0.0,22,21164,买盘
821,11:00:06,9.62,0.0,36,34632,买盘
822,11:00:10,9.62,0.0,40,38480,买盘
823,11:00:19,9.66,0.04,9,8693,买盘
824,11:00:22,9.66,0.0,1,966,卖盘
825,11:00:28,9.63,-0.03,3,2889,卖盘
826,11:01:07,9.63,0.0,135,130104,卖盘
827,11:01:09,9.63,0.0,36,34668,买盘
828,11:01:12,9.63,0.0,1,963,买盘
829,11:01:37,9.66,0.03,1,966,买盘
830,11:02:04,9.65,-0.01,2,1930,买盘
831,11:02:10,9.66,0.01,28,27031,买盘
832,11:02:13,9.65,-0.01,93,89828,卖盘
833,11:02:19,9.65,0.0,5,4825,买盘
834,11:02:22,9.65,0.0,20,19300,买盘
835,11:02:25,9.63,-0.02,39,37573,卖盘
836,11:02:40,9.63,0.0,10,9630,卖盘
837,11:02:48,9.65,0.02,32,30880,买盘
838,11:03:12,9.67,0.02,1,967,买盘
839,11:03:19,9.65,-0.02,41,39570,卖盘
840,11:03:22,9.65,0.0,29,27985,买盘
841,11:03:52,9.65,0.0,5,4825,买盘
842,11:04:01,9.65,0.0,70,67550,买盘
843,11:04:03,9.65,0.0,4,3860,买盘
844,11:04:25,9.64,-0.01,103,99387,卖盘
845,11:04:43,9.64,0.0,5,4820,买盘
846,11:04:46,9.64,0.0,6,5784,买盘
847,11:04:49,9.64,0.0,29,27956,买盘
848,11:04:52,9.63,-0.01,2,1926,卖盘
849,11:04:58,9.64,0.01,6,5784,买盘
850,11:05:16,9.66,0.02,1,966,买盘
851,11:05:31,9.65,-0.01,37,35707,卖盘
852,11:05:34,9.65,0.0,1,965,买盘
853,11:05:37,9.65,0.0,50,48250,买盘
854,11:05:46,9.65,0.0,50,48250,买盘
855,11:05:52,9.65,0.0,10,9650,买盘
856,11:06:01,9.65,0.0,33,31845,卖盘
857,11:06:16,9.66,0.01,1,966,买盘
858,11:06:37,9.66,0.0,165,159502,卖盘
859,11:07:10,9.66,0.0,45,43470,卖盘
860,11:07:13,9.69,0.03,7,6783,买盘
861,11:07:37,9.69,0.0,4,3876,卖盘
862,11:07:40,9.69,0.0,5,4845,卖盘
863,11:07:43,9.67,-0.02,78,75427,卖盘
864,11:07:46,9.66,-0.01,8,7728,卖盘
865,11:07:49,9.67,0.01,20,19340,买盘
866,11:07:52,9.67,0.0,10,9670,买盘
867,11:07:55,9.67,0.0,20,19340,买盘
868,11:08:00,9.67,0.0,19,18373,买盘
869,11:08:04,9.69,0.02,1,969,买盘
870,11:08:13,9.69,0.0,1,969,买盘
871,11:08:19,9.69,0.0,16,15504,卖盘
872,11:08:22,9.69,0.0,5,4845,买盘
873,11:08:25,9.69,0.0,2,1938,买盘
874,11:08:28,9.69,0.0,11,10659,卖盘
875,11:08:31,9.69,0.0,7,6783,卖盘
876,11:08:34,9.69,0.0,1,969,买盘
877,11:08:36,9.69,0.0,11,10659,买盘
878,11:08:40,9.69,0.0,12,11628,卖盘
879,11:08:45,9.68,-0.01,12,11616,卖盘
880,11:08:49,9.69,0.01,21,20349,卖盘
881,11:09:01,9.7,0.01,21,20370,买盘
882,11:09:12,9.69,-0.01,19,18411,买盘
883,11:09:18,9.69,0.0,3,2907,买盘
884,11:09:22,9.69,0.0,7,6783,卖盘
885,11:09:25,9.7,0.01,21,20363,买盘
886,11:09:34,9.7,0.0,7,6790,买盘
887,11:09:37,9.7,0.0,18,17460,买盘
888,11:09:42,9.7,0.0,200,194000,买盘
889,11:09:46,9.68,-0.02,10,9680,卖盘
890,11:09:48,9.7,0.02,23,22310,买盘
891,11:10:01,9.7,0.0,23,22310,买盘
892,11:10:12,9.7,0.0,26,25220,买盘
893,11:10:24,9.7,0.0,6,5451,买盘
894,11:10:36,9.71,0.01,22,21362,买盘
895,11:10:40,9.7,-0.01,10,9700,卖盘
896,11:10:49,9.71,0.01,19,18449,买盘
897,11:10:52,9.71,0.0,7,6797,买盘
898,11:11:01,9.71,0.0,21,20391,买盘
899,11:11:13,9.71,0.0,18,17478,买盘
900,11:11:25,9.71,0.0,218,211678,买盘
901,11:11:28,9.71,0.0,16,15536,买盘
902,11:11:37,9.72,0.01,61,59247,买盘
903,11:11:40,9.71,-0.01,1,971,卖盘
904,11:11:49,9.72,0.01,20,19440,买盘
905,11:12:01,9.72,0.0,23,22356,买盘
906,11:12:04,9.72,0.0,9,8748,买盘
907,11:12:07,9.72,0.0,69,67068,买盘
908,11:12:13,9.72,0.0,9,8748,买盘
909,11:12:19,9.72,0.0,10,9720,卖盘
910,11:12:25,9.72,0.0,19,18468,买盘
911,11:12:30,9.71,-0.01,40,38840,卖盘
912,11:12:36,9.72,0.01,21,20412,买盘
913,11:12:49,9.72,0.0,17,16524,买盘
914,11:13:01,9.72,0.0,20,19440,买盘
915,11:13:04,9.72,0.0,5,4860,买盘
916,11:13:06,9.72,0.0,23,22356,买盘
917,11:13:10,9.72,0.0,12,11664,卖盘
918,11:13:13,9.73,0.01,23,22379,买盘
919,11:13:22,9.73,0.0,7,6811,买盘
920,11:13:25,9.73,0.0,13,12649,买盘
921,11:13:36,9.74,0.01,22,21428,买盘
922,11:13:49,9.74,0.0,13,12662,买盘
923,11:13:52,9.73,-0.01,21,20439,卖盘
924,11:14:00,9.75,0.02,22,21450,买盘
925,11:14:04,9.74,-0.01,15,14610,卖盘
926,11:14:12,9.74,0.0,8,7792,买盘
927,11:14:16,9.74,0.0,11,10714,卖盘
928,11:14:25,9.74,0.0,9,8766,买盘
929,11:14:30,9.74,0.0,9,8766,卖盘
930,11:14:33,9.74,0.0,3,2922,买盘
931,11:14:37,9.74,0.0,8,7792,买盘
932,11:14:49,9.75,0.01,17,16575,买盘
933,11:15:00,9.75,0.0,20,19500,买盘
934,11:15:13,9.75,0.0,15,14625,买盘
935,11:15:25,9.77,0.02,10,9767,买盘
936,11:15:28,9.76,-0.01,14,13664,卖盘
937,11:15:31,9.76,0.0,3,2928,卖盘
938,11:15:37,9.76,0.0,27,26347,买盘
939,11:15:40,9.75,-0.01,6,5855,卖盘
940,11:15:46,9.76,0.01,7,6832,买盘
941,11:15:49,9.76,0.0,6,5856,买盘
942,11:15:58,9.76,0.0,20,19520,卖盘
943,11:16:01,9.77,0.01,21,20517,买盘
944,11:16:04,9.77,0.0,1,977,买盘
945,11:16:13,9.77,0.0,3,2931,买盘
946,11:16:46,9.77,0.0,7,6839,买盘
947,11:17:07,9.75,-0.02,10,9752,卖盘
948,11:17:22,9.76,0.01,6,5858,卖盘
949,11:17:31,9.76,0.0,18,17568,卖盘
950,11:17:39,9.76,0.0,6,5856,卖盘
951,11:18:04,9.77,0.01,8,7816,买盘
952,11:18:10,9.77,0.0,12,11724,买盘
953,11:18:19,9.77,0.0,37,36149,卖盘
954,11:18:22,9.78,0.01,2,1956,买盘
955,11:18:28,9.76,-0.02,43,41968,卖盘
956,11:19:07,9.76,0.0,3,2928,买盘
957,11:19:18,9.76,0.0,5,4880,买盘
958,11:19:27,9.77,0.01,2,1954,卖盘
959,11:19:42,9.77,0.0,1,977,买盘
960,11:19:51,9.76,-0.01,1,976,卖盘
961,11:20:04,9.77,0.01,1,977,买盘
962,11:20:37,9.77,0.0,7,6839,买盘
963,11:20:40,9.77,0.0,18,17586,买盘
964,11:20:43,9.76,-0.01,1,976,卖盘
965,11:20:57,9.77,0.01,6,5862,买盘
966,11:21:31,9.77,0.0,10,9770,买盘
967,11:21:55,9.78,0.01,8,7824,买盘
968,11:21:58,9.77,-0.01,1,977,卖盘
969,11:22:13,9.78,0.01,37,36186,买盘
970,11:22:16,9.77,-0.01,10,9777,卖盘
971,11:22:36,9.77,0.0,30,29310,卖盘
972,11:22:46,9.79,0.02,7,6853,买盘
973,11:23:27,9.79,0.0,5,4895,买盘
974,11:24:04,9.79,0.0,1,979,买盘
975,11:24:07,9.78,-0.01,26,25428,卖盘
976,11:24:12,9.78,0.0,6,5868,买盘
977,11:24:24,9.78,0.0,4,3912,卖盘
978,11:24:43,9.78,0.0,10,9780,买盘
979,11:25:22,9.77,-0.01,41,40057,卖盘
980,11:25:25,9.78,0.01,7,6846,买盘
981,11:25:28,9.77,-0.01,16,15632,卖盘
982,11:25:31,9.78,0.01,40,39120,买盘
983,11:26:01,9.77,-0.01,3,2931,卖盘
984,11:26:04,9.77,0.0,1,977,买盘
985,11:26:16,9.77,0.0,11,10747,买盘
986,11:26:37,9.77,0.0,8,7816,买盘
987,11:26:43,9.78,0.01,7,6846,买盘
988,11:26:49,9.78,0.0,9,8802,买盘
989,11:26:58,9.78,0.0,1,978,买盘
990,11:27:22,9.78,0.0,92,89653,买盘
991,11:27:28,9.77,-0.01,28,27364,卖盘
992,11:27:36,9.78,0.01,1,978,中性盘
993,11:27:40,9.79,0.01,1,979,买盘
994,11:27:43,9.77,-0.02,6,5862,卖盘
995,11:27:52,9.79,0.02,1,979,买盘
996,11:27:57,9.79,0.0,1,979,买盘
997,11:28:10,9.78,-0.01,7,6846,买盘
998,11:28:18,9.77,-0.01,7,6840,卖盘
999,11:28:31,9.77,0.0,4,3908,卖盘
1000,11:28:49,9.78,0.01,6,5868,买盘
1001,11:28:52,9.77,-0.01,20,19540,卖盘
1002,11:29:04,9.77,0.0,17,16609,卖盘
1003,11:29:06,9.77,0.0,17,16609,卖盘
1004,11:29:25,9.78,0.01,11,10746,买盘
1005,11:29:27,9.78,0.0,1,978,卖盘
1006,11:29:55,9.78,0.0,6,5868,卖盘
1007,13:00:04,9.79,0.01,57,55803,买盘
1008,13:00:07,9.79,0.0,3,2937,买盘
1009,13:00:10,9.79,0.0,12,11748,买盘
1010,13:00:12,9.78,-0.01,5,4890,卖盘
1011,13:00:43,9.78,0.0,7,6846,买盘
1012,13:00:49,9.76,-0.02,2,1952,卖盘
1013,13:01:04,9.76,0.0,1,976,卖盘
1014,13:01:13,9.78,0.02,4,3912,买盘
1015,13:01:19,9.76,-0.02,1,976,卖盘
1016,13:01:40,9.75,-0.01,23,22445,卖盘
1017,13:01:43,9.77,0.02,5,4885,买盘
1018,13:01:46,9.77,0.0,2,1954,卖盘
1019,13:01:54,9.75,-0.02,2,1950,卖盘
1020,13:02:10,9.77,0.02,8,7816,买盘
1021,13:03:12,9.78,0.01,8,7824,买盘
1022,13:03:18,9.77,-0.01,1,977,卖盘
1023,13:03:49,9.77,0.0,1,977,卖盘
1024,13:04:19,9.77,0.0,2,1955,卖盘
1025,13:04:21,9.78,0.01,7,6846,买盘
1026,13:04:30,9.78,0.0,2,1956,买盘
1027,13:04:34,9.78,0.0,10,9780,买盘
1028,13:04:52,9.78,0.0,15,14670,买盘
1029,13:05:25,9.78,0.0,8,7824,买盘
1030,13:05:37,9.75,-0.03,34,33204,卖盘
1031,13:05:43,9.78,0.03,14,13682,买盘
1032,13:05:46,9.78,0.0,4,3912,卖盘
1033,13:06:00,9.78,0.0,2,1956,卖盘
1034,13:06:25,9.78,0.0,1,978,买盘
1035,13:06:34,9.78,0.0,6,5868,买盘
1036,13:06:36,9.78,0.0,1,978,卖盘
1037,13:07:45,9.78,0.0,8,7824,卖盘
1038,13:08:01,9.76,-0.02,26,25390,卖盘
1039,13:08:22,9.76,0.0,7,6832,卖盘
1040,13:08:25,9.76,0.0,10,9760,买盘
1041,13:08:28,9.76,0.0,1,976,买盘
1042,13:08:36,9.75,-0.01,10,9750,卖盘
1043,13:08:46,9.76,0.01,10,9760,买盘
1044,13:09:10,9.76,0.0,5,4880,买盘
1045,13:10:01,9.76,0.0,1,976,卖盘
1046,13:10:04,9.76,0.0,1,976,卖盘
1047,13:10:07,9.76,0.0,1,976,卖盘
1048,13:10:09,9.77,0.01,47,45919,买盘
1049,13:10:22,9.78,0.01,22,21516,买盘
1050,13:10:25,9.79,0.01,1,979,买盘
1051,13:10:33,9.79,0.0,26,25454,买盘
1052,13:10:49,9.78,-0.01,10,9780,卖盘
1053,13:11:16,9.78,0.0,58,56724,买盘
1054,13:11:24,9.78,0.0,2,1956,买盘
1055,13:11:27,9.78,0.0,7,6846,买盘
1056,13:12:24,9.78,0.0,1,978,买盘
1057,13:12:28,9.78,0.0,15,14670,买盘
1058,13:12:42,9.77,-0.01,19,18563,卖盘
1059,13:12:48,9.78,0.01,8,7824,买盘
1060,13:13:07,9.77,-0.01,9,8793,卖盘
1061,13:13:09,9.77,0.0,46,44942,卖盘
1062,13:13:13,9.76,-0.01,85,82960,卖盘
1063,13:13:16,9.75,-0.01,44,42900,卖盘
1064,13:13:19,9.75,0.0,6,5850,卖盘
1065,13:13:36,9.76,0.01,27,26352,买盘
1066,13:13:39,9.76,0.0,19,18544,卖盘
1067,13:13:52,9.76,0.0,23,22448,卖盘
1068,13:13:55,9.77,0.01,27,26359,买盘
1069,13:14:09,9.76,-0.01,11,10736,卖盘
1070,13:14:19,9.76,0.0,7,6832,买盘
1071,13:14:22,9.76,0.0,8,7808,卖盘
1072,13:14:25,9.76,0.0,1,976,买盘
1073,13:14:30,9.75,-0.01,1,975,卖盘
1074,13:14:52,9.75,0.0,23,22425,卖盘
1075,13:15:07,9.76,0.01,8,7808,买盘
1076,13:15:52,9.75,-0.01,19,18525,卖盘
1077,13:15:55,9.75,0.0,1,975,卖盘
1078,13:16:07,9.75,0.0,19,18525,卖盘
1079,13:16:19,9.75,0.0,14,13650,卖盘
1080,13:16:31,9.75,0.0,1,975,买盘
1081,13:16:34,9.74,-0.01,3,2923,卖盘
1082,13:16:37,9.75,0.01,15,14625,买盘
1083,13:16:43,9.74,-0.01,11,10714,卖盘
1084,13:16:48,9.74,0.0,1,974,卖盘
1085,13:17:01,9.76,0.02,4,3902,买盘
1086,13:17:04,9.74,-0.02,21,20454,卖盘
1087,13:17:31,9.75,0.01,3,2925,买盘
1088,13:17:34,9.75,0.0,7,6825,买盘
1089,13:17:37,9.75,0.0,8,7800,买盘
1090,13:17:49,9.74,-0.01,23,22402,卖盘
1091,13:17:52,9.72,-0.02,3,2916,卖盘
1092,13:18:01,9.73,0.01,5,4865,买盘
1093,13:18:04,9.72,-0.01,1,972,卖盘
1094,13:18:19,9.72,0.0,2,1944,卖盘
1095,13:18:31,9.73,0.01,1,973,买盘
1096,13:18:33,9.72,-0.01,24,23328,卖盘
1097,13:18:37,9.73,0.01,5,4865,买盘
1098,13:18:49,9.73,0.0,11,10703,卖盘
1099,13:18:51,9.73,0.0,1,973,卖盘
1100,13:19:01,9.73,0.0,5,4865,买盘
1101,13:19:04,9.73,0.0,3,2919,买盘
1102,13:19:06,9.73,0.0,10,9730,买盘
1103,13:19:19,9.72,-0.01,1,972,卖盘
1104,13:19:22,9.73,0.01,30,29190,买盘
1105,13:19:28,9.72,-0.01,29,28188,卖盘
1106,13:19:30,9.73,0.01,10,9730,买盘
1107,13:19:46,9.73,0.0,7,6811,买盘
1108,13:19:49,9.72,-0.01,2,1944,卖盘
1109,13:19:58,9.73,0.01,7,6811,买盘
1110,13:20:01,9.73,0.0,2,1946,买盘
1111,13:20:19,9.72,-0.01,1,972,卖盘
1112,13:20:28,9.73,0.01,1,973,买盘
1113,13:20:31,9.74,0.01,6,5839,买盘
1114,13:20:37,9.71,-0.03,85,82628,卖盘
1115,13:20:40,9.71,0.0,6,5826,买盘
1116,13:20:43,9.7,-0.01,10,9702,卖盘
1117,13:20:49,9.7,0.0,1,970,卖盘
1118,13:20:55,9.68,-0.02,121,117268,卖盘
1119,13:21:01,9.77,0.09,41,39960,买盘
1120,13:21:15,9.67,-0.1,79,76494,卖盘
1121,13:21:31,9.74,0.07,12,11688,买盘
1122,13:21:33,9.68,-0.06,53,51428,卖盘
1123,13:21:54,9.67,-0.01,53,51325,卖盘
1124,13:22:01,9.73,0.06,14,13622,买盘
1125,13:22:04,9.72,-0.01,3,2916,中性盘
1126,13:22:16,9.68,-0.04,104,100806,卖盘
1127,13:22:18,9.73,0.05,12,11676,买盘
1128,13:22:28,9.73,0.0,21,20433,买盘
1129,13:22:31,9.73,0.0,20,19430,买盘
1130,13:22:33,9.69,-0.04,9,8721,卖盘
1131,13:22:52,9.71,0.02,12,11652,买盘
1132,13:23:01,9.71,0.0,3,2913,买盘
1133,13:23:18,9.7,-0.01,2,1940,卖盘
1134,13:23:28,9.71,0.01,7,6797,买盘
1135,13:23:31,9.71,0.0,7,6792,买盘
1136,13:23:37,9.7,-0.01,12,11640,卖盘
1137,13:23:52,9.69,-0.01,23,22287,卖盘
1138,13:24:01,9.69,0.0,24,23264,卖盘
1139,13:24:10,9.69,0.0,15,14535,卖盘
1140,13:24:31,9.7,0.01,5,4850,买盘
1141,13:24:34,9.7,0.0,4,3880,买盘
1142,13:25:04,9.7,0.0,1,970,卖盘
1143,13:25:54,9.71,0.01,7,6797,买盘
1144,13:26:01,9.71,0.0,1,971,买盘
1145,13:26:37,9.71,0.0,2,1942,买盘
1146,13:27:07,9.71,0.0,27,26217,买盘
1147,13:27:09,9.71,0.0,14,13594,买盘
1148,13:27:31,9.71,0.0,8,7768,买盘
1149,13:27:39,9.71,0.0,1,971,买盘
1150,13:27:49,9.71,0.0,69,66999,买盘
1151,13:27:55,9.71,0.0,4,3884,买盘
1152,13:28:01,9.71,0.0,3,2913,买盘
1153,13:28:04,9.71,0.0,29,28159,买盘
1154,13:28:21,9.71,0.0,2,1942,买盘
1155,13:28:24,9.71,0.0,15,14565,买盘
1156,13:28:30,9.7,-0.01,6,5820,卖盘
1157,13:28:58,9.71,0.01,23,22333,买盘
1158,13:29:01,9.71,0.0,3,2913,买盘
1159,13:29:04,9.7,-0.01,7,6790,卖盘
1160,13:29:37,9.71,0.01,13,12617,买盘
1161,13:29:51,9.7,-0.01,17,16490,卖盘
1162,13:29:55,9.7,0.0,44,42680,卖盘
1163,13:30:01,9.71,0.01,4,3884,买盘
1164,13:30:10,9.7,-0.01,6,5820,卖盘
1165,13:30:16,9.71,0.01,88,85448,买盘
1166,13:30:31,9.72,0.01,37,35964,卖盘
1167,13:30:33,9.72,0.0,21,20412,买盘
1168,13:30:40,9.7,-0.02,13,12624,卖盘
1169,13:30:49,9.7,0.0,13,12610,卖盘
1170,13:31:04,9.7,0.0,4,3880,买盘
1171,13:31:13,9.69,-0.01,6,5814,卖盘
1172,13:31:19,9.69,0.0,8,7752,卖盘
1173,13:31:22,9.7,0.01,10,9700,买盘
1174,13:31:34,9.69,-0.01,1,969,卖盘
1175,13:31:43,9.7,0.01,1,970,买盘
1176,13:31:46,9.69,-0.01,6,5814,卖盘
1177,13:31:49,9.69,0.0,28,27132,卖盘
1178,13:32:01,9.7,0.01,3,2910,买盘
1179,13:32:19,9.69,-0.01,6,5814,卖盘
1180,13:32:28,9.69,0.0,1,969,卖盘
1181,13:32:33,9.69,0.0,5,4845,卖盘
1182,13:32:55,9.69,0.0,6,5814,卖盘
1183,13:32:58,9.7,0.01,5,4850,买盘
1184,13:33:01,9.7,0.0,11,10670,买盘
1185,13:33:31,9.69,-0.01,6,5814,卖盘
1186,13:33:39,9.7,0.01,41,39770,买盘
1187,13:33:43,9.7,0.0,33,32037,卖盘
1188,13:33:45,9.71,0.01,6,5826,买盘
1189,13:33:55,9.7,-0.01,1,970,卖盘
1190,13:34:04,9.7,0.0,5,4853,卖盘
1191,13:34:09,9.7,0.0,15,14550,卖盘
1192,13:34:22,9.7,0.0,2,1940,卖盘
1193,13:34:25,9.71,0.01,7,6797,买盘
1194,13:34:37,9.71,0.0,51,49521,买盘
1195,13:34:39,9.71,0.0,30,29130,买盘
1196,13:34:42,9.7,-0.01,13,12610,卖盘
1197,13:34:52,9.7,0.0,21,20370,卖盘
1198,13:35:01,9.71,0.01,4,3884,买盘
1199,13:35:10,9.7,-0.01,1,970,卖盘
1200,13:35:22,9.7,0.0,6,5820,卖盘
1201,13:35:37,9.7,0.0,13,12618,卖盘
1202,13:35:42,9.71,0.01,5,4855,买盘
1203,13:36:01,9.71,0.0,4,3884,买盘
1204,13:36:04,9.71,0.0,26,25246,买盘
1205,13:36:07,9.71,0.0,10,9710,买盘
1206,13:36:10,9.71,0.0,18,17478,买盘
1207,13:36:12,9.7,-0.01,2,1940,卖盘
1208,13:36:28,9.7,0.0,2,1940,卖盘
1209,13:36:33,9.72,0.02,177,171906,买盘
1210,13:36:37,9.74,0.02,2,1948,买盘
1211,13:36:43,9.72,-0.02,76,73924,卖盘
1212,13:36:49,9.74,0.02,7,6818,买盘
1213,13:36:51,9.72,-0.02,77,74844,卖盘
1214,13:37:01,9.72,0.0,3,2916,买盘
1215,13:37:13,9.7,-0.02,1,970,卖盘
1216,13:37:27,9.7,0.0,1,970,卖盘
1217,13:37:31,9.7,0.0,1,970,卖盘
1218,13:37:33,9.72,0.02,7,6802,买盘
1219,13:37:57,9.71,-0.01,1,971,卖盘
1220,13:38:00,9.71,0.0,60,58260,卖盘
1221,13:38:04,9.77,0.06,14,13622,买盘
1222,13:38:09,9.74,-0.03,9,8766,中性盘
1223,13:38:43,9.72,-0.02,1,972,卖盘
1224,13:38:49,9.73,0.01,5,4865,买盘
1225,13:38:55,9.72,-0.01,6,5832,卖盘
1226,13:38:58,9.72,0.0,1,972,卖盘
1227,13:39:01,9.72,0.0,19,18468,卖盘
1228,13:39:04,9.73,0.01,7,6811,买盘
1229,13:39:06,9.72,-0.01,4,3888,买盘
1230,13:39:12,9.71,-0.01,1,971,卖盘
1231,13:39:16,9.71,0.0,52,50492,卖盘
1232,13:39:21,9.72,0.01,8,7776,买盘
1233,13:39:25,9.72,0.0,1,972,卖盘
1234,13:39:27,9.72,0.0,3,2916,卖盘
1235,13:39:31,9.73,0.01,5,4865,买盘
1236,13:39:34,9.71,-0.02,6,5826,卖盘
1237,13:39:37,9.73,0.02,26,25298,买盘
1238,13:39:43,9.71,-0.02,1,971,卖盘
1239,13:39:55,9.71,0.0,22,21362,卖盘
1240,13:39:58,9.7,-0.01,1,970,卖盘
1241,13:40:01,9.7,0.0,6,5820,卖盘
1242,13:40:04,9.71,0.01,3,2913,买盘
1243,13:40:13,9.71,0.0,7,6797,买盘
1244,13:40:28,9.7,-0.01,1,970,卖盘
1245,13:40:43,9.7,0.0,1,970,卖盘
1246,13:40:46,9.71,0.01,19,18449,买盘
1247,13:40:52,9.71,0.0,20,19420,卖盘
1248,13:41:01,9.71,0.0,1,971,卖盘
1249,13:41:04,9.71,0.0,6,5826,卖盘
1250,13:41:07,9.73,0.02,4,3892,买盘
1251,13:41:22,9.71,-0.02,1,971,卖盘
1252,13:41:28,9.71,0.0,1,971,卖盘
1253,13:41:31,9.73,0.02,5,4865,买盘
1254,13:41:39,9.74,0.01,4,3896,卖盘
1255,13:41:43,9.74,0.0,1,974,买盘
1256,13:41:45,9.73,-0.01,8,7784,卖盘
1257,13:41:49,9.71,-0.02,3,2913,卖盘
1258,13:42:04,9.73,0.02,3,2919,买盘
1259,13:42:07,9.73,0.0,13,12649,买盘
1260,13:42:15,9.73,0.0,4,3895,卖盘
1261,13:42:22,9.74,0.01,4,3896,买盘
1262,13:42:25,9.75,0.01,4,3900,买盘
1263,13:42:40,9.75,0.0,14,13650,卖盘
1264,13:42:46,9.74,-0.01,9,8773,卖盘
1265,13:43:07,9.75,0.01,4,3900,买盘
1266,13:43:09,9.74,-0.01,6,5844,卖盘
1267,13:43:16,9.75,0.01,5,4875,买盘
1268,13:43:25,9.74,-0.01,5,4870,卖盘
1269,13:43:27,9.75,0.01,26,25350,买盘
1270,13:43:31,9.74,-0.01,18,17532,卖盘
1271,13:43:40,9.73,-0.01,16,15568,卖盘
1272,13:43:46,9.74,0.01,7,6818,买盘
1273,13:43:49,9.74,0.0,4,3896,买盘
1274,13:44:04,9.75,0.01,4,3900,买盘
1275,13:44:24,9.74,-0.01,5,4870,卖盘
1276,13:44:39,9.73,-0.01,6,5838,卖盘
1277,13:44:48,9.73,0.0,1,973,卖盘
1278,13:45:01,9.74,0.01,8,7792,买盘
1279,13:45:07,9.74,0.0,3,2922,买盘
1280,13:45:16,9.73,-0.01,26,25304,卖盘
1281,13:45:46,9.73,0.0,6,5838,卖盘
1282,13:46:04,9.73,0.0,20,19460,卖盘
1283,13:46:07,9.74,0.01,4,3896,买盘
1284,13:46:22,9.74,0.0,18,17532,买盘
1285,13:46:25,9.75,0.01,12,11700,买盘
1286,13:46:28,9.75,0.0,6,5850,卖盘
1287,13:46:37,9.75,0.0,2,1950,卖盘
1288,13:46:51,9.75,0.0,15,14625,卖盘
1289,13:47:04,9.76,0.01,9,8779,买盘
1290,13:47:07,9.77,0.01,34,33202,买盘
1291,13:47:16,9.78,0.01,29,28354,买盘
1292,13:47:28,9.79,0.01,8,7832,买盘
1293,13:47:31,9.78,-0.01,1,978,卖盘
1294,13:47:34,9.79,0.01,8,7832,买盘
1295,13:47:40,9.78,-0.01,20,19560,卖盘
1296,13:47:42,9.78,0.0,158,154524,卖盘
1297,13:48:07,9.77,-0.01,3,2931,中性盘
1298,13:48:10,9.77,0.0,25,24425,买盘
1299,13:48:16,9.76,-0.01,37,36161,卖盘
1300,13:48:22,9.76,0.0,15,14653,卖盘
1301,13:48:28,9.78,0.02,30,29268,买盘
1302,13:48:36,9.74,-0.04,1,974,买盘
1303,13:48:46,9.76,0.02,2,1952,买盘
1304,13:48:55,9.76,0.0,2,1951,买盘
1305,13:48:58,9.76,0.0,2,1952,买盘
1306,13:49:01,9.76,0.0,2,1952,买盘
1307,13:49:04,9.78,0.02,6,5864,买盘
1308,13:49:13,9.76,-0.02,3,2928,卖盘
1309,13:49:16,9.76,0.0,12,11712,买盘
1310,13:49:22,9.75,-0.01,2,1950,卖盘
1311,13:49:42,9.75,0.0,6,5850,卖盘
1312,13:49:49,9.75,0.0,9,8775,买盘
1313,13:49:52,9.74,-0.01,21,20459,卖盘
1314,13:49:57,9.75,0.01,3,2925,卖盘
1315,13:50:00,9.73,-0.02,5,4865,卖盘
1316,13:50:04,9.75,0.02,3,2925,买盘
1317,13:50:21,9.75,0.0,7,6825,买盘
1318,13:50:37,9.75,0.0,8,7800,买盘
1319,13:50:43,9.73,-0.02,19,18487,卖盘
1320,13:51:01,9.75,0.02,5,4875,买盘
1321,13:51:04,9.75,0.0,6,5850,买盘
1322,13:51:22,9.75,0.0,7,6825,卖盘
1323,13:51:24,9.75,0.0,9,8775,卖盘
1324,13:52:00,9.73,-0.02,6,5838,卖盘
1325,13:52:07,9.73,0.0,24,23360,卖盘
1326,13:52:09,9.75,0.02,13,12675,买盘
1327,13:52:19,9.76,0.01,8,7808,买盘
1328,13:52:25,9.77,0.01,2,1954,买盘
1329,13:52:31,9.76,-0.01,1,976,卖盘
1330,13:52:34,9.76,0.0,1,976,卖盘
1331,13:52:46,9.76,0.0,22,21478,卖盘
1332,13:52:48,9.76,0.0,7,6832,卖盘
1333,13:52:54,9.77,0.01,45,43956,买盘
1334,13:53:07,9.78,0.01,3,2934,买盘
1335,13:53:09,9.78,0.0,12,11736,买盘
1336,13:53:13,9.79,0.01,26,25429,买盘
1337,13:53:27,9.78,-0.01,2,1956,卖盘
1338,13:53:34,9.78,0.0,7,6846,买盘
1339,13:53:58,9.77,-0.01,6,5862,卖盘
1340,13:54:00,9.78,0.01,12,11736,买盘
1341,13:54:04,9.77,-0.01,11,10747,卖盘
1342,13:54:07,9.77,0.0,19,18567,卖盘
1343,13:54:34,9.77,0.0,32,31264,卖盘
1344,13:54:43,9.75,-0.02,15,14625,卖盘
1345,13:54:45,9.73,-0.02,19,18537,卖盘
1346,13:55:07,9.75,0.02,6,5862,中性盘
1347,13:55:13,9.75,0.0,15,14625,卖盘
1348,13:55:46,9.74,-0.01,17,16558,卖盘
1349,13:55:54,9.74,0.0,7,6818,买盘
1350,13:56:07,9.74,0.0,3,2922,买盘
1351,13:56:16,9.73,-0.01,20,19460,卖盘
1352,13:56:22,9.73,0.0,1,973,卖盘
1353,13:56:34,9.74,0.01,16,15584,买盘
1354,13:56:49,9.74,0.0,2,1948,买盘
1355,13:56:58,9.73,-0.01,11,10703,卖盘
1356,13:57:01,9.73,0.0,6,5838,卖盘
1357,13:57:07,9.74,0.01,10,9734,买盘
1358,13:57:13,9.74,0.0,12,11688,买盘
1359,13:57:16,9.73,-0.01,15,14595,卖盘
1360,13:57:45,9.74,0.01,8,7792,卖盘
1361,13:57:49,9.74,0.0,10,9740,买盘
1362,13:58:10,9.75,0.01,7,6825,买盘
1363,13:58:13,9.75,0.0,12,11700,买盘
1364,13:58:16,9.74,-0.01,6,5844,卖盘
1365,13:58:21,9.73,-0.01,1,973,卖盘
1366,13:58:28,9.73,0.0,10,9730,卖盘
1367,13:58:30,9.74,0.01,6,5844,买盘
1368,13:58:42,9.73,-0.01,13,12649,卖盘
1369,13:58:45,9.74,0.01,16,15584,买盘
1370,13:59:01,9.74,0.0,10,9740,卖盘
1371,13:59:04,9.75,0.01,3,2925,买盘
1372,13:59:34,9.78,0.03,7,6846,买盘
1373,13:59:55,9.79,0.01,17,16633,买盘
1374,14:00:22,9.78,-0.01,1,978,买盘
1375,14:00:24,9.79,0.01,7,6853,买盘
1376,14:00:27,9.79,0.0,5,4895,卖盘
1377,14:00:30,9.78,-0.01,1,978,卖盘
1378,14:00:33,9.78,0.0,1,978,卖盘
1379,14:00:37,9.79,0.01,34,33285,买盘
1380,14:00:39,9.79,0.0,7,6853,买盘
1381,14:00:42,9.79,0.0,3,2937,卖盘
1382,14:01:36,9.8,0.01,15,14698,买盘
1383,14:01:45,9.78,-0.02,22,21516,卖盘
1384,14:01:49,9.78,0.0,1,978,卖盘
1385,14:01:54,9.78,0.0,7,6846,买盘
1386,14:01:58,9.78,0.0,1,978,买盘
1387,14:02:04,9.78,0.0,19,18582,买盘
1388,14:02:13,9.78,0.0,20,19560,卖盘
1389,14:02:24,9.77,-0.01,4,3908,卖盘
1390,14:02:37,9.74,-0.03,6,5853,卖盘
1391,14:02:57,9.78,0.04,7,6846,买盘
1392,14:03:55,9.75,-0.03,1,975,卖盘
1393,14:04:04,9.75,0.0,1,975,卖盘
1394,14:04:10,9.75,0.0,7,6825,卖盘
1395,14:04:19,9.77,0.02,9,8793,买盘
1396,14:04:22,9.75,-0.02,24,23446,卖盘
1397,14:04:25,9.75,0.0,1,975,卖盘
1398,14:04:28,9.75,0.0,6,5850,卖盘
1399,14:04:43,9.75,0.0,13,12675,卖盘
1400,14:04:49,9.75,0.0,1,975,卖盘
1401,14:04:52,9.75,0.0,21,20475,卖盘
1402,14:05:13,9.75,0.0,6,5850,卖盘
1403,14:05:33,9.77,0.02,7,6839,买盘
1404,14:05:58,9.77,0.0,13,12696,买盘
1405,14:06:04,9.76,-0.01,10,9760,卖盘
1406,14:06:49,9.76,0.0,7,6832,买盘
1407,14:06:55,9.76,0.0,21,20496,买盘
1408,14:07:01,9.76,0.0,9,8784,卖盘
1409,14:07:07,9.76,0.0,6,5856,买盘
1410,14:07:09,9.75,-0.01,6,5850,卖盘
1411,14:07:31,9.75,0.0,1,975,卖盘
1412,14:08:04,9.76,0.01,8,7808,买盘
1413,14:08:21,9.76,0.0,4,3904,买盘
1414,14:08:27,9.76,0.0,2,1952,卖盘
1415,14:08:45,9.76,0.0,6,5856,卖盘
1416,14:09:04,9.76,0.0,11,10743,卖盘
1417,14:09:21,9.76,0.0,11,10736,卖盘
1418,14:09:25,9.77,0.01,10,9761,买盘
1419,14:09:30,9.75,-0.02,6,5850,卖盘
1420,14:09:48,9.75,0.0,6,5850,卖盘
1421,14:09:51,9.76,0.01,12,11712,买盘
1422,14:10:19,9.77,0.01,8,7816,买盘
1423,14:10:55,9.75,-0.02,6,5852,卖盘
1424,14:10:57,9.77,0.02,22,21494,买盘
1425,14:11:01,9.77,0.0,2,1954,买盘
1426,14:11:06,9.75,-0.02,6,5850,卖盘
1427,14:11:21,9.76,0.01,1,976,卖盘
1428,14:11:31,9.77,0.01,7,6839,买盘
1429,14:11:33,9.77,0.0,11,10747,买盘
1430,14:12:07,9.77,0.0,8,7816,买盘
1431,14:12:09,9.76,-0.01,2,1952,卖盘
1432,14:12:28,9.76,0.0,1,976,卖盘
1433,14:12:34,9.76,0.0,8,7808,买盘
1434,14:12:43,9.76,0.0,9,8784,卖盘
1435,14:12:46,9.77,0.01,10,9770,买盘
1436,14:12:57,9.77,0.0,1,977,买盘
1437,14:13:07,9.75,-0.02,21,20475,卖盘
1438,14:13:10,9.75,0.0,2,1950,买盘
1439,14:13:13,9.78,0.03,10,9776,买盘
1440,14:13:31,9.77,-0.01,1,977,买盘
1441,14:13:33,9.75,-0.02,5,4875,卖盘
1442,14:13:46,9.78,0.03,14,13669,买盘
1443,14:13:58,9.78,0.0,8,7824,买盘
1444,14:14:01,9.79,0.01,33,32302,买盘
1445,14:14:04,9.79,0.0,10,9790,买盘
1446,14:14:09,9.79,0.0,12,11748,买盘
1447,14:14:31,9.78,-0.01,1,978,买盘
1448,14:14:34,9.78,0.0,11,10758,买盘
1449,14:14:45,9.78,0.0,1,978,买盘
1450,14:14:49,9.78,0.0,2,1956,买盘
1451,14:14:58,9.79,0.01,7,6853,买盘
1452,14:15:01,9.79,0.0,1,979,买盘
1453,14:15:12,9.79,0.0,1,979,买盘
1454,14:15:16,9.79,0.0,10,9790,买盘
1455,14:15:28,9.79,0.0,1,979,买盘
1456,14:15:36,9.79,0.0,2,1958,买盘
1457,14:15:42,9.78,-0.01,40,39120,卖盘
1458,14:15:46,9.79,0.01,1,979,买盘
1459,14:15:48,9.79,0.0,14,13706,买盘
1460,14:15:52,9.8,0.01,22,21554,买盘
1461,14:15:58,9.8,0.0,10,9799,买盘
1462,14:16:01,9.8,0.0,1,980,买盘
1463,14:16:22,9.78,-0.02,1,978,卖盘
1464,14:16:25,9.79,0.01,20,19580,中性盘
1465,14:16:28,9.79,0.0,17,16643,买盘
1466,14:16:31,9.8,0.01,44,43051,买盘
1467,14:16:33,9.8,0.0,12,11760,买盘
1468,14:16:36,9.79,-0.01,8,7832,中性盘
1469,14:16:40,9.79,0.0,19,18601,买盘
1470,14:16:43,9.8,0.01,10,9795,买盘
1471,14:16:46,9.8,0.0,1,980,买盘
1472,14:16:52,9.8,0.0,6,5880,买盘
1473,14:16:58,9.78,-0.02,6,5868,卖盘
1474,14:17:01,9.8,0.02,2,1960,买盘
1475,14:17:15,9.8,0.0,2,1960,买盘
1476,14:17:27,9.8,0.0,8,7840,买盘
1477,14:17:31,9.8,0.0,10,9800,买盘
1478,14:17:36,9.8,0.0,10,9800,买盘
1479,14:17:40,9.8,0.0,10,9800,买盘
1480,14:17:42,9.8,0.0,30,29400,买盘
1481,14:17:46,9.8,0.0,1,980,买盘
1482,14:17:49,9.8,0.0,22,22050,买盘
1483,14:17:52,9.8,0.0,36,34790,卖盘
1484,14:17:55,9.8,0.0,64,62720,买盘
1485,14:17:58,9.81,0.01,28,27958,卖盘
1486,14:18:00,9.82,0.01,32,31395,买盘
1487,14:18:04,9.84,0.02,40,39286,买盘
1488,14:18:07,9.84,0.0,59,58026,买盘
1489,14:18:09,9.84,0.0,41,40344,买盘
1490,14:18:13,9.85,0.01,11,10825,买盘
1491,14:18:19,9.85,0.0,34,33478,买盘
1492,14:18:22,9.85,0.0,37,36445,买盘
1493,14:18:24,9.86,0.01,10,9860,买盘
1494,14:18:28,9.86,0.0,30,29580,买盘
1495,14:18:30,9.85,-0.01,31,30555,卖盘
1496,14:18:33,9.87,0.02,24,23668,买盘
1497,14:18:36,9.87,0.0,33,32548,买盘
1498,14:18:39,9.87,0.0,23,22701,买盘
1499,14:18:43,9.89,0.02,84,82865,买盘
1500,14:18:46,9.88,-0.01,16,15823,中性盘
1501,14:18:49,9.9,0.02,30,29669,买盘
1502,14:18:52,9.83,-0.07,12,11796,卖盘
1503,14:18:55,9.83,0.0,12,11854,卖盘
1504,14:18:58,9.86,0.03,18,17748,卖盘
1505,14:19:04,9.88,0.02,4,3942,买盘
1506,14:19:10,9.83,-0.05,1,983,卖盘
1507,14:19:13,9.83,0.0,1,983,卖盘
1508,14:19:15,9.83,0.0,11,10863,卖盘
1509,14:19:19,9.88,0.05,2,1972,买盘
1510,14:19:22,9.88,0.0,5,4935,买盘
1511,14:19:25,9.84,-0.04,1,984,卖盘
1512,14:19:27,9.84,0.0,2,1968,卖盘
1513,14:19:30,9.85,0.01,10,9843,中性盘
1514,14:19:33,9.84,-0.01,101,99294,卖盘
1515,14:19:37,9.86,0.02,33,32526,中性盘
1516,14:19:40,9.83,-0.03,17,16717,卖盘
1517,14:19:43,9.82,-0.01,1,982,卖盘
1518,14:19:46,9.82,0.0,1,982,卖盘
1519,14:19:49,9.82,0.0,13,12766,卖盘
1520,14:19:51,9.82,0.0,9,8838,买盘
1521,14:20:04,9.82,0.0,14,13748,买盘
1522,14:20:07,9.82,0.0,2,1964,买盘
1523,14:20:13,9.79,-0.03,12,11748,卖盘
1524,14:20:16,9.82,0.03,2,1964,买盘
1525,14:20:22,9.8,-0.02,7,6860,卖盘
1526,14:20:31,9.81,0.01,12,11772,买盘
1527,14:20:33,9.82,0.01,1,982,买盘
1528,14:20:36,9.82,0.0,12,11784,买盘
1529,14:20:43,9.8,-0.02,11,10780,卖盘
1530,14:20:46,9.8,0.0,2,1960,买盘
1531,14:20:49,9.82,0.02,2,1964,买盘
1532,14:20:55,9.81,-0.01,1,981,卖盘
1533,14:20:58,9.81,0.0,11,10791,卖盘
1534,14:21:01,9.82,0.01,25,24548,买盘
1535,14:21:04,9.82,0.0,31,30431,买盘
1536,14:21:10,9.81,-0.01,1,981,卖盘
1537,14:21:19,9.82,0.01,2,1964,买盘
1538,14:21:21,9.82,0.0,7,6874,买盘
1539,14:21:24,9.82,0.0,1,982,卖盘
1540,14:21:28,9.81,-0.01,6,5890,卖盘
1541,14:21:31,9.83,0.02,1,983,买盘
1542,14:21:34,9.83,0.0,1,983,买盘
1543,14:21:40,9.83,0.0,75,73694,买盘
1544,14:21:43,9.81,-0.02,38,37344,卖盘
1545,14:21:45,9.86,0.05,52,51218,买盘
1546,14:21:49,9.86,0.0,2,1972,买盘
1547,14:21:55,9.83,-0.03,3,2949,卖盘
1548,14:21:58,9.86,0.03,67,66003,买盘
1549,14:22:01,9.86,0.0,58,57188,卖盘
1550,14:22:04,9.84,-0.02,2,1968,买盘
1551,14:22:07,9.81,-0.03,64,62990,卖盘
1552,14:22:10,9.86,0.05,115,113288,买盘
1553,14:22:13,9.87,0.01,33,32566,买盘
1554,14:22:19,9.86,-0.01,9,8874,卖盘
1555,14:22:22,9.87,0.01,51,50311,买盘
1556,14:22:24,9.87,0.0,31,30597,卖盘
1557,14:22:28,9.87,0.0,21,20727,卖盘
1558,14:22:31,9.86,-0.01,117,115523,卖盘
1559,14:22:34,9.87,0.01,41,40467,买盘
1560,14:22:37,9.88,0.01,34,33569,买盘
1561,14:22:40,9.88,0.0,36,35568,买盘
1562,14:22:42,9.88,0.0,11,10868,卖盘
1563,14:22:45,9.88,0.0,49,48412,卖盘
1564,14:22:49,9.88,0.0,59,58317,卖盘
1565,14:22:52,9.88,0.0,21,20748,卖盘
1566,14:22:55,9.89,0.01,43,42512,买盘
1567,14:22:58,9.89,0.0,4,3956,卖盘
1568,14:23:01,9.88,-0.01,17,16803,卖盘
1569,14:23:04,9.88,0.0,33,32616,卖盘
1570,14:23:07,9.9,0.02,70,69298,买盘
1571,14:23:13,9.89,-0.01,52,51378,买盘
1572,14:23:16,9.9,0.01,11,10880,买盘
1573,14:23:22,9.89,-0.01,16,15824,卖盘
1574,14:23:25,9.82,-0.07,98,96706,卖盘
1575,14:23:28,9.86,0.04,5,4930,买盘
1576,14:23:34,9.9,0.04,141,139074,买盘
1577,14:23:40,9.86,-0.04,6,5916,卖盘
1578,14:23:42,9.89,0.03,12,11868,买盘
1579,14:23:46,9.89,0.0,12,11868,卖盘
1580,14:23:49,9.86,-0.03,33,32543,卖盘
1581,14:23:58,9.84,-0.02,10,9840,卖盘
1582,14:24:04,9.86,0.02,10,9848,买盘
1583,14:24:09,9.86,0.0,7,6901,买盘
1584,14:24:13,9.86,0.0,5,4930,买盘
1585,14:24:16,9.86,0.0,55,54230,买盘
1586,14:24:22,9.85,-0.01,22,21674,卖盘
1587,14:24:31,9.86,0.01,5,4930,卖盘
1588,14:24:34,9.88,0.02,2,1976,买盘
1589,14:24:40,9.86,-0.02,12,11832,卖盘
1590,14:24:43,9.89,0.03,32,31639,买盘
1591,14:24:46,9.89,0.0,3,2966,买盘
1592,14:24:49,9.89,0.0,10,9890,买盘
1593,14:24:51,9.89,0.0,7,6923,买盘
1594,14:25:01,9.89,0.0,2,1978,买盘
1595,14:25:07,9.89,0.0,48,47462,买盘
1596,14:25:10,9.89,0.0,21,20769,卖盘
1597,14:25:13,9.89,0.0,10,9890,卖盘
1598,14:25:16,9.89,0.0,15,14835,卖盘
1599,14:25:19,9.9,0.01,23,22770,买盘
1600,14:25:25,9.89,-0.01,10,9890,卖盘
1601,14:25:27,9.89,0.0,8,7912,卖盘
1602,14:25:31,9.89,0.0,36,35609,卖盘
1603,14:25:33,9.89,0.0,2,1978,买盘
1604,14:25:46,9.9,0.01,101,99951,买盘
1605,14:25:49,9.89,-0.01,40,39588,买盘
1606,14:25:52,9.89,0.0,12,11870,卖盘
1607,14:25:55,9.89,0.0,5,4945,卖盘
1608,14:26:01,9.9,0.01,22,21780,买盘
1609,14:26:04,9.89,-0.01,16,15825,卖盘
1610,14:26:06,9.89,0.0,5,4945,卖盘
1611,14:26:12,9.89,0.0,50,49450,卖盘
1612,14:26:18,9.9,0.01,2,1980,买盘
1613,14:26:21,9.9,0.0,53,52439,买盘
1614,14:26:24,9.89,-0.01,15,14835,卖盘
1615,14:26:31,9.9,0.01,2,1980,买盘
1616,14:26:40,9.9,0.0,2,1980,买盘
1617,14:26:43,9.86,-0.04,305,301010,卖盘
1618,14:26:46,9.89,0.03,15,14793,买盘
1619,14:26:48,9.9,0.01,77,76220,买盘
1620,14:26:52,9.9,0.0,29,28695,买盘
1621,14:26:54,9.9,0.0,42,41283,买盘
1622,14:26:57,9.89,-0.01,30,29673,卖盘
1623,14:27:04,9.9,0.01,9,8913,买盘
1624,14:27:07,9.89,-0.01,6,5934,卖盘
1625,14:27:10,9.86,-0.03,96,95055,卖盘
1626,14:27:12,9.86,0.0,37,36482,买盘
1627,14:27:18,9.86,0.0,317,312230,买盘
1628,14:27:25,9.86,0.0,7,6901,买盘
1629,14:27:28,9.86,0.0,162,159436,买盘
1630,14:27:33,9.9,0.04,2,1980,买盘
1631,14:27:36,9.84,-0.06,300,295453,卖盘
1632,14:27:39,9.89,0.05,15,14835,中性盘
1633,14:27:43,9.89,0.0,14,13846,中性盘
1634,14:27:46,9.89,0.0,2,1978,买盘
1635,14:28:04,9.88,-0.01,7,6914,买盘
1636,14:28:07,9.85,-0.03,6,5914,卖盘
1637,14:28:10,9.86,0.01,10,9860,中性盘
1638,14:28:13,9.88,0.02,22,21722,买盘
1639,14:28:16,9.88,0.0,2,1976,买盘
1640,14:28:25,9.85,-0.03,12,11820,卖盘
1641,14:28:28,9.88,0.03,7,6916,买盘
1642,14:28:34,9.88,0.0,2,1976,买盘
1643,14:28:43,9.88,0.0,53,52364,买盘
1644,14:28:48,9.88,0.0,10,9880,买盘
1645,14:28:52,9.87,-0.01,26,25666,卖盘
1646,14:29:01,9.86,-0.01,92,90713,卖盘
1647,14:29:04,9.86,0.0,36,35496,买盘
1648,14:29:10,9.86,0.0,72,70992,买盘
1649,14:29:13,9.85,-0.01,27,26595,卖盘
1650,14:29:19,9.86,0.01,12,11830,买盘
1651,14:29:25,9.85,-0.01,20,19700,卖盘
1652,14:29:27,9.86,0.01,24,23663,买盘
1653,14:29:34,9.86,0.0,2,1972,买盘
1654,14:29:40,9.86,0.0,7,6902,买盘
1655,14:29:42,9.86,0.0,5,4930,买盘
1656,14:29:49,9.86,0.0,1,986,买盘
1657,14:29:51,9.82,-0.04,507,498456,卖盘
1658,14:29:55,9.85,0.03,15,14775,中性盘
1659,14:29:58,9.86,0.01,61,60131,买盘
1660,14:30:04,9.82,-0.04,5,4916,卖盘
1661,14:30:19,9.83,0.01,6,5898,卖盘
1662,14:30:22,9.85,0.02,2,1970,买盘
1663,14:30:36,9.84,-0.01,2,1968,买盘
1664,14:30:42,9.83,-0.01,15,14745,卖盘
1665,14:30:46,9.84,0.01,55,54105,买盘
1666,14:30:49,9.84,0.0,3,2952,卖盘
1667,14:30:52,9.84,0.0,9,8856,买盘
1668,14:30:58,9.84,0.0,29,28536,买盘
1669,14:31:00,9.85,0.01,2,1970,买盘
1670,14:31:10,9.83,-0.02,167,164278,卖盘
1671,14:31:13,9.83,0.0,42,41286,买盘
1672,14:31:22,9.83,0.0,2,1966,买盘
1673,14:31:25,9.83,0.0,70,68810,买盘
1674,14:31:28,9.83,0.0,6,5898,买盘
1675,14:31:31,9.83,0.0,45,44220,买盘
1676,14:31:34,9.82,-0.01,39,38322,卖盘
1677,14:31:39,9.83,0.01,11,10812,买盘
1678,14:31:43,9.83,0.0,4,3932,买盘
1679,14:31:48,9.83,0.0,1,983,买盘
1680,14:31:52,9.83,0.0,37,36371,买盘
1681,14:31:55,9.83,0.0,30,29490,买盘
1682,14:31:58,9.83,0.0,5,4915,卖盘
1683,14:32:01,9.84,0.01,2,1968,买盘
1684,14:32:04,9.85,0.01,2,1970,买盘
1685,14:32:10,9.84,-0.01,10,9840,卖盘
1686,14:32:15,9.84,0.0,9,8856,卖盘
1687,14:32:18,9.85,0.01,26,25603,买盘
1688,14:32:25,9.83,-0.02,12,11801,卖盘
1689,14:32:34,9.85,0.02,1,985,买盘
1690,14:32:39,9.85,0.0,9,8865,买盘
1691,14:32:43,9.83,-0.02,9,8863,卖盘
1692,14:32:46,9.83,0.0,3,2949,卖盘
1693,14:32:48,9.84,0.01,5,4922,中性盘
1694,14:32:52,9.85,0.01,13,12800,买盘
1695,14:32:55,9.85,0.0,12,11820,卖盘
1696,14:33:01,9.85,0.0,12,11820,卖盘
1697,14:33:04,9.85,0.0,219,215715,卖盘
1698,14:33:07,9.85,0.0,143,140854,买盘
1699,14:33:13,9.83,-0.02,397,390253,卖盘
1700,14:33:16,9.83,0.0,32,31456,买盘
1701,14:33:18,9.83,0.0,74,72742,买盘
1702,14:33:27,9.83,0.0,52,51131,卖盘
1703,14:33:31,9.85,0.02,23,22655,买盘
1704,14:33:34,9.85,0.0,21,20685,买盘
1705,14:33:40,9.85,0.0,82,80770,买盘
1706,14:33:43,9.83,-0.02,15,14745,卖盘
1707,14:33:46,9.85,0.02,39,38415,买盘
1708,14:33:49,9.85,0.0,36,35477,买盘
1709,14:33:55,9.85,0.0,1,985,卖盘
1710,14:33:58,9.86,0.01,23,22663,买盘
1711,14:34:04,9.88,0.02,2,1976,买盘
1712,14:34:10,9.86,-0.02,174,171726,卖盘
1713,14:34:12,9.88,0.02,12,11838,买盘
1714,14:34:15,9.88,0.0,69,68199,卖盘
1715,14:34:18,9.89,0.01,100,98827,买盘
1716,14:34:21,9.89,0.0,27,26703,买盘
1717,14:34:25,9.89,0.0,19,18746,买盘
1718,14:34:28,9.89,0.0,8,7909,买盘
1719,14:34:30,9.89,0.0,67,66263,买盘
1720,14:34:33,9.89,0.0,8,7912,买盘
1721,14:34:37,9.89,0.0,27,26703,卖盘
1722,14:34:40,9.89,0.0,1209,1196889,买盘
1723,14:34:43,9.89,0.0,15,14835,卖盘
1724,14:34:46,9.9,0.01,96,95040,买盘
1725,14:34:48,9.9,0.0,211,208878,买盘
1726,14:34:51,9.9,0.0,32,32175,买盘
1727,14:34:54,9.9,0.0,14,13860,卖盘
1728,14:34:57,9.91,0.01,102,101082,买盘
1729,14:35:04,9.91,0.0,37,36688,卖盘
1730,14:35:10,9.92,0.01,83,82336,买盘
1731,14:35:13,9.92,0.0,22,21824,买盘
1732,14:35:16,9.92,0.0,5,4960,买盘
1733,14:35:19,9.93,0.01,28,27777,买盘
1734,14:35:21,9.93,0.0,22,21846,买盘
1735,14:35:25,9.93,0.0,52,51602,买盘
1736,14:35:31,9.92,-0.01,20,19840,卖盘
1737,14:35:34,9.93,0.01,43,42689,买盘
1738,14:35:36,9.9,-0.03,171,169016,卖盘
1739,14:35:40,9.9,0.0,22,21780,买盘
1740,14:35:43,9.86,-0.04,20,19720,卖盘
1741,14:35:46,9.9,0.04,39,38610,买盘
1742,14:35:49,9.9,0.0,2,1980,买盘
1743,14:35:52,9.9,0.0,92,91575,买盘
1744,14:35:55,9.9,0.0,2,1980,卖盘
1745,14:35:57,9.93,0.03,31,30759,买盘
1746,14:36:04,9.93,0.0,2,1986,买盘
1747,14:36:07,9.93,0.0,10,9930,买盘
1748,14:36:10,9.94,0.01,46,45721,买盘
1749,14:36:15,9.91,-0.03,15,14865,卖盘
1750,14:36:19,9.93,0.02,14,13889,买盘
1751,14:36:22,9.92,-0.01,15,14880,卖盘
1752,14:36:28,9.91,-0.01,54,53566,卖盘
1753,14:36:30,9.9,-0.01,465,459956,卖盘
1754,14:36:37,9.9,0.0,35,35145,买盘
1755,14:36:39,9.93,0.03,23,22839,买盘
1756,14:36:49,9.9,-0.03,7,6435,卖盘
1757,14:36:52,9.9,0.0,27,26730,买盘
1758,14:36:58,9.9,0.0,35,34620,买盘
1759,14:37:01,9.87,-0.03,165,162920,卖盘
1760,14:37:04,9.87,0.0,2,1974,买盘
1761,14:37:07,9.87,0.0,38,37489,买盘
1762,14:37:19,9.87,0.0,24,23665,买盘
1763,14:37:22,9.85,-0.02,30,29570,卖盘
1764,14:37:25,9.87,0.02,11,10857,买盘
1765,14:37:31,9.87,0.0,11,10855,买盘
1766,14:37:34,9.87,0.0,33,32571,买盘
1767,14:37:36,9.87,0.0,58,57180,买盘
1768,14:37:39,9.85,-0.02,5,4925,买盘
1769,14:37:42,9.85,0.0,22,21670,买盘
1770,14:37:46,9.85,0.0,20,19700,买盘
1771,14:37:49,9.87,0.02,2,1974,买盘
1772,14:38:01,9.85,-0.02,4,3940,卖盘
1773,14:38:04,9.87,0.02,23,22701,买盘
1774,14:38:06,9.85,-0.02,22,21674,卖盘
1775,14:38:12,9.85,0.0,3,2955,买盘
1776,14:38:16,9.85,0.0,31,30520,买盘
1777,14:38:18,9.84,-0.01,18,17714,卖盘
1778,14:38:31,9.85,0.01,2,1970,买盘
1779,14:38:34,9.85,0.0,24,23640,买盘
1780,14:38:46,9.84,-0.01,12,11808,卖盘
1781,14:38:48,9.85,0.01,8,7880,买盘
1782,14:38:52,9.87,0.02,2,1974,买盘
1783,14:38:58,9.84,-0.03,9,8858,卖盘
1784,14:39:01,9.87,0.03,37,36489,买盘
1785,14:39:04,9.87,0.0,1,987,买盘
1786,14:39:15,9.87,0.0,16,15792,买盘
1787,14:39:18,9.85,-0.02,13,12805,卖盘
1788,14:39:22,9.87,0.02,2,1974,买盘
1789,14:39:28,9.87,0.0,22,21714,买盘
1790,14:39:31,9.87,0.0,20,19740,买盘
1791,14:39:43,9.86,-0.01,12,11832,卖盘
1792,14:39:46,9.87,0.01,2,1974,买盘
1793,14:39:52,9.86,-0.01,23,22698,卖盘
1794,14:39:55,9.89,0.03,22,21754,买盘
1795,14:40:15,9.87,-0.02,4,3948,卖盘
1796,14:40:21,9.87,0.0,12,11844,卖盘
1797,14:40:25,9.87,0.0,65,64199,卖盘
1798,14:40:31,9.89,0.02,7,6923,买盘
1799,14:40:40,9.88,-0.01,15,14820,卖盘
1800,14:40:46,9.87,-0.01,67,66146,卖盘
1801,14:40:52,9.86,-0.01,17,16762,卖盘
1802,14:40:55,9.86,0.0,67,66033,卖盘
1803,14:41:04,9.85,-0.01,12,11820,卖盘
1804,14:41:06,9.85,0.0,17,16745,卖盘
1805,14:41:24,9.85,0.0,48,47266,买盘
1806,14:41:28,9.84,-0.01,14,13776,卖盘
1807,14:41:34,9.84,0.0,22,21648,卖盘
1808,14:41:37,9.84,0.0,15,14081,卖盘
1809,14:41:46,9.83,-0.01,1,1661,卖盘
1810,14:41:49,9.83,0.0,65,63895,卖盘
1811,14:41:52,9.82,-0.01,167,163481,卖盘
1812,14:42:04,9.82,0.0,61,59902,卖盘
1813,14:42:10,9.82,0.0,31,30430,买盘
1814,14:42:13,9.81,-0.01,8,7848,卖盘
1815,14:42:19,9.81,0.0,37,36297,卖盘
1816,14:42:22,9.8,-0.01,40,39224,卖盘
1817,14:42:25,9.81,0.01,51,49990,买盘
1818,14:42:34,9.8,-0.01,2,1960,卖盘
1819,14:42:37,9.81,0.01,5,4905,买盘
1820,14:42:39,9.8,-0.01,25,24510,卖盘
1821,14:42:43,9.81,0.01,14,13734,买盘
1822,14:42:49,9.8,-0.01,27,26460,卖盘
1823,14:42:51,9.8,0.0,39,38244,卖盘
1824,14:43:04,9.8,0.0,35,34300,卖盘
1825,14:43:06,9.8,0.0,6,5880,卖盘
1826,14:43:12,9.79,-0.01,47,46017,卖盘
1827,14:43:15,9.8,0.01,1,980,买盘
1828,14:43:19,9.8,0.0,36,35264,买盘
1829,14:43:22,9.78,-0.02,30,29363,卖盘
1830,14:43:28,9.78,0.0,43,42054,卖盘
1831,14:43:34,9.78,0.0,31,30318,卖盘
1832,14:43:37,9.79,0.01,20,19580,买盘
1833,14:43:43,9.78,-0.01,15,14670,卖盘
1834,14:43:45,9.79,0.01,2,1958,买盘
1835,14:43:49,9.79,0.0,32,31328,买盘
1836,14:43:52,9.78,-0.01,46,45018,卖盘
1837,14:43:55,9.78,0.0,60,58695,卖盘
1838,14:44:01,9.79,0.01,3,2937,买盘
1839,14:44:04,9.78,-0.01,1,978,卖盘
1840,14:44:07,9.79,0.01,3,2937,买盘
1841,14:44:09,9.79,0.0,10,9790,买盘
1842,14:44:13,9.78,-0.01,43,42076,卖盘
1843,14:44:22,9.77,-0.01,65,63555,卖盘
1844,14:44:28,9.78,0.01,10,9780,买盘
1845,14:44:31,9.78,0.0,1,978,买盘
1846,14:44:33,9.77,-0.01,25,24445,卖盘
1847,14:44:36,9.77,0.0,8,7816,卖盘
1848,14:44:39,9.78,0.01,7,6846,买盘
1849,14:44:42,9.8,0.02,48,46936,买盘
1850,14:44:45,9.8,0.0,5,4900,买盘
1851,14:44:49,9.81,0.01,38,37170,买盘
1852,14:44:55,9.78,-0.03,19,18633,买盘
1853,14:45:10,9.78,0.0,12,11736,卖盘
1854,14:45:13,9.79,0.01,28,27404,买盘
1855,14:45:31,9.78,-0.01,36,35230,卖盘
1856,14:45:37,9.82,0.04,6,5892,买盘
1857,14:45:40,9.78,-0.04,35,34296,卖盘
1858,14:45:49,9.8,0.02,23,22540,卖盘
1859,14:46:04,9.81,0.01,40,39218,买盘
1860,14:46:07,9.81,0.0,22,21582,买盘
1861,14:46:10,9.81,0.0,17,16677,中性盘
1862,14:46:25,9.81,0.0,16,15696,卖盘
1863,14:46:36,9.81,0.0,36,35321,卖盘
1864,14:46:40,9.8,-0.01,49,48079,卖盘
1865,14:46:54,9.82,0.02,14,13748,买盘
1866,14:47:04,9.82,0.0,13,12766,买盘
1867,14:47:06,9.83,0.01,23,22598,买盘
1868,14:47:10,9.81,-0.02,6,5886,卖盘
1869,14:47:16,9.81,0.0,6,5887,卖盘
1870,14:47:22,9.8,-0.01,300,294286,卖盘
1871,14:47:34,9.83,0.03,20,19660,买盘
1872,14:47:37,9.83,0.0,24,23592,买盘
1873,14:47:40,9.8,-0.03,10,9800,卖盘
1874,14:47:52,9.8,0.0,7,6866,卖盘
1875,14:47:55,9.83,0.03,3,2949,买盘
1876,14:48:12,9.83,0.0,96,94350,买盘
1877,14:48:19,9.82,-0.01,1,982,中性盘
1878,14:48:22,9.82,0.0,18,17676,买盘
1879,14:48:27,9.82,0.0,1,982,买盘
1880,14:48:37,9.82,0.0,1,982,买盘
1881,14:48:40,9.82,0.0,8,7856,买盘
1882,14:48:46,9.82,0.0,58,56956,买盘
1883,14:48:52,9.82,0.0,15,14730,卖盘
1884,14:49:10,9.8,-0.02,158,154900,卖盘
1885,14:49:16,9.79,-0.01,44,43076,卖盘
1886,14:49:21,9.8,0.01,3,2940,买盘
1887,14:49:28,9.79,-0.01,52,50908,卖盘
1888,14:49:40,9.79,0.0,5,4895,卖盘
1889,14:49:49,9.79,0.0,37,36223,卖盘
1890,14:49:55,9.79,0.0,1,979,卖盘
1891,14:49:58,9.79,0.0,13,12734,卖盘
1892,14:50:07,9.8,0.01,3,2940,买盘
1893,14:50:10,9.79,-0.01,3,3613,卖盘
1894,14:50:13,9.79,0.0,37,36250,卖盘
1895,14:50:16,9.79,0.0,16,15664,卖盘
1896,14:50:19,9.79,0.0,17,16643,卖盘
1897,14:50:22,9.79,0.0,18,17622,卖盘
1898,14:50:25,9.8,0.01,23,22540,买盘
1899,14:50:27,9.8,0.0,2,1960,买盘
1900,14:50:30,9.79,-0.01,14,13710,卖盘
1901,14:50:33,9.79,0.0,59,57789,卖盘
1902,14:50:36,9.79,0.0,17,16643,卖盘
1903,14:50:49,9.79,0.0,19,18601,卖盘
1904,14:50:52,9.79,0.0,70,68530,卖盘
1905,14:50:55,9.79,0.0,2,1958,卖盘
1906,14:50:58,9.79,0.0,16,15664,卖盘
1907,14:51:04,9.8,0.01,36,35246,买盘
1908,14:51:12,9.79,-0.01,16,14993,卖盘
1909,14:51:19,9.79,0.0,29,29067,买盘
1910,14:51:22,9.79,0.0,35,34265,卖盘
1911,14:51:28,9.79,0.0,300,293700,卖盘
1912,14:51:31,9.8,0.01,2,1960,买盘
1913,14:51:34,9.79,-0.01,16,15664,卖盘
1914,14:51:40,9.8,0.01,24,23504,买盘
1915,14:51:43,9.8,0.0,10,9800,买盘
1916,14:51:48,9.79,-0.01,1,979,卖盘
1917,14:51:57,9.79,0.0,62,60034,卖盘
1918,14:52:00,9.79,0.0,1,979,买盘
1919,14:52:04,9.79,0.0,3,2937,买盘
1920,14:52:12,9.78,-0.01,11,10758,卖盘
1921,14:52:16,9.79,0.01,12,11748,买盘
1922,14:52:19,9.79,0.0,29,28389,买盘
1923,14:52:24,9.79,0.0,10,9790,买盘
1924,14:52:36,9.79,0.0,4,3915,买盘
1925,14:52:43,9.78,-0.01,60,58723,卖盘
1926,14:52:49,9.79,0.01,10,9790,买盘
1927,14:53:07,9.78,-0.01,7,6846,卖盘
1928,14:53:13,9.79,0.01,55,54467,买盘
1929,14:53:16,9.79,0.0,5,4895,买盘
1930,14:53:19,9.79,0.0,27,26433,买盘
1931,14:53:22,9.79,0.0,26,25438,买盘
1932,14:53:25,9.79,0.0,23,21832,买盘
1933,14:53:28,9.79,0.0,10,10477,卖盘
1934,14:53:37,9.78,-0.01,11,10763,卖盘
1935,14:53:43,9.78,0.0,12,11736,卖盘
1936,14:53:49,9.79,0.01,16,15664,买盘
1937,14:53:52,9.78,-0.01,10,9780,卖盘
1938,14:54:01,9.78,0.0,72,69781,卖盘
1939,14:54:10,9.79,0.01,15,14685,卖盘
1940,14:54:16,9.8,0.01,13,12740,买盘
1941,14:54:19,9.8,0.0,4,3920,买盘
1942,14:54:25,9.79,-0.01,8,7839,卖盘
1943,14:54:28,9.8,0.01,2,1960,买盘
1944,14:54:30,9.8,0.0,66,64614,买盘
1945,14:54:42,9.8,0.0,13,12740,买盘
1946,14:54:45,9.8,0.0,50,49000,买盘
1947,14:54:55,9.8,0.0,94,91924,买盘
1948,14:55:13,9.81,0.01,31,30411,买盘
1949,14:55:19,9.81,0.0,1,981,买盘
1950,14:55:24,9.81,0.0,2,1962,卖盘
1951,14:55:30,9.81,0.0,1,981,卖盘
1952,14:55:34,9.81,0.0,20,19620,卖盘
1953,14:55:40,9.83,0.02,35,34373,买盘
1954,14:55:48,9.83,0.0,63,61929,买盘
1955,14:56:04,9.83,0.0,21,20643,买盘
1956,14:56:06,9.81,-0.02,6,5886,卖盘
1957,14:56:10,9.81,0.0,6,6278,卖盘
1958,14:56:22,9.83,0.02,10,9830,买盘
1959,14:56:37,9.81,-0.02,12,11778,卖盘
1960,14:56:43,9.8,-0.01,154,150780,卖盘
1961,14:56:46,9.79,-0.01,5,4895,卖盘
1962,14:57:00,9.8,0.01,10,9800,买盘
1963,15:00:04,9.77,-0.03,1403,1370741,卖盘
