,time,price,change,volume,amount,type
0,09:25:04,2.01,0.0,81,16281,卖盘
1,09:30:04,2.01,0.0,431,86357,买盘
2,09:30:06,2.01,0.0,16,3216,买盘
3,09:30:15,2.0,-0.01,1,200,卖盘
4,09:30:24,2.0,0.0,55,11000,卖盘
5,09:30:42,2.0,0.0,81,16200,卖盘
6,09:30:45,2.0,0.0,2,400,卖盘
7,09:30:48,2.0,0.0,27,5400,卖盘
8,09:31:09,2.0,0.0,37,7400,卖盘
9,09:31:16,2.0,0.0,1,200,卖盘
10,09:31:18,2.01,0.01,17,3417,买盘
11,09:31:33,2.01,0.0,6,1206,买盘
12,09:31:36,2.01,0.0,693,139293,买盘
13,09:31:39,2.01,0.0,5,1004,买盘
14,09:31:42,2.01,0.0,10,2010,买盘
15,09:31:46,2.01,0.0,20,4020,买盘
16,09:31:49,2.01,0.0,2,402,买盘
17,09:31:51,2.01,0.0,2,402,买盘
18,09:31:54,2.01,0.0,322,64722,买盘
19,09:31:57,2.01,0.0,26,5226,买盘
20,09:32:00,2.01,0.0,36,7236,买盘
21,09:32:04,2.01,0.0,152,30552,买盘
22,09:32:09,2.01,0.0,8,1608,卖盘
23,09:32:15,2.01,0.0,60,12060,卖盘
24,09:32:18,2.01,0.0,16,3216,卖盘
25,09:32:24,2.01,0.0,7,1407,卖盘
26,09:32:30,2.01,0.0,40,8040,卖盘
27,09:32:37,2.01,0.0,21,4241,卖盘
28,09:32:39,2.02,0.01,10,2020,买盘
29,09:32:42,2.02,0.0,45,9090,买盘
30,09:32:45,2.01,-0.01,56,11256,卖盘
31,09:32:51,2.02,0.01,1382,279164,买盘
32,09:33:12,2.03,0.01,2101,426503,买盘
33,09:33:15,2.03,0.0,20,4060,卖盘
34,09:33:19,2.03,0.0,1,203,卖盘
35,09:33:24,2.03,0.0,1081,219443,卖盘
36,09:33:27,2.03,0.0,59,11977,卖盘
37,09:33:30,2.03,0.0,361,73283,卖盘
38,09:33:33,2.03,0.0,116,23548,卖盘
39,09:33:36,2.03,0.0,347,70441,卖盘
40,09:33:40,2.03,0.0,133,26999,卖盘
41,09:33:46,2.03,0.0,100,20300,卖盘
42,09:33:51,2.03,0.0,2,406,卖盘
43,09:33:54,2.03,0.0,75,15225,卖盘
44,09:33:57,2.03,0.0,1,203,卖盘
45,09:34:00,2.04,0.01,11,2243,买盘
46,09:34:03,2.03,-0.01,148,30044,卖盘
47,09:34:09,2.03,0.0,31,6293,卖盘
48,09:34:12,2.03,0.0,67,13601,卖盘
49,09:34:15,2.03,0.0,28,5684,卖盘
50,09:34:18,2.03,0.0,9,1827,卖盘
51,09:34:22,2.04,0.01,36,7329,买盘
52,09:34:24,2.03,-0.01,654,132762,卖盘
53,09:34:33,2.03,0.0,795,161377,买盘
54,09:34:39,2.03,0.0,237,48111,卖盘
55,09:34:42,2.03,0.0,8,1624,卖盘
56,09:34:45,2.03,0.0,30,6090,卖盘
57,09:34:49,2.04,0.01,5431,1102566,买盘
58,09:34:51,2.03,-0.01,8,1624,卖盘
59,09:35:00,2.04,0.01,202,41208,买盘
60,09:35:04,2.03,-0.01,139,28217,卖盘
61,09:35:18,2.03,0.0,770,156310,卖盘
62,09:35:27,2.04,0.01,9,1836,买盘
63,09:35:31,2.03,-0.01,1,203,卖盘
64,09:35:39,2.03,0.0,7,1421,卖盘
65,09:35:42,2.04,0.01,94,19119,买盘
66,09:35:45,2.03,-0.01,51,10353,卖盘
67,09:35:48,2.04,0.01,11,2244,买盘
68,09:35:52,2.04,0.0,20,4080,买盘
69,09:36:06,2.04,0.0,22,4488,买盘
70,09:36:15,2.03,-0.01,1,203,卖盘
71,09:36:21,2.04,0.01,74,15096,买盘
72,09:36:24,2.03,-0.01,163,33162,卖盘
73,09:36:33,2.03,0.0,21,4263,卖盘
74,09:36:36,2.03,0.0,2,406,卖盘
75,09:36:39,2.03,0.0,4,812,卖盘
76,09:36:42,2.03,0.0,1000,203000,卖盘
77,09:36:49,2.03,0.0,1567,318601,卖盘
78,09:36:51,2.04,0.01,18,3672,买盘
79,09:36:54,2.03,-0.01,29,5887,卖盘
80,09:36:57,2.03,0.0,79,16037,卖盘
81,09:37:00,2.03,0.0,40,8120,卖盘
82,09:37:06,2.03,0.0,396,80388,卖盘
83,09:37:12,2.02,-0.01,1,202,卖盘
84,09:37:33,2.03,0.01,30,6090,买盘
85,09:37:45,2.02,-0.01,1,202,卖盘
86,09:37:54,2.03,0.01,20,4060,买盘
87,09:38:09,2.02,-0.01,2,404,卖盘
88,09:38:48,2.02,0.0,1,202,卖盘
89,09:39:10,2.02,0.0,2,404,卖盘
90,09:39:48,2.03,0.01,2,405,买盘
91,09:39:51,2.02,-0.01,60,12170,卖盘
92,09:40:09,2.02,0.0,1,202,卖盘
93,09:40:12,2.03,0.01,83,16849,买盘
94,09:40:21,2.03,0.0,500,101500,买盘
95,09:40:31,2.02,-0.01,1,202,卖盘
96,09:40:39,2.02,0.0,2,404,卖盘
97,09:41:04,2.03,0.01,50,10150,买盘
98,09:41:06,2.03,0.0,800,162400,买盘
99,09:41:13,2.02,-0.01,11,2222,卖盘
100,09:41:16,2.02,0.0,3,606,卖盘
101,09:41:27,2.02,0.0,82,16564,卖盘
102,09:41:30,2.02,0.0,37,7474,卖盘
103,09:41:33,2.02,0.0,13,2626,卖盘
104,09:41:40,2.03,0.01,74,14967,买盘
105,09:41:45,2.03,0.0,11,2233,买盘
106,09:41:48,2.02,-0.01,6,1217,卖盘
107,09:41:51,2.03,0.01,22,4465,买盘
108,09:42:00,2.03,0.0,301,61102,买盘
109,09:42:04,2.03,0.0,10,2030,买盘
110,09:42:06,2.02,-0.01,1,202,卖盘
111,09:42:09,2.02,0.0,32,6464,卖盘
112,09:42:12,2.02,0.0,43,8686,卖盘
113,09:42:15,2.03,0.01,5,1015,买盘
114,09:42:21,2.02,-0.01,1,202,卖盘
115,09:42:36,2.02,0.0,2,404,卖盘
116,09:42:39,2.02,0.0,2,404,卖盘
117,09:42:45,2.02,0.0,1,202,卖盘
118,09:43:12,2.02,0.0,1,202,卖盘
119,09:43:15,2.02,0.0,2,404,卖盘
120,09:43:18,2.02,0.0,1,202,卖盘
121,09:43:36,2.02,0.0,2,404,卖盘
122,09:43:42,2.02,0.0,1,202,卖盘
123,09:43:46,2.03,0.01,100,20300,买盘
124,09:43:48,2.02,-0.01,5,1010,卖盘
125,09:43:52,2.03,0.01,144,29232,买盘
126,09:43:57,2.02,-0.01,4,808,卖盘
127,09:44:06,2.02,0.0,2,404,卖盘
128,09:44:09,2.02,0.0,2,404,卖盘
129,09:44:21,2.02,0.0,1,202,卖盘
130,09:44:27,2.02,0.0,1,202,卖盘
131,09:44:30,2.02,0.0,28,5656,卖盘
132,09:44:34,2.02,0.0,3,606,卖盘
133,09:44:42,2.02,0.0,9,1818,卖盘
134,09:44:45,2.02,0.0,10,2020,卖盘
135,09:44:51,2.03,0.01,6,1218,买盘
136,09:45:06,2.03,0.0,1,203,买盘
137,09:45:09,2.02,-0.01,688,139064,卖盘
138,09:45:15,2.02,0.0,2,404,卖盘
139,09:45:39,2.02,0.0,1,202,卖盘
140,09:45:43,2.03,0.01,9,1827,买盘
141,09:46:09,2.02,-0.01,1,202,卖盘
142,09:46:15,2.02,0.0,35,7070,卖盘
143,09:46:36,2.02,0.0,2,404,卖盘
144,09:46:48,2.02,0.0,7,1414,卖盘
145,09:46:51,2.02,0.0,50,10100,卖盘
146,09:46:54,2.02,0.0,1,202,卖盘
147,09:47:12,2.03,0.01,1,203,买盘
148,09:47:21,2.02,-0.01,1,202,卖盘
149,09:47:27,2.03,0.01,5,1015,买盘
150,09:47:51,2.02,-0.01,1,202,卖盘
151,09:48:00,2.03,0.01,1,203,买盘
152,09:48:07,2.02,-0.01,4,810,卖盘
153,09:48:09,2.03,0.01,2,406,买盘
154,09:48:12,2.02,-0.01,9,1818,卖盘
155,09:48:18,2.02,0.0,2,404,卖盘
156,09:48:27,2.03,0.01,11,2233,买盘
157,09:48:36,2.02,-0.01,21,4242,卖盘
158,09:48:39,2.02,0.0,1,202,卖盘
159,09:48:48,2.02,0.0,1,202,卖盘
160,09:48:51,2.02,0.0,50,10100,卖盘
161,09:48:57,2.02,0.0,21,4242,卖盘
162,09:49:01,2.02,0.0,55,11110,卖盘
163,09:49:15,2.02,0.0,1,202,卖盘
164,09:49:18,2.02,0.0,5,1010,卖盘
165,09:49:21,2.02,0.0,59,11918,卖盘
166,09:49:48,2.02,0.0,38,7676,卖盘
167,09:49:57,2.02,0.0,17,3434,卖盘
168,09:50:04,2.02,0.0,50,10100,卖盘
169,09:50:15,2.02,0.0,1,202,卖盘
170,09:50:18,2.02,0.0,1,202,卖盘
171,09:50:27,2.02,0.0,15,3030,卖盘
172,09:50:31,2.02,0.0,20,4040,卖盘
173,09:50:33,2.02,0.0,60,12120,卖盘
174,09:50:37,2.03,0.01,65,13145,买盘
175,09:50:39,2.03,0.0,25,5075,买盘
176,09:50:48,2.02,-0.01,51,10302,卖盘
177,09:51:12,2.02,0.0,2,404,卖盘
178,09:51:25,2.03,0.01,50,10150,买盘
179,09:51:36,2.03,0.0,160,32480,买盘
180,09:51:42,2.02,-0.01,1,202,卖盘
181,09:52:06,2.02,0.0,1,202,卖盘
182,09:52:24,2.02,0.0,7,1414,卖盘
183,09:52:39,2.02,0.0,2,404,卖盘
184,09:52:51,2.02,0.0,50,10100,卖盘
185,09:53:18,2.02,0.0,37,7474,卖盘
186,09:53:21,2.02,0.0,10,2020,卖盘
187,09:53:42,2.02,0.0,21,4242,卖盘
188,09:53:48,2.02,0.0,21,4242,卖盘
189,09:53:51,2.02,0.0,38,7676,卖盘
190,09:53:54,2.02,0.0,25,5050,卖盘
191,09:54:30,2.02,0.0,7,1414,卖盘
192,09:54:33,2.02,0.0,1,202,卖盘
193,09:54:36,2.02,0.0,1,202,卖盘
194,09:54:54,2.02,0.0,30,6060,卖盘
195,09:55:04,2.03,0.01,6,1218,买盘
196,09:55:06,2.02,-0.01,8,1616,卖盘
197,09:55:25,2.02,0.0,7,1414,卖盘
198,09:55:30,2.02,0.0,1,202,卖盘
199,09:55:54,2.02,0.0,1,202,卖盘
200,09:55:57,2.02,0.0,43,8686,卖盘
201,09:56:07,2.02,0.0,8,1616,卖盘
202,09:56:30,2.02,0.0,8,1616,卖盘
203,09:56:45,2.02,0.0,4,808,卖盘
204,09:56:57,2.02,0.0,81,16362,卖盘
205,09:57:00,2.02,0.0,5,1010,卖盘
206,09:57:04,2.02,0.0,11,2222,卖盘
207,09:57:06,2.02,0.0,7,1414,卖盘
208,09:57:15,2.02,0.0,21,4242,卖盘
209,09:57:21,2.02,0.0,1,202,卖盘
210,09:57:24,2.02,0.0,51,10302,卖盘
211,09:57:37,2.02,0.0,8,1616,卖盘
212,09:57:57,2.02,0.0,3,606,卖盘
213,09:58:00,2.02,0.0,3,606,卖盘
214,09:58:06,2.02,0.0,7,1414,卖盘
215,09:58:24,2.02,0.0,8,1616,卖盘
216,09:58:36,2.02,0.0,2,404,卖盘
217,09:58:39,2.02,0.0,50,10100,卖盘
218,09:58:55,2.02,0.0,8,1616,卖盘
219,09:58:57,2.02,0.0,1,202,卖盘
220,09:59:15,2.02,0.0,1,202,卖盘
221,09:59:24,2.02,0.0,7,1414,卖盘
222,09:59:42,2.02,0.0,11,2222,卖盘
223,09:59:54,2.02,0.0,8,1616,卖盘
224,10:00:24,2.02,0.0,7,1414,卖盘
225,10:00:31,2.02,0.0,1,202,卖盘
226,10:00:39,2.02,0.0,2,404,卖盘
227,10:00:54,2.02,0.0,8,1616,卖盘
228,10:01:09,2.02,0.0,26,5252,卖盘
229,10:01:12,2.02,0.0,28,5656,卖盘
230,10:01:25,2.02,0.0,18,3636,卖盘
231,10:01:28,2.02,0.0,45,9090,卖盘
232,10:01:30,2.02,0.0,50,10100,卖盘
233,10:01:33,2.02,0.0,1,202,卖盘
234,10:01:45,2.02,0.0,60,12120,卖盘
235,10:01:52,2.02,0.0,7,1414,卖盘
236,10:01:54,2.02,0.0,1,202,卖盘
237,10:02:06,2.02,0.0,32,6464,卖盘
238,10:02:18,2.02,0.0,1,202,卖盘
239,10:02:24,2.02,0.0,8,1616,卖盘
240,10:02:39,2.02,0.0,12,2424,卖盘
241,10:02:54,2.02,0.0,8,1616,卖盘
242,10:03:09,2.02,0.0,2,404,卖盘
243,10:03:24,2.02,0.0,2,404,卖盘
244,10:03:28,2.02,0.0,7,1414,卖盘
245,10:03:34,2.02,0.0,7,1414,卖盘
246,10:03:36,2.02,0.0,1,202,卖盘
247,10:03:39,2.02,0.0,45,9090,卖盘
248,10:03:48,2.02,0.0,8,1616,卖盘
249,10:03:52,2.02,0.0,50,10100,卖盘
250,10:04:04,2.02,0.0,9,1818,卖盘
251,10:04:06,2.02,0.0,20,4040,卖盘
252,10:04:22,2.02,0.0,7,1414,卖盘
253,10:04:24,2.02,0.0,81,16362,卖盘
254,10:04:27,2.02,0.0,20,4040,卖盘
255,10:04:33,2.02,0.0,27,5454,卖盘
256,10:04:36,2.02,0.0,9,1818,卖盘
257,10:04:39,2.02,0.0,65,13171,卖盘
258,10:04:48,2.03,0.01,10,2030,买盘
259,10:04:54,2.02,-0.01,11,2224,卖盘
260,10:05:00,2.02,0.0,2,404,卖盘
261,10:05:03,2.02,0.0,1,202,卖盘
262,10:05:19,2.02,0.0,2,404,卖盘
263,10:05:21,2.02,0.0,1,202,卖盘
264,10:05:24,2.02,0.0,8,1616,卖盘
265,10:05:42,2.02,0.0,30,6060,卖盘
266,10:05:45,2.02,0.0,1,202,卖盘
267,10:05:49,2.02,0.0,1,202,卖盘
268,10:05:54,2.02,0.0,7,1414,卖盘
269,10:05:57,2.02,0.0,2,404,卖盘
270,10:06:00,2.02,0.0,2,404,卖盘
271,10:06:06,2.03,0.01,1,203,买盘
272,10:06:21,2.03,0.0,69,14007,买盘
273,10:07:04,2.02,-0.01,1,202,卖盘
274,10:07:06,2.02,0.0,1,202,卖盘
275,10:07:09,2.02,0.0,1,202,卖盘
276,10:07:15,2.02,0.0,1,202,卖盘
277,10:07:22,2.02,0.0,1,202,卖盘
278,10:07:24,2.02,0.0,1,202,卖盘
279,10:07:39,2.03,0.01,1,203,买盘
280,10:08:06,2.02,-0.01,27,5454,卖盘
281,10:08:12,2.02,0.0,26,5252,卖盘
282,10:08:25,2.02,0.0,50,10100,卖盘
283,10:08:57,2.03,0.01,1,203,买盘
284,10:09:04,2.02,-0.01,20,4040,卖盘
285,10:09:06,2.02,0.0,6,1212,卖盘
286,10:09:12,2.02,0.0,1,202,卖盘
287,10:09:15,2.02,0.0,50,10100,卖盘
288,10:09:48,2.02,0.0,10,2020,卖盘
289,10:10:10,2.02,0.0,37,7474,卖盘
290,10:10:31,2.02,0.0,35,7070,卖盘
291,10:11:09,2.02,0.0,263,53126,卖盘
292,10:11:15,2.02,0.0,1,202,卖盘
293,10:11:34,2.02,0.0,100,20200,卖盘
294,10:11:45,2.02,0.0,2,404,卖盘
295,10:12:24,2.02,0.0,3,606,卖盘
296,10:12:34,2.02,0.0,8,1616,卖盘
297,10:12:42,2.02,0.0,53,10706,卖盘
298,10:12:55,2.02,0.0,27,5454,卖盘
299,10:13:00,2.02,0.0,7,1414,卖盘
300,10:13:04,2.02,0.0,6,1212,卖盘
301,10:13:06,2.02,0.0,8,1616,卖盘
302,10:13:18,2.02,0.0,1,202,卖盘
303,10:13:27,2.02,0.0,8,1616,卖盘
304,10:13:30,2.02,0.0,3,606,卖盘
305,10:13:33,2.02,0.0,1,202,卖盘
306,10:13:51,2.02,0.0,32,6464,卖盘
307,10:14:00,2.02,0.0,5,1010,卖盘
308,10:14:06,2.02,0.0,6,1212,卖盘
309,10:14:30,2.02,0.0,3,606,卖盘
310,10:14:33,2.02,0.0,6,1212,卖盘
311,10:14:36,2.02,0.0,4,808,卖盘
312,10:14:43,2.02,0.0,7,1414,卖盘
313,10:14:49,2.02,0.0,30,6060,卖盘
314,10:14:54,2.02,0.0,8,1623,卖盘
315,10:14:57,2.02,0.0,6,1212,卖盘
316,10:15:00,2.02,0.0,5,1010,卖盘
317,10:15:27,2.02,0.0,13,2626,卖盘
318,10:15:30,2.02,0.0,1,202,卖盘
319,10:15:54,2.02,0.0,3,606,卖盘
320,10:15:57,2.02,0.0,3,606,卖盘
321,10:16:00,2.02,0.0,5,1010,卖盘
322,10:16:10,2.02,0.0,86,17372,卖盘
323,10:16:24,2.02,0.0,5,1010,卖盘
324,10:16:27,2.02,0.0,4,808,卖盘
325,10:16:33,2.02,0.0,74,14948,卖盘
326,10:16:42,2.02,0.0,81,16362,卖盘
327,10:16:45,2.02,0.0,7,1414,卖盘
328,10:16:57,2.02,0.0,8,1616,卖盘
329,10:17:04,2.02,0.0,3,606,卖盘
330,10:17:06,2.02,0.0,2,404,卖盘
331,10:17:30,2.02,0.0,9,1818,卖盘
332,10:17:36,2.02,0.0,3,606,卖盘
333,10:17:42,2.02,0.0,10,2020,卖盘
334,10:17:48,2.02,0.0,1,202,卖盘
335,10:17:54,2.02,0.0,7,1414,卖盘
336,10:18:03,2.02,0.0,5,1010,卖盘
337,10:18:24,2.02,0.0,3,606,卖盘
338,10:18:28,2.02,0.0,37,7474,卖盘
339,10:18:31,2.02,0.0,6,1212,卖盘
340,10:18:34,2.02,0.0,100,20200,卖盘
341,10:18:36,2.02,0.0,3,606,卖盘
342,10:19:00,2.02,0.0,5,1010,卖盘
343,10:19:04,2.02,0.0,3,606,卖盘
344,10:19:06,2.02,0.0,102,20604,卖盘
345,10:19:24,2.02,0.0,4,808,卖盘
346,10:19:27,2.02,0.0,56,11312,卖盘
347,10:19:30,2.02,0.0,3,606,卖盘
348,10:19:58,2.02,0.0,16,3232,卖盘
349,10:20:00,2.02,0.0,6,1212,卖盘
350,10:20:04,2.02,0.0,15,3030,卖盘
351,10:20:18,2.02,0.0,7,1414,卖盘
352,10:20:25,2.02,0.0,3,606,卖盘
353,10:20:27,2.02,0.0,5,1010,卖盘
354,10:20:31,2.02,0.0,3,606,卖盘
355,10:20:48,2.02,0.0,113,22826,卖盘
356,10:20:51,2.02,0.0,10,2020,卖盘
357,10:20:54,2.02,0.0,9,1818,卖盘
358,10:20:57,2.02,0.0,3,606,卖盘
359,10:21:24,2.02,0.0,45,9090,卖盘
360,10:21:27,2.02,0.0,3,606,卖盘
361,10:21:30,2.02,0.0,25,5050,卖盘
362,10:21:45,2.02,0.0,10,2020,卖盘
363,10:21:54,2.02,0.0,8,1616,卖盘
364,10:21:58,2.02,0.0,3,606,卖盘
365,10:22:06,2.02,0.0,34,6868,卖盘
366,10:22:21,2.02,0.0,2,404,卖盘
367,10:22:24,2.02,0.0,7,1414,卖盘
368,10:22:27,2.02,0.0,6,1212,卖盘
369,10:22:39,2.02,0.0,104,21008,卖盘
370,10:22:42,2.02,0.0,4,808,卖盘
371,10:22:51,2.02,0.0,9,1818,卖盘
372,10:22:55,2.02,0.0,9,1818,卖盘
373,10:22:57,2.02,0.0,3,606,卖盘
374,10:23:01,2.02,0.0,32,6464,卖盘
375,10:23:04,2.02,0.0,9,1818,卖盘
376,10:23:09,2.02,0.0,22,4444,卖盘
377,10:23:12,2.02,0.0,11,2223,卖盘
378,10:23:15,2.02,0.0,16,3232,卖盘
379,10:23:25,2.02,0.0,12,2424,卖盘
380,10:23:36,2.02,0.0,100,20200,卖盘
381,10:23:48,2.02,0.0,1345,271690,卖盘
382,10:23:57,2.02,0.0,1767,356934,卖盘
383,10:24:09,2.01,-0.01,19,3819,卖盘
384,10:24:24,2.01,0.0,8,1612,卖盘
385,10:24:28,2.01,0.0,8,1608,卖盘
386,10:24:40,2.01,0.0,21,4221,卖盘
387,10:24:45,2.01,0.0,1,201,卖盘
388,10:24:54,2.01,0.0,8,1608,卖盘
389,10:24:57,2.01,0.0,3,603,卖盘
390,10:25:24,2.01,0.0,13,2613,卖盘
391,10:25:36,2.02,0.01,1,202,买盘
392,10:25:42,2.01,-0.01,82,16482,卖盘
393,10:25:48,2.02,0.01,2,404,买盘
394,10:25:54,2.01,-0.01,3,603,卖盘
395,10:25:57,2.01,0.0,1517,306425,卖盘
396,10:26:27,2.01,0.0,12,2412,卖盘
397,10:26:30,2.01,0.0,34,6834,卖盘
398,10:26:54,2.01,0.0,6,1206,卖盘
399,10:26:57,2.01,0.0,5,1005,卖盘
400,10:27:18,2.01,0.0,1,201,卖盘
401,10:27:24,2.01,0.0,2,402,卖盘
402,10:27:27,2.01,0.0,9,1809,卖盘
403,10:27:54,2.01,0.0,4,804,卖盘
404,10:27:57,2.01,0.0,11,2213,卖盘
405,10:28:03,2.01,0.0,1,201,卖盘
406,10:28:27,2.01,0.0,11,2211,卖盘
407,10:28:33,2.01,0.0,26,5226,卖盘
408,10:28:54,2.02,0.01,21,4242,买盘
409,10:28:57,2.01,-0.01,12,2412,卖盘
410,10:29:12,2.02,0.01,20,4040,买盘
411,10:29:24,2.01,-0.01,6,1206,卖盘
412,10:29:27,2.01,0.0,7,1407,卖盘
413,10:29:37,2.01,0.0,21,4221,卖盘
414,10:29:42,2.02,0.01,260,52520,买盘
415,10:29:48,2.02,0.0,60,12120,买盘
416,10:29:54,2.01,-0.01,6,1206,卖盘
417,10:29:57,2.01,0.0,16,3216,卖盘
418,10:30:27,2.01,0.0,11,2211,卖盘
419,10:31:06,2.02,0.01,1,202,买盘
420,10:31:18,2.02,0.0,10,2020,买盘
421,10:32:21,2.01,-0.01,86,17331,卖盘
422,10:32:46,2.02,0.01,126,25452,买盘
423,10:32:51,2.02,0.0,57,11514,买盘
424,10:33:22,2.01,-0.01,81,16281,卖盘
425,10:33:42,2.01,0.0,50,10050,卖盘
426,10:33:45,2.01,0.0,37,7437,卖盘
427,10:33:51,2.01,0.0,8,1608,卖盘
428,10:33:54,2.01,0.0,62,12462,卖盘
429,10:34:06,2.02,0.01,3,606,买盘
430,10:34:12,2.01,-0.01,7,1407,卖盘
431,10:34:36,2.01,0.0,12,2412,卖盘
432,10:34:51,2.01,0.0,1,201,卖盘
433,10:34:58,2.01,0.0,10,2010,卖盘
434,10:35:39,2.01,0.0,10,2010,卖盘
435,10:35:45,2.01,0.0,10,2010,卖盘
436,10:35:49,2.02,0.01,12,2424,买盘
437,10:35:51,2.01,-0.01,22,4422,卖盘
438,10:35:57,2.01,0.0,20,4020,卖盘
439,10:36:00,2.01,0.0,3,603,卖盘
440,10:36:04,2.01,0.0,55,11055,卖盘
441,10:36:09,2.01,0.0,21,4221,卖盘
442,10:36:12,2.01,0.0,1,201,卖盘
443,10:36:15,2.01,0.0,2,402,卖盘
444,10:36:45,2.01,0.0,1,201,卖盘
445,10:36:48,2.02,0.01,8,1616,买盘
446,10:36:51,2.01,-0.01,1,201,卖盘
447,10:37:00,2.01,0.0,6,1206,卖盘
448,10:37:03,2.02,0.01,51,10301,买盘
449,10:37:06,2.01,-0.01,68,13668,卖盘
450,10:37:33,2.01,0.0,1,201,卖盘
451,10:37:36,2.01,0.0,2,402,卖盘
452,10:37:42,2.01,0.0,1,201,卖盘
453,10:37:48,2.01,0.0,1,201,卖盘
454,10:38:24,2.01,0.0,55,11055,卖盘
455,10:38:27,2.01,0.0,37,7437,卖盘
456,10:38:48,2.01,0.0,9,1809,卖盘
457,10:39:06,2.01,0.0,9,1809,卖盘
458,10:40:00,2.01,0.0,37,7437,卖盘
459,10:40:03,2.02,0.01,5,1010,买盘
460,10:40:12,2.01,-0.01,1,201,卖盘
461,10:41:12,2.01,0.0,45,9075,卖盘
462,10:42:06,2.01,0.0,50,10050,卖盘
463,10:42:36,2.01,0.0,7,1407,卖盘
464,10:42:45,2.02,0.01,5,1010,买盘
465,10:42:49,2.01,-0.01,37,7437,卖盘
466,10:42:51,2.01,0.0,1,201,卖盘
467,10:43:42,2.01,0.0,2,402,卖盘
468,10:43:51,2.01,0.0,1,201,卖盘
469,10:43:57,2.01,0.0,55,11055,卖盘
470,10:44:24,2.02,0.01,100,20200,买盘
471,10:44:45,2.01,-0.01,3,603,卖盘
472,10:46:00,2.02,0.01,20,4040,买盘
473,10:46:39,2.02,0.0,1,202,买盘
474,10:47:21,2.02,0.0,52,10504,买盘
475,10:47:30,2.02,0.0,100,20200,买盘
476,10:47:39,2.01,-0.01,38,7638,卖盘
477,10:47:45,2.01,0.0,82,16482,卖盘
478,10:47:54,2.01,0.0,11,2211,卖盘
479,10:48:09,2.01,0.0,7,1407,卖盘
480,10:48:15,2.01,0.0,1,201,卖盘
481,10:48:33,2.01,0.0,1,201,卖盘
482,10:49:00,2.01,0.0,20,4020,卖盘
483,10:51:18,2.01,0.0,70,14070,卖盘
484,10:51:30,2.01,0.0,1,201,卖盘
485,10:51:48,2.01,0.0,16,3216,卖盘
486,10:53:18,2.01,0.0,1,201,卖盘
487,10:53:45,2.01,0.0,6,1206,卖盘
488,10:53:57,2.01,0.0,1,201,卖盘
489,10:54:36,2.01,0.0,1,201,卖盘
490,10:54:51,2.01,0.0,34,6834,卖盘
491,10:55:54,2.01,0.0,1,201,卖盘
492,10:56:36,2.01,0.0,1,201,卖盘
493,10:57:07,2.01,0.0,36,7236,卖盘
494,10:57:42,2.01,0.0,1,201,卖盘
495,10:58:12,2.01,0.0,1,201,卖盘
496,10:59:18,2.01,0.0,4,804,卖盘
497,10:59:21,2.01,0.0,3,603,卖盘
498,10:59:57,2.01,0.0,1,201,卖盘
499,11:00:42,2.01,0.0,1,201,卖盘
500,11:01:00,2.01,0.0,34,6834,卖盘
501,11:01:30,2.01,0.0,9,1809,卖盘
502,11:03:06,2.01,0.0,9,1809,卖盘
503,11:03:09,2.01,0.0,10,2010,卖盘
504,11:03:15,2.01,0.0,1,201,卖盘
505,11:03:33,2.01,0.0,100,20100,卖盘
506,11:03:52,2.01,0.0,1,201,卖盘
507,11:04:40,2.01,0.0,40,8040,卖盘
508,11:04:54,2.01,0.0,6,1206,卖盘
509,11:05:24,2.01,0.0,60,12060,卖盘
510,11:05:48,2.01,0.0,1,201,卖盘
511,11:06:04,2.01,0.0,34,6834,卖盘
512,11:06:39,2.01,0.0,120,24120,卖盘
513,11:06:45,2.01,0.0,1,201,卖盘
514,11:06:57,2.01,0.0,12,2412,卖盘
515,11:07:04,2.01,0.0,18,3618,卖盘
516,11:07:07,2.01,0.0,1,201,卖盘
517,11:07:09,2.01,0.0,81,16281,卖盘
518,11:07:15,2.01,0.0,4,804,卖盘
519,11:07:54,2.02,0.01,200,40400,买盘
520,11:08:30,2.01,-0.01,2,402,卖盘
521,11:08:39,2.01,0.0,8,1608,卖盘
522,11:09:03,2.01,0.0,28,5628,卖盘
523,11:10:24,2.01,0.0,3,603,卖盘
524,11:10:30,2.01,0.0,7,1407,卖盘
525,11:10:54,2.01,0.0,2,402,卖盘
526,11:11:24,2.01,0.0,3,603,卖盘
527,11:11:34,2.01,0.0,2,402,卖盘
528,11:11:54,2.01,0.0,3,603,卖盘
529,11:12:24,2.01,0.0,2,402,卖盘
530,11:13:24,2.01,0.0,34,6834,卖盘
531,11:13:36,2.02,0.01,149,30098,买盘
532,11:13:51,2.01,-0.01,1,201,卖盘
533,11:14:03,2.01,0.0,3,603,卖盘
534,11:14:33,2.01,0.0,2,402,卖盘
535,11:15:04,2.01,0.0,3,603,卖盘
536,11:15:34,2.01,0.0,3,603,卖盘
537,11:15:51,2.02,0.01,100,20200,买盘
538,11:16:06,2.02,0.0,11,2220,买盘
539,11:16:36,2.01,-0.01,3,603,卖盘
540,11:17:04,2.02,0.01,10,2020,买盘
541,11:17:06,2.01,-0.01,3,603,卖盘
542,11:17:10,2.02,0.01,510,103020,买盘
543,11:17:15,2.01,-0.01,81,16281,卖盘
544,11:17:18,2.01,0.0,1,201,卖盘
545,11:17:37,2.01,0.0,2,402,卖盘
546,11:17:45,2.01,0.0,96,19296,卖盘
547,11:17:54,2.02,0.01,30,6060,买盘
548,11:18:07,2.01,-0.01,3,603,卖盘
549,11:18:12,2.02,0.01,160,32320,买盘
550,11:18:15,2.02,0.0,1,202,买盘
551,11:18:36,2.01,-0.01,8,1613,卖盘
552,11:19:00,2.02,0.01,31,6257,买盘
553,11:19:06,2.02,0.0,12,2422,买盘
554,11:19:12,2.02,0.0,15,3030,买盘
555,11:19:36,2.01,-0.01,3,603,卖盘
556,11:20:04,2.02,0.01,148,29896,买盘
557,11:20:06,2.02,0.0,9,1815,买盘
558,11:20:30,2.02,0.0,7,1414,买盘
559,11:20:33,2.02,0.0,32,6464,买盘
560,11:20:36,2.02,0.0,91,18380,买盘
561,11:20:39,2.02,0.0,88,17776,买盘
562,11:20:42,2.02,0.0,54,10908,买盘
563,11:20:45,2.02,0.0,150,30300,买盘
564,11:20:48,2.02,0.0,49,9898,买盘
565,11:20:51,2.02,0.0,310,62619,买盘
566,11:20:54,2.02,0.0,28,5656,买盘
567,11:20:57,2.02,0.0,22,4444,买盘
568,11:21:00,2.02,0.0,15,3030,买盘
569,11:21:04,2.02,0.0,13,2626,买盘
570,11:21:06,2.02,0.0,59,11915,买盘
571,11:21:09,2.02,0.0,3,606,买盘
572,11:21:15,2.02,0.0,2,404,买盘
573,11:21:22,2.02,0.0,20,4031,买盘
574,11:21:24,2.02,0.0,20,4040,买盘
575,11:21:27,2.02,0.0,53,10706,买盘
576,11:21:30,2.02,0.0,6,1212,买盘
577,11:21:33,2.02,0.0,30,6060,买盘
578,11:21:36,2.01,-0.01,7,1411,卖盘
579,11:21:39,2.01,0.0,6,1206,卖盘
580,11:21:48,2.02,0.01,50,10100,买盘
581,11:21:54,2.02,0.0,1,202,买盘
582,11:22:06,2.01,-0.01,2,402,卖盘
583,11:22:36,2.01,0.0,3,603,卖盘
584,11:22:39,2.02,0.01,30,6060,买盘
585,11:23:06,2.02,0.0,103,20803,买盘
586,11:23:24,2.02,0.0,1,202,买盘
587,11:23:37,2.01,-0.01,2,402,卖盘
588,11:23:43,2.02,0.01,2,404,买盘
589,11:23:46,2.02,0.0,10,2020,买盘
590,11:24:06,2.01,-0.01,103,20803,卖盘
591,11:24:15,2.02,0.01,30,6060,买盘
592,11:24:39,2.01,-0.01,3,603,卖盘
593,11:24:42,2.01,0.0,26,5251,卖盘
594,11:24:48,2.02,0.01,27,5454,买盘
595,11:24:51,2.01,-0.01,33,6633,卖盘
596,11:25:06,2.01,0.0,228,46054,卖盘
597,11:25:30,2.02,0.01,50,10100,买盘
598,11:25:33,2.02,0.0,120,24240,买盘
599,11:25:37,2.01,-0.01,3,605,卖盘
600,11:25:49,2.02,0.01,10,2020,卖盘
601,11:26:09,2.01,-0.01,3,603,卖盘
602,11:26:30,2.01,0.0,81,16281,卖盘
603,11:26:36,2.01,0.0,2,402,卖盘
604,11:27:09,2.02,0.01,4,805,买盘
605,11:27:39,2.01,-0.01,3,603,卖盘
606,11:27:51,2.02,0.01,30,6060,买盘
607,11:28:09,2.01,-0.01,2,402,卖盘
608,11:28:24,2.02,0.01,50,10100,买盘
609,11:28:39,2.01,-0.01,3,603,卖盘
610,11:29:09,2.02,0.01,59,11915,买盘
611,11:29:12,2.02,0.0,192,38784,买盘
612,11:29:15,2.03,0.01,424,86060,买盘
613,11:29:39,2.01,-0.02,2,402,卖盘
614,11:29:42,2.02,0.01,13,2626,买盘
615,13:00:04,2.02,0.0,206,41615,卖盘
616,13:00:09,2.02,0.0,15,3030,卖盘
617,13:00:24,2.02,0.0,38,7676,卖盘
618,13:00:39,2.02,0.0,3,606,卖盘
619,13:00:42,2.02,0.0,12,2424,卖盘
620,13:00:57,2.02,0.0,38,7676,卖盘
621,13:01:09,2.02,0.0,2,404,卖盘
622,13:01:18,2.02,0.0,54,10940,卖盘
623,13:01:39,2.02,0.0,3,606,卖盘
624,13:01:42,2.02,0.0,22,4444,卖盘
625,13:01:51,2.02,0.0,61,12322,卖盘
626,13:01:54,2.02,0.0,12,2424,卖盘
627,13:02:09,2.02,0.0,3,606,卖盘
628,13:02:12,2.02,0.0,12,2424,卖盘
629,13:02:33,2.02,0.0,6,1212,卖盘
630,13:02:39,2.02,0.0,2,404,卖盘
631,13:02:42,2.02,0.0,8,1616,卖盘
632,13:02:48,2.02,0.0,2,404,卖盘
633,13:02:51,2.02,0.0,1,202,卖盘
634,13:02:54,2.02,0.0,40,8080,卖盘
635,13:03:09,2.02,0.0,3,606,卖盘
636,13:03:33,2.02,0.0,3,606,卖盘
637,13:03:39,2.02,0.0,5,1010,卖盘
638,13:03:48,2.02,0.0,7,1414,卖盘
639,13:03:51,2.02,0.0,1,202,卖盘
640,13:04:09,2.02,0.0,2,404,卖盘
641,13:04:12,2.03,0.01,129,26186,买盘
642,13:04:24,2.02,-0.01,1,202,卖盘
643,13:04:27,2.02,0.0,4,808,卖盘
644,13:04:39,2.02,0.0,7,1414,卖盘
645,13:04:48,2.02,0.0,1,202,卖盘
646,13:05:09,2.02,0.0,3,606,卖盘
647,13:05:37,2.02,0.0,1,202,卖盘
648,13:05:39,2.02,0.0,3,606,卖盘
649,13:05:42,2.02,0.0,8,1616,卖盘
650,13:05:57,2.03,0.01,3,609,买盘
651,13:06:12,2.02,-0.01,3,606,卖盘
652,13:06:21,2.02,0.0,11,2222,卖盘
653,13:06:42,2.02,0.0,3,606,卖盘
654,13:06:54,2.02,0.0,10,2020,卖盘
655,13:07:12,2.02,0.0,2,404,卖盘
656,13:07:39,2.02,0.0,4,808,卖盘
657,13:08:12,2.02,0.0,3,606,卖盘
658,13:08:42,2.02,0.0,2,404,卖盘
659,13:08:45,2.02,0.0,10,2020,卖盘
660,13:08:54,2.02,0.0,1,202,卖盘
661,13:09:01,2.02,0.0,1,202,卖盘
662,13:09:12,2.02,0.0,3,606,卖盘
663,13:09:21,2.03,0.01,28,5684,买盘
664,13:09:42,2.02,-0.01,3,606,卖盘
665,13:10:09,2.02,0.0,2,404,卖盘
666,13:10:12,2.02,0.0,2,404,卖盘
667,13:10:22,2.02,0.0,1,202,卖盘
668,13:10:24,2.02,0.0,1,202,卖盘
669,13:10:42,2.02,0.0,3,606,卖盘
670,13:10:48,2.02,0.0,1,202,卖盘
671,13:11:18,2.02,0.0,6,1212,卖盘
672,13:11:33,2.02,0.0,20,4040,卖盘
673,13:11:51,2.02,0.0,3,606,卖盘
674,13:11:54,2.02,0.0,56,11312,卖盘
675,13:12:24,2.02,0.0,3,606,卖盘
676,13:12:27,2.02,0.0,2,404,卖盘
677,13:12:48,2.02,0.0,1,202,卖盘
678,13:12:51,2.02,0.0,1,202,卖盘
679,13:12:54,2.02,0.0,33,6666,卖盘
680,13:13:00,2.02,0.0,1,202,卖盘
681,13:13:03,2.02,0.0,26,5252,卖盘
682,13:13:27,2.02,0.0,3,606,卖盘
683,13:13:33,2.02,0.0,10,2020,卖盘
684,13:13:36,2.02,0.0,1,202,卖盘
685,13:13:39,2.02,0.0,1,202,卖盘
686,13:13:43,2.02,0.0,2,404,卖盘
687,13:13:54,2.02,0.0,1,202,卖盘
688,13:14:06,2.02,0.0,5,1010,卖盘
689,13:14:27,2.02,0.0,2,404,卖盘
690,13:14:57,2.02,0.0,1,202,卖盘
691,13:15:00,2.02,0.0,1,202,卖盘
692,13:15:09,2.02,0.0,1,202,卖盘
693,13:15:36,2.02,0.0,100,20200,卖盘
694,13:15:46,2.02,0.0,100,20200,卖盘
695,13:15:52,2.02,0.0,1,202,卖盘
696,13:16:21,2.02,0.0,1,202,卖盘
697,13:16:27,2.02,0.0,1,202,卖盘
698,13:16:30,2.02,0.0,21,4242,卖盘
699,13:16:36,2.02,0.0,1,202,卖盘
700,13:16:45,2.02,0.0,1,202,卖盘
701,13:16:51,2.02,0.0,1,202,卖盘
702,13:16:54,2.02,0.0,4,808,卖盘
703,13:16:58,2.02,0.0,3,606,卖盘
704,13:17:12,2.02,0.0,60,12120,卖盘
705,13:17:21,2.02,0.0,1,202,卖盘
706,13:17:48,2.02,0.0,2,404,卖盘
707,13:18:57,2.02,0.0,1,202,卖盘
708,13:19:00,2.02,0.0,1,202,卖盘
709,13:19:18,2.02,0.0,1,202,卖盘
710,13:19:21,2.02,0.0,37,7474,卖盘
711,13:19:31,2.02,0.0,1,202,卖盘
712,13:19:42,2.02,0.0,1,202,卖盘
713,13:19:54,2.02,0.0,1,202,卖盘
714,13:20:18,2.02,0.0,4,808,卖盘
715,13:20:21,2.02,0.0,1,202,卖盘
716,13:20:27,2.02,0.0,81,16362,卖盘
717,13:20:30,2.01,-0.01,76,15339,卖盘
718,13:20:51,2.01,0.0,9,1809,卖盘
719,13:21:33,2.01,0.0,15,3015,卖盘
720,13:21:36,2.01,0.0,2,402,卖盘
721,13:21:57,2.01,0.0,29,5829,卖盘
722,13:22:04,2.01,0.0,22,4422,卖盘
723,13:22:24,2.01,0.0,100,20100,卖盘
724,13:22:30,2.01,0.0,34,6834,卖盘
725,13:22:33,2.01,0.0,7,1407,卖盘
726,13:22:36,2.01,0.0,11,2211,卖盘
727,13:23:06,2.01,0.0,1,201,卖盘
728,13:23:09,2.01,0.0,17,3417,卖盘
729,13:24:06,2.01,0.0,1,201,卖盘
730,13:24:09,2.01,0.0,47,9447,卖盘
731,13:24:45,2.02,0.01,3,606,买盘
732,13:25:06,2.01,-0.01,25,5025,卖盘
733,13:25:33,2.02,0.01,50,10100,买盘
734,13:25:36,2.02,0.0,20,4040,买盘
735,13:26:12,2.01,-0.01,1,201,卖盘
736,13:26:39,2.02,0.01,74,14948,买盘
737,13:26:51,2.01,-0.01,1,201,卖盘
738,13:28:09,2.01,0.0,3,603,卖盘
739,13:28:12,2.01,0.0,4,804,卖盘
740,13:28:24,2.01,0.0,1,201,卖盘
741,13:28:48,2.01,0.0,7,1407,卖盘
742,13:28:51,2.01,0.0,1,201,卖盘
743,13:29:30,2.02,0.01,10,2020,买盘
744,13:29:36,2.01,-0.01,1,201,卖盘
745,13:29:39,2.01,0.0,1,201,卖盘
746,13:31:15,2.01,0.0,100,20100,卖盘
747,13:31:24,2.02,0.01,11,2222,买盘
748,13:32:09,2.01,-0.01,1,201,卖盘
749,13:32:42,2.01,0.0,1,201,卖盘
750,13:32:57,2.01,0.0,1,201,卖盘
751,13:33:06,2.01,0.0,21,4221,卖盘
752,13:33:48,2.01,0.0,7,1407,卖盘
753,13:33:51,2.01,0.0,56,11256,卖盘
754,13:34:15,2.01,0.0,1,201,卖盘
755,13:35:57,2.01,0.0,1,201,卖盘
756,13:36:00,2.01,0.0,51,10301,卖盘
757,13:36:07,2.01,0.0,101,20301,卖盘
758,13:36:27,2.02,0.01,50,10100,买盘
759,13:36:33,2.01,-0.01,68,13668,卖盘
760,13:37:09,2.01,0.0,1,201,卖盘
761,13:37:48,2.01,0.0,21,4221,卖盘
762,13:37:51,2.01,0.0,73,14673,卖盘
763,13:38:48,2.01,0.0,1,201,卖盘
764,13:38:57,2.01,0.0,61,12261,卖盘
765,13:39:04,2.01,0.0,82,16482,卖盘
766,13:39:18,2.01,0.0,1,201,卖盘
767,13:39:24,2.01,0.0,4,804,卖盘
768,13:39:27,2.01,0.0,3,603,卖盘
769,13:39:33,2.01,0.0,17,3417,卖盘
770,13:39:42,2.01,0.0,200,40200,卖盘
771,13:40:04,2.01,0.0,61,12261,卖盘
772,13:40:51,2.01,0.0,1,201,卖盘
773,13:41:04,2.01,0.0,62,12462,卖盘
774,13:41:24,2.01,0.0,10,2010,卖盘
775,13:41:27,2.02,0.01,5,1010,买盘
776,13:42:04,2.01,-0.01,61,12261,卖盘
777,13:42:06,2.01,0.0,1,201,卖盘
778,13:42:12,2.01,0.0,38,7638,卖盘
779,13:42:30,2.01,0.0,1,201,卖盘
780,13:42:43,2.01,0.0,1,201,卖盘
781,13:43:00,2.01,0.0,1,201,卖盘
782,13:43:03,2.01,0.0,62,12462,卖盘
783,13:43:06,2.01,0.0,200,40200,卖盘
784,13:43:54,2.01,0.0,1,201,卖盘
785,13:44:04,2.01,0.0,61,12261,卖盘
786,13:44:45,2.01,0.0,236,47671,卖盘
787,13:44:51,2.01,0.0,5,1005,卖盘
788,13:45:04,2.01,0.0,68,13668,卖盘
789,13:45:45,2.01,0.0,1,201,卖盘
790,13:45:48,2.02,0.01,80,16160,买盘
791,13:45:54,2.02,0.0,236,47672,买盘
792,13:46:04,2.01,-0.01,340,68340,卖盘
793,13:46:28,2.01,0.0,86,17286,卖盘
794,13:46:51,2.01,0.0,1,201,卖盘
795,13:47:00,2.02,0.01,1,202,买盘
796,13:47:06,2.01,-0.01,1,201,卖盘
797,13:47:18,2.02,0.01,43,8686,买盘
798,13:48:04,2.01,-0.01,1,201,卖盘
799,13:48:30,2.01,0.0,5,1005,卖盘
800,13:48:33,2.01,0.0,89,17889,卖盘
801,13:49:00,2.01,0.0,1,201,卖盘
802,13:49:42,2.01,0.0,73,14673,卖盘
803,13:49:51,2.02,0.01,1,202,买盘
804,13:50:37,2.02,0.0,10,2020,买盘
805,13:50:51,2.01,-0.01,73,14673,卖盘
806,13:51:33,2.01,0.0,1,201,卖盘
807,13:52:03,2.02,0.01,75,15079,买盘
808,13:52:15,2.01,-0.01,1,201,卖盘
809,13:52:24,2.01,0.0,82,16482,卖盘
810,13:52:27,2.01,0.0,39,7839,卖盘
811,13:52:30,2.01,0.0,10,2010,卖盘
812,13:52:33,2.01,0.0,38,7638,卖盘
813,13:52:51,2.01,0.0,21,4221,卖盘
814,13:53:10,2.01,0.0,1,201,卖盘
815,13:53:12,2.01,0.0,71,14271,卖盘
816,13:53:51,2.01,0.0,1,201,卖盘
817,13:54:15,2.01,0.0,32,6432,卖盘
818,13:54:18,2.01,0.0,56,11256,卖盘
819,13:54:30,2.02,0.01,1,202,买盘
820,13:54:42,2.01,-0.01,1,201,卖盘
821,13:55:18,2.01,0.0,56,11256,卖盘
822,13:55:43,2.01,0.0,1,201,卖盘
823,13:55:46,2.01,0.0,40,8040,卖盘
824,13:56:06,2.01,0.0,51,10251,卖盘
825,13:56:18,2.01,0.0,6,1206,卖盘
826,13:56:24,2.01,0.0,270,54270,卖盘
827,13:56:51,2.01,0.0,30,6030,卖盘
828,13:56:54,2.01,0.0,27,5427,卖盘
829,13:56:57,2.01,0.0,1,201,卖盘
830,13:57:03,2.01,0.0,58,11658,卖盘
831,13:57:48,2.01,0.0,1,201,卖盘
832,13:57:57,2.01,0.0,56,11256,卖盘
833,13:58:00,2.01,0.0,2,402,卖盘
834,13:58:09,2.01,0.0,1,201,卖盘
835,13:58:51,2.01,0.0,57,11457,卖盘
836,13:58:54,2.01,0.0,1,201,卖盘
837,13:59:09,2.01,0.0,30,6030,卖盘
838,13:59:48,2.01,0.0,56,11256,卖盘
839,13:59:57,2.02,0.01,7,1414,买盘
840,14:00:18,2.01,-0.01,100,20100,卖盘
841,14:00:21,2.01,0.0,10,2010,卖盘
842,14:00:24,2.01,0.0,15,3015,卖盘
843,14:00:27,2.01,0.0,38,7638,卖盘
844,14:00:42,2.01,0.0,56,11256,卖盘
845,14:00:52,2.01,0.0,1,201,卖盘
846,14:00:54,2.01,0.0,2,402,卖盘
847,14:00:57,2.01,0.0,2,402,卖盘
848,14:01:00,2.01,0.0,27,5427,卖盘
849,14:01:12,2.01,0.0,100,20100,卖盘
850,14:01:21,2.01,0.0,1,201,卖盘
851,14:01:36,2.01,0.0,189,37989,卖盘
852,14:01:45,2.01,0.0,29,5829,卖盘
853,14:01:54,2.01,0.0,7,1407,卖盘
854,14:02:09,2.01,0.0,1,201,卖盘
855,14:02:30,2.01,0.0,100,20100,卖盘
856,14:02:33,2.01,0.0,56,11256,卖盘
857,14:02:58,2.01,0.0,1,201,卖盘
858,14:03:12,2.01,0.0,30,6030,卖盘
859,14:03:15,2.01,0.0,22,4422,卖盘
860,14:03:27,2.01,0.0,57,11457,卖盘
861,14:03:45,2.01,0.0,1,201,卖盘
862,14:04:22,2.01,0.0,64,12864,卖盘
863,14:04:40,2.01,0.0,28,5628,卖盘
864,14:04:54,2.01,0.0,1,201,卖盘
865,14:05:16,2.01,0.0,683,137283,卖盘
866,14:05:18,2.01,0.0,103,20703,卖盘
867,14:05:36,2.01,0.0,50,10050,卖盘
868,14:05:39,2.01,0.0,38,7638,卖盘
869,14:06:06,2.01,0.0,53,10653,卖盘
870,14:06:45,2.01,0.0,80,16080,卖盘
871,14:06:57,2.01,0.0,1,201,卖盘
872,14:07:04,2.01,0.0,57,11457,卖盘
873,14:07:06,2.01,0.0,1,201,卖盘
874,14:07:34,2.01,0.0,7,1407,卖盘
875,14:07:42,2.02,0.01,4,808,买盘
876,14:07:58,2.01,-0.01,56,11256,卖盘
877,14:08:00,2.01,0.0,1,201,卖盘
878,14:08:12,2.01,0.0,1,201,卖盘
879,14:08:15,2.01,0.0,1,201,卖盘
880,14:08:27,2.01,0.0,100,20100,卖盘
881,14:08:36,2.01,0.0,38,7638,卖盘
882,14:08:51,2.01,0.0,57,11457,卖盘
883,14:09:12,2.01,0.0,1,201,卖盘
884,14:09:39,2.01,0.0,49,9849,卖盘
885,14:09:45,2.01,0.0,1,201,卖盘
886,14:09:48,2.01,0.0,56,11256,卖盘
887,14:10:09,2.01,0.0,1,201,卖盘
888,14:10:33,2.02,0.01,5,1010,买盘
889,14:10:42,2.01,-0.01,57,11457,卖盘
890,14:10:45,2.01,0.0,48,9648,卖盘
891,14:11:01,2.01,0.0,39,7839,卖盘
892,14:11:06,2.01,0.0,1,201,卖盘
893,14:11:15,2.02,0.01,107,21614,买盘
894,14:11:18,2.02,0.0,12,2424,买盘
895,14:11:36,2.01,-0.01,56,11256,卖盘
896,14:12:31,2.02,0.01,5,1010,买盘
897,14:12:33,2.01,-0.01,55,11055,卖盘
898,14:12:42,2.01,0.0,2,402,卖盘
899,14:12:45,2.01,0.0,47,9447,卖盘
900,14:12:49,2.01,0.0,15,3015,卖盘
901,14:13:09,2.01,0.0,4,804,卖盘
902,14:13:12,2.01,0.0,3,603,卖盘
903,14:13:21,2.01,0.0,52,10452,卖盘
904,14:14:04,2.01,0.0,1,201,卖盘
905,14:14:19,2.01,0.0,56,11256,卖盘
906,14:14:57,2.01,0.0,1,201,卖盘
907,14:15:00,2.01,0.0,18,3618,卖盘
908,14:15:06,2.01,0.0,51,10251,卖盘
909,14:15:25,2.01,0.0,30,6030,卖盘
910,14:15:31,2.01,0.0,60,12060,卖盘
911,14:15:34,2.01,0.0,4,804,卖盘
912,14:15:45,2.01,0.0,1,201,卖盘
913,14:15:54,2.01,0.0,33,6633,卖盘
914,14:15:57,2.01,0.0,6,1206,卖盘
915,14:16:03,2.01,0.0,58,11658,卖盘
916,14:16:09,2.01,0.0,55,11055,卖盘
917,14:16:12,2.01,0.0,251,50451,卖盘
918,14:16:18,2.02,0.01,495,99990,买盘
919,14:16:52,2.02,0.0,9,1818,买盘
920,14:16:58,2.01,-0.01,56,11256,卖盘
921,14:17:04,2.01,0.0,1,201,卖盘
922,14:17:36,2.01,0.0,800,160800,卖盘
923,14:17:45,2.02,0.01,100,20200,买盘
924,14:17:51,2.01,-0.01,57,11457,卖盘
925,14:17:54,2.01,0.0,1,201,卖盘
926,14:17:57,2.01,0.0,1,201,卖盘
927,14:18:09,2.01,0.0,2,402,卖盘
928,14:18:13,2.01,0.0,10,2010,卖盘
929,14:18:15,2.01,0.0,16,3216,卖盘
930,14:18:18,2.01,0.0,38,7638,卖盘
931,14:18:48,2.01,0.0,63,12663,卖盘
932,14:18:51,2.01,0.0,9,1809,卖盘
933,14:18:57,2.01,0.0,12,2412,卖盘
934,14:19:33,2.01,0.0,5,1005,卖盘
935,14:19:42,2.01,0.0,56,11256,卖盘
936,14:19:45,2.01,0.0,18,3618,卖盘
937,14:20:09,2.01,0.0,1,201,卖盘
938,14:20:15,2.01,0.0,1,201,卖盘
939,14:20:42,2.01,0.0,67,13467,卖盘
940,14:20:57,2.01,0.0,1,201,卖盘
941,14:21:36,2.01,0.0,1,201,卖盘
942,14:21:48,2.01,0.0,67,13467,卖盘
943,14:22:06,2.01,0.0,1,201,卖盘
944,14:22:51,2.01,0.0,66,13266,卖盘
945,14:23:09,2.01,0.0,1,201,卖盘
946,14:23:42,2.01,0.0,10,2010,卖盘
947,14:23:45,2.01,0.0,68,13668,卖盘
948,14:23:48,2.01,0.0,5,1005,卖盘
949,14:23:57,2.01,0.0,68,13668,卖盘
950,14:24:00,2.01,0.0,13,2613,卖盘
951,14:24:06,2.01,0.0,10,2010,卖盘
952,14:24:24,2.01,0.0,8,1608,卖盘
953,14:24:27,2.01,0.0,1,201,卖盘
954,14:24:48,2.01,0.0,9,1809,卖盘
955,14:25:06,2.01,0.0,78,15678,卖盘
956,14:25:12,2.01,0.0,1,201,卖盘
957,14:25:18,2.01,0.0,9,1809,卖盘
958,14:25:46,2.01,0.0,1,201,卖盘
959,14:25:57,2.01,0.0,1,201,卖盘
960,14:26:21,2.01,0.0,77,15477,卖盘
961,14:26:27,2.01,0.0,42,8442,卖盘
962,14:26:57,2.01,0.0,10,2010,卖盘
963,14:27:00,2.01,0.0,1,201,卖盘
964,14:27:36,2.01,0.0,76,15276,卖盘
965,14:28:03,2.01,0.0,1,201,卖盘
966,14:28:12,2.01,0.0,1,201,卖盘
967,14:28:24,2.01,0.0,10,2010,卖盘
968,14:28:27,2.01,0.0,5,1005,卖盘
969,14:28:36,2.01,0.0,81,16281,卖盘
970,14:28:45,2.01,0.0,4,804,卖盘
971,14:28:51,2.01,0.0,77,15477,卖盘
972,14:28:54,2.01,0.0,59,11859,卖盘
973,14:29:04,2.01,0.0,1,201,卖盘
974,14:29:12,2.01,0.0,2,402,卖盘
975,14:29:36,2.01,0.0,1,201,卖盘
976,14:29:39,2.01,0.0,8,1608,卖盘
977,14:29:45,2.01,0.0,60,12060,卖盘
978,14:29:54,2.01,0.0,37,7437,卖盘
979,14:29:57,2.02,0.01,50,10094,买盘
980,14:30:04,2.01,-0.01,64,12864,卖盘
981,14:30:27,2.01,0.0,2,402,卖盘
982,14:31:04,2.01,0.0,62,12462,卖盘
983,14:31:09,2.01,0.0,50,10050,卖盘
984,14:31:48,2.01,0.0,100,20100,卖盘
985,14:32:04,2.01,0.0,61,12261,卖盘
986,14:32:16,2.02,0.01,2,404,买盘
987,14:32:21,2.01,-0.01,10,2010,卖盘
988,14:32:30,2.01,0.0,50,10050,卖盘
989,14:33:03,2.01,0.0,62,12462,卖盘
990,14:33:33,2.01,0.0,3,603,卖盘
991,14:33:36,2.01,0.0,100,20100,卖盘
992,14:34:04,2.01,0.0,149,29949,卖盘
993,14:34:12,2.01,0.0,54,10854,卖盘
994,14:34:15,2.01,0.0,96,19296,卖盘
995,14:34:22,2.02,0.01,1,202,买盘
996,14:34:27,2.01,-0.01,29,5829,卖盘
997,14:34:58,2.01,0.0,20,4020,卖盘
998,14:35:04,2.01,0.0,62,12462,卖盘
999,14:35:48,2.01,0.0,3,603,卖盘
1000,14:36:03,2.01,0.0,72,14472,卖盘
1001,14:36:57,2.01,0.0,15,3015,卖盘
1002,14:37:12,2.02,0.01,9,1818,买盘
1003,14:37:18,2.01,-0.01,71,14271,卖盘
1004,14:37:36,2.01,0.0,35,7035,卖盘
1005,14:38:21,2.01,0.0,67,13467,卖盘
1006,14:38:54,2.01,0.0,43,8643,卖盘
1007,14:39:00,2.02,0.01,5,1010,买盘
1008,14:39:27,2.01,-0.01,66,13266,卖盘
1009,14:40:00,2.01,0.0,32,6432,卖盘
1010,14:40:19,2.01,0.0,12,2412,卖盘
1011,14:40:25,2.01,0.0,27,5427,卖盘
1012,14:40:34,2.01,0.0,67,13467,卖盘
1013,14:41:24,2.01,0.0,81,16281,卖盘
1014,14:41:34,2.01,0.0,20,4020,卖盘
1015,14:41:37,2.01,0.0,67,13467,卖盘
1016,14:42:01,2.01,0.0,25,5025,卖盘
1017,14:42:15,2.02,0.01,5,1010,买盘
1018,14:42:27,2.02,0.0,5,1010,买盘
1019,14:42:30,2.01,-0.01,29,5829,卖盘
1020,14:42:42,2.01,0.0,65,13065,卖盘
1021,14:42:51,2.02,0.01,3,606,买盘
1022,14:42:54,2.01,-0.01,10,2010,卖盘
1023,14:42:57,2.01,0.0,9,1809,卖盘
1024,14:43:12,2.01,0.0,12,2412,卖盘
1025,14:43:18,2.01,0.0,38,7638,卖盘
1026,14:43:24,2.01,0.0,10,2010,卖盘
1027,14:43:27,2.01,0.0,8,1608,卖盘
1028,14:43:39,2.01,0.0,12,2412,卖盘
1029,14:43:48,2.01,0.0,67,13467,卖盘
1030,14:43:51,2.01,0.0,38,7638,卖盘
1031,14:43:54,2.01,0.0,10,2010,卖盘
1032,14:44:09,2.01,0.0,12,2412,卖盘
1033,14:44:24,2.01,0.0,43,8643,卖盘
1034,14:44:27,2.01,0.0,9,1809,卖盘
1035,14:44:39,2.01,0.0,23,4623,卖盘
1036,14:44:42,2.01,0.0,15,3015,卖盘
1037,14:44:51,2.01,0.0,95,19095,卖盘
1038,14:44:54,2.01,0.0,4,804,卖盘
1039,14:45:09,2.01,0.0,5,1005,卖盘
1040,14:45:18,2.01,0.0,61,12261,卖盘
1041,14:45:21,2.01,0.0,3,603,卖盘
1042,14:45:49,2.01,0.0,90,18090,卖盘
1043,14:46:13,2.01,0.0,96,19296,卖盘
1044,14:46:19,2.01,0.0,22,4422,卖盘
1045,14:46:33,2.01,0.0,35,7035,卖盘
1046,14:46:39,2.01,0.0,3,603,卖盘
1047,14:46:54,2.01,0.0,29,5829,卖盘
1048,14:47:09,2.01,0.0,7,1407,卖盘
1049,14:47:12,2.01,0.0,127,25527,卖盘
1050,14:47:42,2.01,0.0,86,17286,卖盘
1051,14:48:45,2.01,0.0,32,6432,卖盘
1052,14:48:48,2.01,0.0,9,1809,卖盘
1053,14:48:57,2.01,0.0,17,3417,卖盘
1054,14:49:18,2.01,0.0,82,16482,卖盘
1055,14:49:36,2.01,0.0,3,603,卖盘
1056,14:50:06,2.01,0.0,32,6432,卖盘
1057,14:50:12,2.01,0.0,66,13266,卖盘
1058,14:50:39,2.01,0.0,168,33768,卖盘
1059,14:50:48,2.01,0.0,1,201,卖盘
1060,14:50:51,2.01,0.0,34,6834,卖盘
1061,14:51:12,2.01,0.0,1,201,卖盘
1062,14:51:33,2.01,0.0,9,1809,卖盘
1063,14:51:39,2.01,0.0,1,201,卖盘
1064,14:51:48,2.01,0.0,8,1608,卖盘
1065,14:51:54,2.01,0.0,2,402,卖盘
1066,14:51:57,2.01,0.0,1,201,卖盘
1067,14:52:09,2.01,0.0,5,1005,卖盘
1068,14:52:12,2.01,0.0,3,603,卖盘
1069,14:52:39,2.02,0.01,60,12120,买盘
1070,14:52:54,2.01,-0.01,19,3819,卖盘
1071,14:53:06,2.01,0.0,177,35577,卖盘
1072,14:53:09,2.02,0.01,23,4646,买盘
1073,14:53:25,2.01,-0.01,38,7638,卖盘
1074,14:53:54,2.01,0.0,100,20100,卖盘
1075,14:54:00,2.01,0.0,3,603,卖盘
1076,14:54:09,2.02,0.01,194,39157,买盘
1077,14:54:24,2.02,0.0,2,404,买盘
1078,14:54:28,2.01,-0.01,3,603,卖盘
1079,14:54:45,2.01,0.0,9,1809,卖盘
1080,14:54:51,2.02,0.01,2,404,买盘
1081,14:55:33,2.02,0.0,1,202,买盘
1082,14:55:36,2.01,-0.01,10,2010,卖盘
1083,14:56:00,2.02,0.01,100,20200,买盘
1084,14:56:06,2.02,0.0,100,20200,买盘
1085,14:56:12,2.01,-0.01,11,2211,卖盘
1086,14:56:18,2.01,0.0,34,6834,卖盘
1087,14:56:36,2.01,0.0,7,1407,卖盘
1088,14:56:39,2.01,0.0,14,2814,卖盘
1089,14:56:43,2.01,0.0,14,2814,卖盘
1090,14:56:45,2.01,0.0,4,804,卖盘
1091,14:56:48,2.01,0.0,2,402,卖盘
1092,14:56:51,2.01,0.0,2,402,卖盘
1093,14:57:00,2.02,0.01,200,40400,买盘
1094,15:00:04,2.02,0.0,183,36966,买盘
