,time,price,change,volume,amount,type
0,09:25:04,20.53,0.26,292,599476,买盘
1,09:30:04,20.58,0.05,148,304035,中性盘
2,09:30:06,20.58,0.0,72,148037,买盘
3,09:30:10,20.58,0.0,10,20566,买盘
4,09:30:12,20.58,0.0,59,121422,买盘
5,09:30:16,20.58,0.0,22,45279,卖盘
6,09:30:19,20.58,0.0,32,65886,卖盘
7,09:30:21,20.58,0.0,8,16464,买盘
8,09:30:25,20.54,-0.04,30,61620,卖盘
9,09:30:27,20.54,0.0,60,123240,卖盘
10,09:30:31,20.54,0.0,83,170526,卖盘
11,09:30:37,20.54,0.0,58,119099,买盘
12,09:30:43,20.5,-0.04,19,38950,卖盘
13,09:30:45,20.48,-0.02,34,69662,卖盘
14,09:30:49,20.45,-0.03,54,110617,卖盘
15,09:30:54,20.45,0.0,2,4090,卖盘
16,09:30:58,20.41,-0.04,28,57148,卖盘
17,09:31:00,20.4,-0.01,1,2040,卖盘
18,09:31:07,20.4,0.0,5,10200,卖盘
19,09:31:18,20.33,-0.07,3,6099,卖盘
20,09:31:21,20.39,0.06,1,2039,买盘
21,09:31:28,20.39,0.0,5,10195,买盘
22,09:31:30,20.33,-0.06,9,18305,卖盘
23,09:31:34,20.39,0.06,11,22426,买盘
24,09:31:43,20.39,0.0,3,6117,买盘
25,09:31:46,20.39,0.0,3,6117,买盘
26,09:31:49,20.37,-0.02,4,8150,卖盘
27,09:31:52,20.39,0.02,39,79521,买盘
28,09:31:55,20.4,0.01,16,32640,买盘
29,09:31:58,20.4,0.0,23,46920,买盘
30,09:32:00,20.4,0.0,140,285603,买盘
31,09:32:04,20.41,0.01,19,38777,买盘
32,09:32:07,20.39,-0.02,21,42829,卖盘
33,09:32:10,20.39,0.0,2,4078,买盘
34,09:32:13,20.37,-0.02,1,2037,卖盘
35,09:32:16,20.39,0.02,1,2039,买盘
36,09:32:19,20.37,-0.02,3,6111,卖盘
37,09:32:28,20.35,-0.02,2,4070,卖盘
38,09:32:33,20.35,0.0,1,2035,卖盘
39,09:32:37,20.37,0.02,26,52962,买盘
40,09:32:40,20.37,0.0,2,4074,卖盘
41,09:32:46,20.39,0.02,82,167048,买盘
42,09:32:48,20.39,0.0,3,6117,卖盘
43,09:32:52,20.39,0.0,22,44858,卖盘
44,09:32:57,20.34,-0.05,24,48844,卖盘
45,09:33:07,20.39,0.05,12,24473,买盘
46,09:33:12,20.37,-0.02,2,4074,卖盘
47,09:33:16,20.37,0.0,12,24444,卖盘
48,09:33:19,20.35,-0.02,3,6105,卖盘
49,09:33:25,20.37,0.02,3,6111,买盘
50,09:33:30,20.35,-0.02,9,18315,卖盘
51,09:33:34,20.35,0.0,3,6103,买盘
52,09:33:37,20.35,0.0,3,6105,买盘
53,09:33:40,20.34,-0.01,1,2034,卖盘
54,09:33:43,20.31,-0.03,28,56895,卖盘
55,09:33:49,20.3,-0.01,10,20307,卖盘
56,09:33:51,20.3,0.0,22,44680,卖盘
57,09:33:58,20.31,0.01,32,64891,买盘
58,09:34:01,20.3,-0.01,34,68783,中性盘
59,09:34:04,20.3,0.0,1,2030,卖盘
60,09:34:06,20.3,0.0,1,2030,卖盘
61,09:34:09,20.3,0.0,2,4060,中性盘
62,09:34:12,20.27,-0.03,6,12162,中性盘
63,09:34:18,20.27,0.0,4,8110,卖盘
64,09:34:21,20.27,0.0,7,14191,卖盘
65,09:34:25,20.29,0.02,13,26365,买盘
66,09:34:28,20.29,0.0,1,2029,卖盘
67,09:34:31,20.3,0.01,2,4060,买盘
68,09:34:34,20.29,-0.01,26,52754,卖盘
69,09:34:36,20.27,-0.02,22,44594,卖盘
70,09:34:40,20.29,0.02,5,10145,买盘
71,09:34:43,20.29,0.0,85,172530,卖盘
72,09:34:49,20.3,0.01,8,16240,买盘
73,09:34:51,20.29,-0.01,2,4059,卖盘
74,09:35:04,20.31,0.02,5,10155,买盘
75,09:35:07,20.31,0.0,1,2031,买盘
76,09:35:09,20.3,-0.01,8,16242,卖盘
77,09:35:13,20.3,0.0,52,105735,卖盘
78,09:35:19,20.31,0.01,3,6093,卖盘
79,09:35:31,20.34,0.03,9,18300,买盘
80,09:35:34,20.34,0.0,5,10162,买盘
81,09:35:40,20.31,-0.03,7,14217,买盘
82,09:35:46,20.34,0.03,1,2034,买盘
83,09:35:48,20.31,-0.03,3,6095,卖盘
84,09:35:51,20.31,0.0,2,4062,卖盘
85,09:35:55,20.31,0.0,13,26403,卖盘
86,09:36:01,20.31,0.0,48,97458,买盘
87,09:36:04,20.3,-0.01,40,81227,卖盘
88,09:36:06,20.27,-0.03,36,73042,卖盘
89,09:36:09,20.27,0.0,15,30405,卖盘
90,09:36:12,20.27,0.0,55,111503,卖盘
91,09:36:16,20.23,-0.04,11,22259,卖盘
92,09:36:19,20.23,0.0,11,22253,卖盘
93,09:36:22,20.21,-0.02,7,14157,卖盘
94,09:36:25,20.21,0.0,6,12126,卖盘
95,09:36:27,20.21,0.0,4,8084,卖盘
96,09:36:30,20.21,0.0,4,8084,卖盘
97,09:36:34,20.2,-0.01,26,52539,卖盘
98,09:36:37,20.2,0.0,4,8080,卖盘
99,09:36:43,20.2,0.0,18,36375,卖盘
100,09:36:46,20.18,-0.02,14,28256,卖盘
101,09:36:49,20.16,-0.02,17,34302,卖盘
102,09:36:51,20.18,0.02,17,34292,买盘
103,09:36:55,20.19,0.01,16,32296,买盘
104,09:36:57,20.19,0.0,25,50475,卖盘
105,09:37:01,20.19,0.0,1,2019,卖盘
106,09:37:04,20.19,0.0,1,2019,卖盘
107,09:37:07,20.19,0.0,1,2019,卖盘
108,09:37:13,20.19,0.0,3,6057,卖盘
109,09:37:18,20.19,0.0,13,26247,卖盘
110,09:37:25,20.19,0.0,5,10095,买盘
111,09:37:30,20.18,-0.01,5,10090,卖盘
112,09:37:34,20.19,0.01,12,24215,买盘
113,09:37:37,20.17,-0.02,23,46392,卖盘
114,09:37:43,20.18,0.01,20,40360,买盘
115,09:37:46,20.18,0.0,8,16144,买盘
116,09:37:49,20.17,-0.01,8,16141,卖盘
117,09:37:51,20.17,0.0,3,6051,卖盘
118,09:37:55,20.17,0.0,3,6051,卖盘
119,09:37:57,20.18,0.01,19,38342,买盘
120,09:38:00,20.19,0.01,30,60570,买盘
121,09:38:06,20.19,0.0,25,50475,买盘
122,09:38:13,20.21,0.02,2,4042,卖盘
123,09:38:19,20.22,0.01,3,6066,卖盘
124,09:38:33,20.21,-0.01,48,97027,卖盘
125,09:38:40,20.21,0.0,20,40420,买盘
126,09:38:43,20.21,0.0,47,94987,买盘
127,09:38:48,20.2,-0.01,5,10102,卖盘
128,09:38:51,20.2,0.0,10,20208,卖盘
129,09:39:01,20.21,0.01,5,10105,买盘
130,09:39:04,20.19,-0.02,25,50480,卖盘
131,09:39:06,20.21,0.02,29,58654,买盘
132,09:39:12,20.2,-0.01,2,4041,卖盘
133,09:39:19,20.21,0.01,3,6063,卖盘
134,09:39:22,20.2,-0.01,28,56577,卖盘
135,09:39:31,20.21,0.01,20,40420,卖盘
136,09:39:33,20.19,-0.02,42,84830,卖盘
137,09:39:39,20.18,-0.01,14,28261,卖盘
138,09:39:49,20.19,0.01,3,6057,卖盘
139,09:39:52,20.21,0.02,26,52546,买盘
140,09:39:54,20.19,-0.02,2,4038,卖盘
141,09:39:57,20.21,0.02,13,26273,买盘
142,09:40:00,20.21,0.0,5,10105,卖盘
143,09:40:12,20.21,0.0,2,4042,卖盘
144,09:40:16,20.21,0.0,3,6063,卖盘
145,09:40:19,20.21,0.0,3,6063,卖盘
146,09:40:28,20.22,0.01,3,6066,卖盘
147,09:40:33,20.22,0.0,4,8102,卖盘
148,09:40:40,20.22,0.0,30,60660,卖盘
149,09:40:49,20.23,0.01,3,6069,卖盘
150,09:40:54,20.23,0.0,2,4046,卖盘
151,09:41:07,20.28,0.05,3,6084,买盘
152,09:41:12,20.23,-0.05,2,4046,卖盘
153,09:41:18,20.23,0.0,2,4046,卖盘
154,09:41:22,20.27,0.04,2,4054,买盘
155,09:41:25,20.22,-0.05,59,119307,卖盘
156,09:41:34,20.22,0.0,18,36396,卖盘
157,09:41:42,20.21,-0.01,47,94987,卖盘
158,09:41:46,20.21,0.0,3,6063,卖盘
159,09:41:52,20.21,0.0,2,4042,卖盘
160,09:41:55,20.21,0.0,28,56588,卖盘
161,09:42:01,20.22,0.01,37,74814,买盘
162,09:42:13,20.22,0.0,2,4044,卖盘
163,09:42:22,20.23,0.01,20,40460,买盘
164,09:42:33,20.22,-0.01,2,4044,卖盘
165,09:42:36,20.23,0.01,3,6069,买盘
166,09:42:43,20.27,0.04,8,16196,买盘
167,09:42:52,20.22,-0.05,2,4044,卖盘
168,09:43:13,20.22,0.0,4,8090,卖盘
169,09:43:27,20.23,0.01,32,64736,买盘
170,09:43:31,20.22,-0.01,34,68748,卖盘
171,09:43:34,20.22,0.0,2,4044,卖盘
172,09:43:37,20.22,0.0,2,4044,卖盘
173,09:43:48,20.27,0.05,50,101330,买盘
174,09:43:51,20.22,-0.05,5,10110,卖盘
175,09:43:54,20.22,0.0,2,4044,卖盘
176,09:44:04,20.28,0.06,48,97309,买盘
177,09:44:13,20.22,-0.06,2,4044,卖盘
178,09:44:16,20.28,0.06,3,6084,买盘
179,09:44:21,20.22,-0.06,5,10134,卖盘
180,09:44:25,20.29,0.07,50,101424,买盘
181,09:44:36,20.28,-0.01,15,30420,买盘
182,09:44:39,20.32,0.04,72,146077,买盘
183,09:44:42,20.33,0.01,24,48783,买盘
184,09:44:45,20.26,-0.07,3,6092,中性盘
185,09:44:55,20.32,0.06,10,20320,卖盘
186,09:44:57,20.33,0.01,10,20330,买盘
187,09:45:06,20.33,0.0,6,12196,买盘
188,09:45:19,20.33,0.0,51,103671,买盘
189,09:45:22,20.34,0.01,4,8136,买盘
190,09:45:24,20.34,0.0,18,36604,买盘
191,09:45:34,20.34,0.0,11,22374,买盘
192,09:45:46,20.33,-0.01,35,71167,卖盘
193,09:45:49,20.33,0.0,4,8134,卖盘
194,09:45:57,20.33,0.0,1,2033,买盘
195,09:46:06,20.29,-0.04,9,18264,卖盘
196,09:46:10,20.33,0.04,3,6099,买盘
197,09:46:16,20.3,-0.03,10,20300,中性盘
198,09:46:25,20.29,-0.01,36,73044,卖盘
199,09:46:31,20.29,0.0,4,8116,卖盘
200,09:46:37,20.29,0.0,6,12174,卖盘
201,09:46:42,20.29,0.0,17,34493,卖盘
202,09:47:04,20.3,0.01,12,24349,买盘
203,09:47:24,20.33,0.03,5,10165,买盘
204,09:47:30,20.32,-0.01,2,4064,买盘
205,09:47:39,20.34,0.02,41,83345,买盘
206,09:47:42,20.34,0.0,1,2034,卖盘
207,09:47:46,20.35,0.01,4,8140,买盘
208,09:47:49,20.38,0.03,60,122197,买盘
209,09:47:55,20.35,-0.03,1,2035,卖盘
210,09:47:58,20.49,0.14,50,102127,买盘
211,09:48:01,20.49,0.0,5,10245,买盘
212,09:48:06,20.5,0.01,48,98108,买盘
213,09:48:16,20.4,-0.1,25,51000,卖盘
214,09:48:18,20.4,0.0,1,2040,卖盘
215,09:48:22,20.46,0.06,26,53184,买盘
216,09:48:27,20.43,-0.03,1,2043,卖盘
217,09:48:30,20.41,-0.02,28,57156,卖盘
218,09:48:36,20.4,-0.01,2,4080,买盘
219,09:48:40,20.38,-0.02,78,159088,卖盘
220,09:48:46,20.39,0.01,8,16312,买盘
221,09:48:55,20.39,0.0,11,22421,买盘
222,09:49:04,20.39,0.0,23,46897,买盘
223,09:49:09,20.39,0.0,26,53017,卖盘
224,09:49:15,20.39,0.0,23,46897,卖盘
225,09:49:28,20.38,-0.01,9,18348,卖盘
226,09:49:36,20.38,0.0,3,6114,卖盘
227,09:49:46,20.38,0.0,14,28532,卖盘
228,09:49:52,20.39,0.01,43,87641,买盘
229,09:49:57,20.39,0.0,3,6117,买盘
230,09:50:04,20.38,-0.01,9,18342,卖盘
231,09:50:10,20.36,-0.02,5,10182,卖盘
232,09:50:13,20.39,0.03,37,75428,买盘
233,09:50:16,20.37,-0.02,14,28518,中性盘
234,09:50:25,20.37,0.0,22,44814,卖盘
235,09:50:28,20.38,0.01,1,2038,卖盘
236,09:50:39,20.39,0.01,28,57092,买盘
237,09:50:52,20.39,0.0,5,10196,卖盘
238,09:50:55,20.39,0.0,2,4078,卖盘
239,09:51:06,20.37,-0.02,28,57038,卖盘
240,09:51:13,20.39,0.02,68,138581,买盘
241,09:51:30,20.38,-0.01,2,4076,买盘
242,09:51:33,20.37,-0.01,10,20370,买盘
243,09:51:37,20.37,0.0,2,4074,买盘
244,09:51:40,20.36,-0.01,2,4072,卖盘
245,09:51:46,20.36,0.0,11,22396,卖盘
246,09:51:49,20.37,0.01,9,18333,买盘
247,09:51:51,20.37,0.0,5,10185,卖盘
248,09:52:01,20.37,0.0,20,40754,卖盘
249,09:52:07,20.36,-0.01,115,234243,卖盘
250,09:52:10,20.37,0.01,26,52940,买盘
251,09:52:31,20.36,-0.01,2,4072,卖盘
252,09:52:39,20.37,0.01,5,10183,买盘
253,09:52:46,20.35,-0.02,11,22385,卖盘
254,09:52:55,20.35,0.0,4,8140,卖盘
255,09:53:01,20.35,0.0,2,4070,卖盘
256,09:53:13,20.35,0.0,2,4070,卖盘
257,09:53:18,20.37,0.02,48,97772,买盘
258,09:53:34,20.38,0.01,15,30570,买盘
259,09:53:52,20.38,0.0,49,99862,卖盘
260,09:54:15,20.39,0.01,44,89716,买盘
261,09:54:28,20.4,0.01,21,42802,买盘
262,09:54:30,20.4,0.0,7,14280,卖盘
263,09:54:36,20.44,0.04,42,85836,买盘
264,09:54:43,20.4,-0.04,10,20400,卖盘
265,09:54:46,20.44,0.04,25,51098,买盘
266,09:54:51,20.44,0.0,10,20416,买盘
267,09:55:01,20.4,-0.04,4,8160,卖盘
268,09:55:04,20.4,0.0,1,2040,卖盘
269,09:55:09,20.4,0.0,2,4080,卖盘
270,09:55:13,20.4,0.0,2,4080,卖盘
271,09:55:16,20.4,0.0,1,2040,卖盘
272,09:55:19,20.4,0.0,17,34690,卖盘
273,09:55:22,20.4,0.0,2,4080,卖盘
274,09:55:24,20.4,0.0,5,10200,卖盘
275,09:55:27,20.4,0.0,25,51000,买盘
276,09:55:37,20.38,-0.02,2,4076,卖盘
277,09:55:46,20.38,0.0,5,10190,卖盘
278,09:55:48,20.38,0.0,1,2038,买盘
279,09:55:52,20.38,0.0,1,2038,买盘
280,09:56:00,20.44,0.06,108,220348,买盘
281,09:56:04,20.44,0.0,193,394492,卖盘
282,09:56:07,20.44,0.0,84,171696,卖盘
283,09:56:10,20.45,0.01,5,10225,买盘
284,09:56:13,20.44,-0.01,111,226884,卖盘
285,09:56:15,20.48,0.04,222,454263,买盘
286,09:56:18,20.48,0.0,15,30720,卖盘
287,09:56:28,20.45,-0.03,3,6141,卖盘
288,09:56:31,20.45,0.0,14,28642,卖盘
289,09:56:33,20.48,0.03,1,2048,买盘
290,09:56:40,20.47,-0.01,13,26611,中性盘
291,09:56:42,20.47,0.0,18,36826,买盘
292,09:56:45,20.45,-0.02,47,96227,卖盘
293,09:56:48,20.45,0.0,10,20450,买盘
294,09:56:52,20.45,0.0,30,61350,买盘
295,09:56:55,20.48,0.03,14,28672,买盘
296,09:56:58,20.48,0.0,142,290899,买盘
297,09:57:01,20.47,-0.01,14,28677,卖盘
298,09:57:04,20.51,0.04,31,63565,买盘
299,09:57:07,20.5,-0.01,40,82007,卖盘
300,09:57:09,20.57,0.07,92,188931,买盘
301,09:57:12,20.58,0.01,5,10290,买盘
302,09:57:16,20.57,-0.01,42,86346,卖盘
303,09:57:19,20.57,0.0,36,74052,买盘
304,09:57:25,20.57,0.0,62,127534,买盘
305,09:57:28,20.51,-0.06,17,34957,卖盘
306,09:57:30,20.58,0.07,42,86430,买盘
307,09:57:33,20.52,-0.06,25,51417,卖盘
308,09:57:36,20.57,0.05,33,67881,买盘
309,09:57:39,20.52,-0.05,7,14364,卖盘
310,09:57:43,20.57,0.05,78,160399,买盘
311,09:57:46,20.6,0.03,229,471589,买盘
312,09:57:49,20.6,0.0,3,6180,卖盘
313,09:57:51,20.65,0.05,38,78446,买盘
314,09:57:54,20.68,0.03,70,144752,买盘
315,09:57:58,20.65,-0.03,41,84825,卖盘
316,09:58:01,20.75,0.1,200,414450,买盘
317,09:58:04,20.7,-0.05,42,87015,中性盘
318,09:58:10,20.78,0.08,250,518901,买盘
319,09:58:13,20.79,0.01,101,209553,买盘
320,09:58:15,20.76,-0.03,50,103773,中性盘
321,09:58:18,20.78,0.02,15,31148,买盘
322,09:58:22,20.78,0.0,5,10390,买盘
323,09:58:25,20.78,0.0,45,93474,买盘
324,09:58:28,20.8,0.02,56,116424,买盘
325,09:58:30,20.8,0.0,141,293115,买盘
326,09:58:33,20.85,0.05,90,187485,买盘
327,09:58:37,20.83,-0.02,105,218753,中性盘
328,09:58:40,20.88,0.05,188,392413,买盘
329,09:58:43,20.87,-0.01,53,110542,买盘
330,09:58:46,20.87,0.0,88,183666,卖盘
331,09:58:49,20.88,0.01,187,390310,买盘
332,09:58:52,20.9,0.02,104,217270,买盘
333,09:58:55,20.95,0.05,346,725661,买盘
334,09:58:58,21.02,0.07,98,205741,买盘
335,09:59:00,21.09,0.07,149,314038,买盘
336,09:59:03,21.09,0.0,32,67581,卖盘
337,09:59:07,21.23,0.14,305,646733,买盘
338,09:59:10,21.19,-0.04,51,108304,卖盘
339,09:59:13,21.2,0.01,50,106029,买盘
340,09:59:16,21.18,-0.02,209,442855,卖盘
341,09:59:19,21.15,-0.03,103,218024,卖盘
342,09:59:21,21.17,0.02,208,439429,买盘
343,09:59:24,21.16,-0.01,286,605519,中性盘
344,09:59:27,21.16,0.0,271,573516,买盘
345,09:59:31,21.15,-0.01,115,243043,中性盘
346,09:59:34,21.15,0.0,159,336158,买盘
347,09:59:37,21.1,-0.05,156,329484,卖盘
348,09:59:40,21.1,0.0,264,557030,买盘
349,09:59:43,21.12,0.02,138,291645,卖盘
350,09:59:45,21.09,-0.03,141,297651,卖盘
351,09:59:48,21.09,0.0,25,52725,买盘
352,09:59:52,21.02,-0.07,35,73745,卖盘
353,09:59:55,21.02,0.0,69,145051,买盘
354,09:59:57,21.06,0.04,71,149257,买盘
355,10:00:01,21.01,-0.05,32,67241,卖盘
356,10:00:04,21.01,0.0,19,39919,买盘
357,10:00:06,21.08,0.07,123,258866,买盘
358,10:00:09,21.03,-0.05,38,79869,卖盘
359,10:00:12,21.03,0.0,11,23135,卖盘
360,10:00:16,21.07,0.04,150,315832,买盘
361,10:00:19,21.0,-0.07,218,457861,卖盘
362,10:00:22,20.99,-0.01,222,466161,中性盘
363,10:00:24,21.03,0.04,61,128178,买盘
364,10:00:27,21.02,-0.01,26,54652,买盘
365,10:00:30,21.02,0.0,30,63018,买盘
366,10:00:34,21.04,0.02,76,159950,买盘
367,10:00:37,21.05,0.01,75,158004,中性盘
368,10:00:40,21.1,0.05,299,630422,买盘
369,10:00:43,21.1,0.0,73,154013,买盘
370,10:00:46,21.07,-0.03,345,728861,卖盘
371,10:00:48,21.13,0.06,6,12675,买盘
372,10:00:51,21.16,0.03,203,429383,买盘
373,10:00:54,21.16,0.0,46,97470,卖盘
374,10:00:58,21.17,0.01,92,194926,中性盘
375,10:01:00,21.2,0.03,198,420040,买盘
376,10:01:04,21.25,0.05,130,275858,买盘
377,10:01:07,21.28,0.03,156,331601,买盘
378,10:01:09,21.25,-0.03,212,451096,中性盘
379,10:01:13,21.26,0.01,101,214989,中性盘
380,10:01:16,21.29,0.03,25,53198,中性盘
381,10:01:18,21.25,-0.04,251,533571,卖盘
382,10:01:21,21.17,-0.08,167,353782,卖盘
383,10:01:25,21.17,0.0,135,285695,买盘
384,10:01:28,21.15,-0.02,53,112165,中性盘
385,10:01:30,21.1,-0.05,107,226170,卖盘
386,10:01:33,21.07,-0.03,149,314694,卖盘
387,10:01:37,21.06,-0.01,13,27378,卖盘
388,10:01:40,21.07,0.01,46,96865,买盘
389,10:01:43,21.0,-0.07,66,138702,卖盘
390,10:01:45,20.99,-0.01,8,16792,买盘
391,10:01:49,20.99,0.0,43,90236,买盘
392,10:01:52,20.99,0.0,29,60871,中性盘
393,10:01:55,21.0,0.01,15,31489,买盘
394,10:01:58,20.98,-0.02,321,674551,卖盘
395,10:02:01,20.98,0.0,20,41960,买盘
396,10:02:04,20.96,-0.02,1,2096,卖盘
397,10:02:07,20.98,0.02,83,174084,买盘
398,10:02:10,20.98,0.0,15,31480,卖盘
399,10:02:12,20.99,0.01,71,148997,买盘
400,10:02:16,21.0,0.01,57,119696,买盘
401,10:02:19,21.04,0.04,20,42080,买盘
402,10:02:21,21.0,-0.04,5,10513,卖盘
403,10:02:24,21.05,0.05,13,27355,买盘
404,10:02:28,21.05,0.0,6,12630,卖盘
405,10:02:31,21.14,0.09,32,67605,买盘
406,10:02:34,21.13,-0.01,30,63390,卖盘
407,10:02:37,21.16,0.03,59,124752,买盘
408,10:02:39,21.16,0.0,37,78254,买盘
409,10:02:42,21.18,0.02,6,12700,买盘
410,10:02:46,21.16,-0.02,84,177864,卖盘
411,10:02:49,21.17,0.01,73,154505,买盘
412,10:02:52,21.16,-0.01,63,133391,卖盘
413,10:02:55,21.16,0.0,161,340748,买盘
414,10:02:57,21.15,-0.01,141,298207,卖盘
415,10:03:00,21.14,-0.01,13,27483,卖盘
416,10:03:03,21.12,-0.02,127,268355,卖盘
417,10:03:07,21.1,-0.02,61,128710,卖盘
418,10:03:13,21.06,-0.04,27,56914,中性盘
419,10:03:16,21.04,-0.02,345,726186,卖盘
420,10:03:19,21.03,-0.01,63,132345,买盘
421,10:03:22,21.03,0.0,5,10512,买盘
422,10:03:24,21.0,-0.03,114,239409,卖盘
423,10:03:27,21.01,0.01,70,147021,中性盘
424,10:03:31,21.0,-0.01,32,67227,中性盘
425,10:03:34,20.95,-0.05,129,270781,卖盘
426,10:03:37,20.94,-0.01,20,41880,买盘
427,10:03:40,20.94,0.0,9,18843,买盘
428,10:03:42,20.95,0.01,41,85895,买盘
429,10:03:48,21.0,0.05,95,199218,买盘
430,10:03:52,21.01,0.01,14,29414,卖盘
431,10:03:55,21.01,0.0,1,2101,卖盘
432,10:03:58,21.02,0.01,4,8408,买盘
433,10:04:00,21.03,0.01,85,178664,买盘
434,10:04:04,21.03,0.0,31,65191,买盘
435,10:04:06,21.03,0.0,25,52575,买盘
436,10:04:10,21.07,0.04,32,67394,买盘
437,10:04:12,21.03,-0.04,1,2103,卖盘
438,10:04:15,21.08,0.05,10,21057,买盘
439,10:04:18,21.09,0.01,8,16836,买盘
440,10:04:22,21.08,-0.01,25,52633,中性盘
441,10:04:24,21.08,0.0,1,2108,买盘
442,10:04:27,21.07,-0.01,53,111723,买盘
443,10:04:31,21.05,-0.02,3,6315,卖盘
444,10:04:34,21.07,0.02,24,50568,买盘
445,10:04:37,21.05,-0.02,6,12640,卖盘
446,10:04:39,21.05,0.0,23,48429,卖盘
447,10:04:42,21.05,0.0,36,75780,买盘
448,10:04:45,21.04,-0.01,52,109409,卖盘
449,10:04:48,21.04,0.0,7,14728,买盘
450,10:04:52,21.05,0.01,91,191520,买盘
451,10:04:55,21.03,-0.02,118,248204,卖盘
452,10:05:01,21.07,0.04,42,88403,买盘
453,10:05:04,21.07,0.0,14,29498,卖盘
454,10:05:07,21.09,0.02,29,61161,买盘
455,10:05:10,21.07,-0.02,19,40041,卖盘
456,10:05:12,21.09,0.02,69,145522,买盘
457,10:05:15,21.09,0.0,23,48526,卖盘
458,10:05:18,21.15,0.06,26,54908,买盘
459,10:05:22,21.09,-0.06,64,135117,卖盘
460,10:05:25,21.09,0.0,17,35853,买盘
461,10:05:28,21.1,0.01,2,4220,卖盘
462,10:05:31,21.15,0.05,6,12680,买盘
463,10:05:37,21.12,-0.03,26,54917,卖盘
464,10:05:39,21.12,0.0,34,71823,卖盘
465,10:05:42,21.13,0.01,49,103472,买盘
466,10:05:45,21.12,-0.01,2,4224,买盘
467,10:05:48,21.1,-0.02,3,6330,中性盘
468,10:05:52,21.1,0.0,19,40122,卖盘
469,10:05:55,21.1,0.0,53,111959,中性盘
470,10:05:58,21.1,0.0,140,295452,卖盘
471,10:06:01,21.12,0.02,25,52764,买盘
472,10:06:04,21.12,0.0,30,63360,买盘
473,10:06:10,21.12,0.0,14,29548,买盘
474,10:06:13,21.12,0.0,10,21114,买盘
475,10:06:15,21.1,-0.02,29,61190,卖盘
476,10:06:19,21.11,0.01,206,434654,买盘
477,10:06:22,21.09,-0.02,3,6327,卖盘
478,10:06:25,21.09,0.0,3,6327,买盘
479,10:06:30,21.06,-0.03,7,14742,卖盘
480,10:06:33,21.09,0.03,85,179261,买盘
481,10:06:36,21.06,-0.03,8,16854,卖盘
482,10:06:43,21.06,0.0,11,23180,卖盘
483,10:06:46,21.05,-0.01,47,98984,卖盘
484,10:06:55,21.03,-0.02,7,14721,卖盘
485,10:06:57,21.03,0.0,3,6309,买盘
486,10:07:00,21.01,-0.02,10,21011,卖盘
487,10:07:07,21.01,0.0,14,29414,卖盘
488,10:07:10,21.03,0.02,50,105136,买盘
489,10:07:13,21.01,-0.02,16,33605,买盘
490,10:07:16,21.01,0.0,17,35716,买盘
491,10:07:18,21.03,0.02,25,52570,买盘
492,10:07:21,21.05,0.02,9,18945,买盘
493,10:07:24,21.03,-0.02,35,73605,卖盘
494,10:07:27,21.03,0.0,1,2103,卖盘
495,10:07:31,21.03,0.0,6,12618,卖盘
496,10:07:33,21.03,0.0,6,12618,卖盘
497,10:07:40,21.03,0.0,61,128283,买盘
498,10:07:43,21.05,0.02,101,212953,买盘
499,10:07:52,21.05,0.0,19,39995,卖盘
500,10:07:55,21.05,0.0,1,2105,卖盘
501,10:07:57,21.08,0.03,54,113257,买盘
502,10:08:07,21.08,0.0,47,99043,买盘
503,10:08:13,21.08,0.0,15,32105,买盘
504,10:08:18,21.09,0.01,18,37957,买盘
505,10:08:22,21.09,0.0,20,42180,买盘
506,10:08:28,21.07,-0.02,42,88472,中性盘
507,10:08:31,21.09,0.02,5,10544,买盘
508,10:08:33,21.07,-0.02,1,2107,卖盘
509,10:08:36,21.07,0.0,120,252846,卖盘
510,10:08:43,21.06,-0.01,41,85862,卖盘
511,10:08:49,21.03,-0.03,55,115711,卖盘
512,10:08:52,21.06,0.03,31,65283,买盘
513,10:08:55,21.06,0.0,5,10530,买盘
514,10:08:58,21.03,-0.03,4,8412,卖盘
515,10:09:03,21.03,0.0,21,44173,卖盘
516,10:09:07,21.06,0.03,112,235766,买盘
517,10:09:09,21.06,0.0,8,16846,买盘
518,10:09:22,21.05,-0.01,56,117782,买盘
519,10:09:24,21.06,0.01,7,14736,买盘
520,10:09:28,21.03,-0.03,2,4206,卖盘
521,10:09:36,21.05,0.02,30,63134,买盘
522,10:09:39,21.03,-0.02,5,10515,卖盘
523,10:09:43,21.05,0.02,11,23151,买盘
524,10:09:55,21.05,0.0,12,25260,卖盘
525,10:09:57,21.05,0.0,30,63150,卖盘
526,10:10:01,21.05,0.0,15,31575,卖盘
527,10:10:10,21.05,0.0,19,39982,买盘
528,10:10:13,21.05,0.0,25,52622,买盘
529,10:10:16,21.05,0.0,36,75778,买盘
530,10:10:19,21.05,0.0,6,12630,卖盘
531,10:10:27,21.05,0.0,58,122090,卖盘
532,10:10:34,21.05,0.0,4,8420,卖盘
533,10:10:37,21.06,0.01,45,95254,买盘
534,10:10:39,21.05,-0.01,99,207975,卖盘
535,10:10:43,21.08,0.03,74,156428,买盘
536,10:10:48,21.09,0.01,13,27417,买盘
537,10:10:52,21.08,-0.01,5,10540,卖盘
538,10:10:55,21.09,0.01,101,212995,买盘
539,10:10:57,21.08,-0.01,7,14271,卖盘
540,10:11:00,21.09,0.01,34,71697,买盘
541,10:11:15,21.08,-0.01,8,16863,买盘
542,10:11:18,21.08,0.0,5,11025,买盘
543,10:11:25,21.09,0.01,3,6327,买盘
544,10:11:28,21.1,0.01,22,46416,买盘
545,10:11:31,21.09,-0.01,301,636283,中性盘
546,10:11:34,21.2,0.11,69,145939,买盘
547,10:11:39,21.2,0.0,12,25440,买盘
548,10:11:42,21.2,0.0,15,31800,买盘
549,10:11:45,21.2,0.0,13,27550,买盘
550,10:11:48,21.2,0.0,5,10600,买盘
551,10:11:52,21.22,0.02,28,59379,买盘
552,10:11:55,21.21,-0.01,66,139904,中性盘
553,10:11:58,21.17,-0.04,7,14819,买盘
554,10:12:00,21.22,0.05,56,118829,买盘
555,10:12:03,21.22,0.0,12,25464,卖盘
556,10:12:06,21.22,0.0,37,78481,买盘
557,10:12:10,21.21,-0.01,10,21210,中性盘
558,10:12:12,21.2,-0.01,20,42403,卖盘
559,10:12:15,21.22,0.02,14,29708,买盘
560,10:12:19,21.21,-0.01,10,21216,卖盘
561,10:12:22,21.2,-0.01,5,10600,卖盘
562,10:12:25,21.2,0.0,7,14840,买盘
563,10:12:30,21.21,0.01,65,137784,买盘
564,10:12:33,21.18,-0.03,17,35974,中性盘
565,10:12:37,21.18,0.0,72,152511,卖盘
566,10:12:40,21.18,0.0,36,76215,买盘
567,10:12:43,21.18,0.0,27,57126,买盘
568,10:12:46,21.18,0.0,2,4236,买盘
569,10:12:49,21.18,0.0,6,12698,买盘
570,10:12:52,21.15,-0.03,8,16929,卖盘
571,10:12:54,21.18,0.03,28,59300,买盘
572,10:12:58,21.18,0.0,29,61461,卖盘
573,10:13:04,21.17,-0.01,13,27521,卖盘
574,10:13:06,21.16,-0.01,2,4232,中性盘
575,10:13:10,21.15,-0.01,4,8460,卖盘
576,10:13:12,21.14,-0.01,11,23254,中性盘
577,10:13:16,21.12,-0.02,11,23233,卖盘
578,10:13:19,21.12,0.0,4,8450,卖盘
579,10:13:22,21.12,0.0,1,2112,卖盘
580,10:13:24,21.13,0.01,5,10565,卖盘
581,10:13:28,21.14,0.01,11,23254,买盘
582,10:13:31,21.13,-0.01,6,12678,中性盘
583,10:13:34,21.13,0.0,22,46486,卖盘
584,10:13:37,21.12,-0.01,10,21121,卖盘
585,10:13:40,21.14,0.02,33,69741,买盘
586,10:13:43,21.14,0.0,3,6342,卖盘
587,10:13:49,21.14,0.0,10,21140,卖盘
588,10:13:52,21.14,0.0,5,10570,卖盘
589,10:13:57,21.12,-0.02,1,2112,卖盘
590,10:14:00,21.12,0.0,6,12672,卖盘
591,10:14:04,21.11,-0.01,66,139326,卖盘
592,10:14:06,21.12,0.01,4,8448,卖盘
593,10:14:09,21.11,-0.01,66,139453,卖盘
594,10:14:12,21.11,0.0,14,29554,卖盘
595,10:14:15,21.11,0.0,12,25332,卖盘
596,10:14:22,21.1,-0.01,19,40090,卖盘
597,10:14:25,21.11,0.01,18,37997,买盘
598,10:14:31,21.11,0.0,21,44318,买盘
599,10:14:37,21.09,-0.02,1,2109,卖盘
600,10:14:39,21.09,0.0,7,14773,卖盘
601,10:14:45,21.09,0.0,26,54834,买盘
602,10:14:48,21.09,0.0,73,153944,买盘
603,10:14:52,21.09,0.0,5,10545,卖盘
604,10:14:55,21.09,0.0,48,101232,卖盘
605,10:14:57,21.1,0.01,25,52744,买盘
606,10:15:00,21.1,0.0,13,27432,卖盘
607,10:15:04,21.09,-0.01,2,4218,卖盘
608,10:15:07,21.1,0.01,7,14770,买盘
609,10:15:10,21.1,0.0,2,4220,买盘
610,10:15:12,21.1,0.0,1,2110,卖盘
611,10:15:15,21.11,0.01,14,29553,买盘
612,10:15:18,21.1,-0.01,32,67529,卖盘
613,10:15:25,21.12,0.02,4,8447,买盘
614,10:15:28,21.12,0.0,2,4224,卖盘
615,10:15:30,21.13,0.01,10,21130,买盘
616,10:15:36,21.12,-0.01,4,8448,卖盘
617,10:15:40,21.13,0.01,38,80294,买盘
618,10:15:43,21.13,0.0,2,4226,卖盘
619,10:15:46,21.14,0.01,13,27482,买盘
620,10:15:49,21.14,0.0,19,40166,买盘
621,10:15:52,21.15,0.01,52,109976,买盘
622,10:15:54,21.15,0.0,30,63450,买盘
623,10:15:57,21.15,0.0,61,129015,卖盘
624,10:16:00,21.16,0.01,10,21160,买盘
625,10:16:04,21.15,-0.01,99,209483,卖盘
626,10:16:07,21.15,0.0,50,105793,卖盘
627,10:16:10,21.18,0.03,22,46584,买盘
628,10:16:15,21.19,0.01,115,243745,买盘
629,10:16:18,21.2,0.01,66,139920,买盘
630,10:16:21,21.2,0.0,5,10600,买盘
631,10:16:28,21.2,0.0,20,42400,卖盘
632,10:16:31,21.21,0.01,24,50920,买盘
633,10:16:34,21.21,0.0,40,84810,买盘
634,10:16:36,21.21,0.0,36,76356,买盘
635,10:16:39,21.2,-0.01,71,150583,卖盘
636,10:16:42,21.23,0.03,45,95506,买盘
637,10:16:48,21.2,-0.03,20,42390,买盘
638,10:16:52,21.2,0.0,40,84800,买盘
639,10:16:55,21.21,0.01,4,8484,卖盘
640,10:16:58,21.2,-0.01,39,82681,卖盘
641,10:17:01,21.22,0.02,4,8488,买盘
642,10:17:06,21.21,-0.01,11,23331,卖盘
643,10:17:10,21.22,0.01,10,21213,买盘
644,10:17:12,21.2,-0.02,14,29686,卖盘
645,10:17:16,21.2,0.0,42,89059,卖盘
646,10:17:19,21.19,-0.01,50,105986,卖盘
647,10:17:22,21.19,0.0,17,36030,卖盘
648,10:17:25,21.2,0.01,83,175959,买盘
649,10:17:27,21.2,0.0,47,99629,买盘
650,10:17:31,21.2,0.0,1,2120,买盘
651,10:17:34,21.19,-0.01,68,144116,卖盘
652,10:17:36,21.22,0.03,44,93323,买盘
653,10:17:40,21.22,0.0,70,148456,中性盘
654,10:17:42,21.2,-0.02,2,4240,卖盘
655,10:17:45,21.22,0.02,10,21214,买盘
656,10:17:49,21.22,0.0,27,57284,买盘
657,10:17:54,21.2,-0.02,55,116600,卖盘
658,10:18:00,21.19,-0.01,7,14833,卖盘
659,10:18:07,21.2,0.01,39,82656,买盘
660,10:18:10,21.19,-0.01,38,80522,卖盘
661,10:18:12,21.2,0.01,44,93255,买盘
662,10:18:15,21.19,-0.01,45,95355,卖盘
663,10:18:21,21.18,-0.01,60,127169,卖盘
664,10:18:25,21.18,0.0,35,74133,卖盘
665,10:18:28,21.18,0.0,8,16944,卖盘
666,10:18:31,21.18,0.0,5,10590,买盘
667,10:18:34,21.18,0.0,1,2118,买盘
668,10:18:37,21.15,-0.03,10,21150,卖盘
669,10:18:40,21.15,0.0,17,35955,卖盘
670,10:18:45,21.15,0.0,37,78256,卖盘
671,10:18:48,21.15,0.0,2,4230,买盘
672,10:18:54,21.15,0.0,9,19035,卖盘
673,10:18:58,21.14,-0.01,31,65552,卖盘
674,10:19:00,21.16,0.02,1,2116,买盘
675,10:19:04,21.14,-0.02,20,42290,卖盘
676,10:19:16,21.16,0.02,32,67712,买盘
677,10:19:19,21.17,0.01,3,6351,买盘
678,10:19:22,21.16,-0.01,12,25392,卖盘
679,10:19:25,21.16,0.0,29,61364,卖盘
680,10:19:28,21.16,0.0,68,143889,卖盘
681,10:19:31,21.17,0.01,6,12702,买盘
682,10:19:34,21.17,0.0,14,29633,买盘
683,10:19:37,21.17,0.0,7,14819,买盘
684,10:19:42,21.17,0.0,49,103733,买盘
685,10:19:46,21.17,0.0,26,55042,买盘
686,10:19:58,21.18,0.01,6,12708,买盘
687,10:20:00,21.18,0.0,10,21180,买盘
688,10:20:04,21.18,0.0,33,69892,买盘
689,10:20:06,21.17,-0.01,172,364179,卖盘
690,10:20:10,21.17,0.0,19,40223,买盘
691,10:20:16,21.16,-0.01,3,6348,卖盘
692,10:20:19,21.17,0.01,2,4234,买盘
693,10:20:21,21.17,0.0,125,264624,买盘
694,10:20:25,21.18,0.01,35,74130,卖盘
695,10:20:27,21.18,0.0,17,36006,卖盘
696,10:20:30,21.2,0.02,10,21200,买盘
697,10:20:33,21.18,-0.02,11,23298,卖盘
698,10:20:37,21.18,0.0,2,4236,中性盘
699,10:20:46,21.18,0.0,10,21173,买盘
700,10:20:52,21.18,0.0,60,127080,买盘
701,10:20:58,21.17,-0.01,15,31755,卖盘
702,10:21:01,21.18,0.01,23,48708,买盘
703,10:21:04,21.18,0.0,29,61422,买盘
704,10:21:07,21.18,0.0,17,36006,卖盘
705,10:21:10,21.18,0.0,8,16944,卖盘
706,10:21:28,21.17,-0.01,11,23287,卖盘
707,10:21:31,21.17,0.0,47,99501,卖盘
708,10:21:39,21.17,0.0,21,44457,买盘
709,10:21:46,21.16,-0.01,34,71948,卖盘
710,10:21:51,21.17,0.01,41,86779,买盘
711,10:21:54,21.17,0.0,3,6352,卖盘
712,10:21:57,21.17,0.0,41,86776,卖盘
713,10:22:01,21.17,0.0,13,27511,买盘
714,10:22:13,21.16,-0.01,27,57132,卖盘
715,10:22:19,21.16,0.0,9,19043,买盘
716,10:22:24,21.15,-0.01,2,4230,卖盘
717,10:22:37,21.15,0.0,10,21150,卖盘
718,10:22:43,21.15,0.0,9,19035,卖盘
719,10:22:46,21.16,0.01,43,90948,买盘
720,10:22:51,21.15,-0.01,1,2115,买盘
721,10:23:00,21.13,-0.02,53,112024,卖盘
722,10:23:06,21.13,0.0,18,38034,卖盘
723,10:23:13,21.14,0.01,3,6342,买盘
724,10:23:16,21.12,-0.02,5,10560,卖盘
725,10:23:24,21.11,-0.01,4,8444,卖盘
726,10:23:30,21.1,-0.01,2,4220,卖盘
727,10:23:33,21.12,0.02,14,29551,买盘
728,10:23:40,21.1,-0.02,2,4220,买盘
729,10:23:46,21.09,-0.01,5,10546,卖盘
730,10:23:49,21.1,0.01,4,8438,买盘
731,10:23:52,21.12,0.02,48,101376,买盘
732,10:23:57,21.12,0.0,2,4224,卖盘
733,10:24:00,21.12,0.0,14,29568,卖盘
734,10:24:07,21.12,0.0,14,29572,卖盘
735,10:24:09,21.12,0.0,7,14785,卖盘
736,10:24:13,21.12,0.0,4,8448,卖盘
737,10:24:16,21.12,0.0,8,16896,卖盘
738,10:24:19,21.12,0.0,19,40143,卖盘
739,10:24:34,21.11,-0.01,11,23221,中性盘
740,10:24:39,21.12,0.01,3,6336,买盘
741,10:24:43,21.11,-0.01,4,8446,卖盘
742,10:24:45,21.11,0.0,2,4222,卖盘
743,10:24:57,21.11,0.0,10,21110,买盘
744,10:25:01,21.11,0.0,17,35887,买盘
745,10:25:04,21.1,-0.01,2,4220,卖盘
746,10:25:10,21.11,0.01,1,2111,买盘
747,10:25:16,21.11,0.0,5,10555,买盘
748,10:25:18,21.1,-0.01,9,18990,卖盘
749,10:25:22,21.1,0.0,6,12660,卖盘
750,10:25:25,21.1,0.0,1,2110,买盘
751,10:25:31,21.1,0.0,1,2110,买盘
752,10:25:39,21.09,-0.01,4,8436,卖盘
753,10:25:42,21.09,0.0,7,14763,卖盘
754,10:25:45,21.08,-0.01,6,12651,卖盘
755,10:25:52,21.08,0.0,2,4216,卖盘
756,10:25:55,21.1,0.02,82,172976,买盘
757,10:25:57,21.08,-0.02,9,18972,卖盘
758,10:26:07,21.08,0.0,2,4215,买盘
759,10:26:10,21.07,-0.01,5,10535,卖盘
760,10:26:13,21.07,0.0,1,2107,买盘
761,10:26:19,21.06,-0.01,2,4212,卖盘
762,10:26:21,21.07,0.01,3,6321,买盘
763,10:26:28,21.07,0.0,1,2107,卖盘
764,10:26:30,21.08,0.01,36,75844,买盘
765,10:26:33,21.09,0.01,13,27417,买盘
766,10:26:46,21.1,0.01,4,8440,买盘
767,10:26:49,21.09,-0.01,7,14763,卖盘
768,10:26:58,21.09,0.0,5,10545,买盘
769,10:27:01,21.09,0.0,1,2109,买盘
770,10:27:04,21.09,0.0,4,8436,买盘
771,10:27:09,21.1,0.01,10,21100,买盘
772,10:27:16,21.1,0.0,8,16880,买盘
773,10:27:19,21.1,0.0,9,18990,卖盘
774,10:27:24,21.16,0.06,74,156495,买盘
775,10:27:36,21.16,0.0,12,25392,买盘
776,10:27:43,21.16,0.0,4,8464,买盘
777,10:27:49,21.15,-0.01,3,6346,卖盘
778,10:27:54,21.15,0.0,5,10575,买盘
779,10:28:01,21.15,0.0,23,48645,买盘
780,10:28:06,21.15,0.0,2,4230,买盘
781,10:28:09,21.15,0.0,23,48645,买盘
782,10:28:15,21.16,0.01,3,6348,买盘
783,10:28:21,21.16,0.0,28,59275,卖盘
784,10:28:24,21.17,0.01,73,154541,买盘
785,10:28:34,21.18,0.01,15,31770,买盘
786,10:28:40,21.18,0.0,4,8472,买盘
787,10:28:45,21.2,0.02,42,88998,买盘
788,10:28:55,21.21,0.01,20,42403,买盘
789,10:29:04,21.22,0.01,59,125170,买盘
790,10:29:07,21.22,0.0,1,2122,卖盘
791,10:29:10,21.23,0.01,9,19107,买盘
792,10:29:13,21.23,0.0,37,78541,买盘
793,10:29:16,21.25,0.02,139,295343,买盘
794,10:29:19,21.26,0.01,126,267511,买盘
795,10:29:21,21.26,0.0,30,63765,买盘
796,10:29:25,21.26,0.0,13,27634,买盘
797,10:29:27,21.26,0.0,1,2126,买盘
798,10:29:37,21.25,-0.01,37,78633,卖盘
799,10:29:42,21.25,0.0,1,2125,买盘
800,10:29:45,21.24,-0.01,2,4248,卖盘
801,10:29:48,21.24,0.0,22,46747,卖盘
802,10:29:52,21.24,0.0,29,61615,卖盘
803,10:29:55,21.25,0.01,6,12747,买盘
804,10:29:58,21.24,-0.01,1,2124,买盘
805,10:30:01,21.22,-0.02,10,21225,卖盘
806,10:30:04,21.24,0.02,46,97704,买盘
807,10:30:10,21.22,-0.02,31,65802,卖盘
808,10:30:13,21.24,0.02,5,10612,买盘
809,10:30:16,21.21,-0.03,10,21210,卖盘
810,10:30:21,21.22,0.01,1,2122,中性盘
811,10:30:24,21.22,0.0,14,29708,卖盘
812,10:30:28,21.21,-0.01,15,31829,卖盘
813,10:30:31,21.21,0.0,20,42420,卖盘
814,10:30:37,21.21,0.0,15,31825,卖盘
815,10:30:46,21.21,0.0,2,4242,买盘
816,10:30:52,21.22,0.01,79,167578,买盘
817,10:30:54,21.18,-0.04,15,31770,卖盘
818,10:31:00,21.18,0.0,17,36020,卖盘
819,10:31:07,21.18,0.0,26,55068,卖盘
820,10:31:10,21.19,0.01,19,40261,中性盘
821,10:31:13,21.2,0.01,1,2120,买盘
822,10:31:16,21.18,-0.02,23,48747,卖盘
823,10:31:24,21.15,-0.03,27,57119,卖盘
824,10:31:27,21.18,0.03,19,40242,买盘
825,10:31:31,21.18,0.0,21,44478,卖盘
826,10:31:37,21.18,0.0,10,21180,卖盘
827,10:31:43,21.19,0.01,1,2119,买盘
828,10:31:46,21.18,-0.01,23,48715,卖盘
829,10:32:01,21.18,0.0,10,21180,卖盘
830,10:32:04,21.18,0.0,6,12708,卖盘
831,10:32:06,21.18,0.0,31,65658,卖盘
832,10:32:10,21.18,0.0,11,23298,买盘
833,10:32:13,21.18,0.0,12,25416,卖盘
834,10:32:16,21.18,0.0,27,57186,卖盘
835,10:32:19,21.15,-0.03,8,16920,卖盘
836,10:32:22,21.18,0.03,8,16944,买盘
837,10:32:28,21.15,-0.03,22,46530,卖盘
838,10:32:30,21.18,0.03,8,16936,买盘
839,10:32:33,21.15,-0.03,2,4230,卖盘
840,10:32:39,21.15,0.0,5,10575,买盘
841,10:32:42,21.12,-0.03,10,21120,卖盘
842,10:33:01,21.12,0.0,17,35904,卖盘
843,10:33:07,21.12,0.0,2,4224,卖盘
844,10:33:19,21.12,0.0,20,42240,卖盘
845,10:33:24,21.15,0.03,8,16920,买盘
846,10:33:31,21.15,0.0,28,59160,买盘
847,10:33:37,21.15,0.0,8,16918,买盘
848,10:33:40,21.15,0.0,4,8460,买盘
849,10:33:43,21.15,0.0,8,16920,买盘
850,10:33:48,21.15,0.0,23,48645,买盘
851,10:34:04,21.17,0.02,9,19053,买盘
852,10:34:10,21.17,0.0,3,6351,买盘
853,10:34:22,21.18,0.01,19,40242,买盘
854,10:34:24,21.18,0.0,1,2118,买盘
855,10:34:30,21.19,0.01,10,21190,买盘
856,10:34:40,21.2,0.01,3,6360,买盘
857,10:34:43,21.2,0.0,73,154760,买盘
858,10:34:45,21.21,0.01,1,2121,买盘
859,10:34:57,21.22,0.01,2,4244,买盘
860,10:35:04,21.22,0.0,16,33950,买盘
861,10:35:07,21.22,0.0,16,33952,买盘
862,10:35:10,21.22,0.0,5,10610,卖盘
863,10:35:21,21.23,0.01,16,33968,买盘
864,10:35:25,21.23,0.0,16,33966,买盘
865,10:35:30,21.24,0.01,26,55224,买盘
866,10:35:34,21.23,-0.01,50,106174,卖盘
867,10:35:37,21.25,0.02,11,23375,买盘
868,10:35:40,21.24,-0.01,10,21233,卖盘
869,10:35:42,21.24,0.0,3,6372,买盘
870,10:35:45,21.23,-0.01,10,21230,卖盘
871,10:35:51,21.24,0.01,33,70062,买盘
872,10:35:55,21.27,0.03,49,104167,买盘
873,10:35:58,21.23,-0.04,28,59465,卖盘
874,10:36:01,21.25,0.02,3,6375,买盘
875,10:36:10,21.22,-0.03,135,286558,卖盘
876,10:36:12,21.25,0.03,52,110490,买盘
877,10:36:15,21.22,-0.03,10,21220,卖盘
878,10:36:18,21.23,0.01,18,38198,买盘
879,10:36:21,21.22,-0.01,18,38198,卖盘
880,10:36:25,21.22,0.0,9,19098,卖盘
881,10:36:28,21.22,0.0,24,50929,卖盘
882,10:36:43,21.2,-0.02,1,2120,卖盘
883,10:36:49,21.2,0.0,5,10600,卖盘
884,10:36:54,21.19,-0.01,26,55096,卖盘
885,10:37:13,21.18,-0.01,12,25421,卖盘
886,10:37:16,21.18,0.0,16,33888,卖盘
887,10:37:19,21.19,0.01,19,40261,买盘
888,10:37:31,21.19,0.0,11,23309,卖盘
889,10:37:40,21.19,0.0,3,6357,买盘
890,10:37:43,21.19,0.0,5,10595,买盘
891,10:37:48,21.19,0.0,1,2119,买盘
892,10:37:54,21.18,-0.01,3,6354,卖盘
893,10:38:04,21.19,0.01,30,63567,买盘
894,10:38:06,21.19,0.0,17,36011,买盘
895,10:38:22,21.19,0.0,73,154682,买盘
896,10:38:28,21.19,0.0,1,2119,卖盘
897,10:38:30,21.19,0.0,10,21190,卖盘
898,10:38:40,21.2,0.01,14,29680,买盘
899,10:38:52,21.22,0.02,1,2122,买盘
900,10:38:58,21.22,0.0,3,6366,买盘
901,10:39:01,21.22,0.0,8,16976,卖盘
902,10:39:04,21.23,0.01,5,10613,买盘
903,10:39:07,21.24,0.01,7,14868,买盘
904,10:39:10,21.24,0.0,1,2124,卖盘
905,10:39:13,21.25,0.01,17,36108,买盘
906,10:39:24,21.28,0.03,53,112677,买盘
907,10:39:36,21.27,-0.01,20,42532,买盘
908,10:39:43,21.27,0.0,10,21270,买盘
909,10:39:46,21.29,0.02,165,351203,买盘
910,10:39:49,21.29,0.0,76,161874,卖盘
911,10:39:52,21.3,0.01,63,134190,买盘
912,10:39:55,21.3,0.0,29,61769,买盘
913,10:39:58,21.33,0.03,85,181096,买盘
914,10:40:01,21.33,0.0,9,19197,买盘
915,10:40:04,21.33,0.0,6,12798,买盘
916,10:40:07,21.33,0.0,26,55458,买盘
917,10:40:10,21.38,0.05,141,301132,买盘
918,10:40:13,21.38,0.0,22,47046,卖盘
919,10:40:15,21.38,0.0,90,192421,卖盘
920,10:40:19,21.39,0.01,104,222395,买盘
921,10:40:21,21.39,0.0,22,47058,买盘
922,10:40:25,21.39,0.0,57,121919,买盘
923,10:40:27,21.39,0.0,32,68448,买盘
924,10:40:31,21.49,0.1,219,469614,买盘
925,10:40:34,21.45,-0.04,31,66392,中性盘
926,10:40:37,21.45,0.0,24,51536,卖盘
927,10:40:40,21.45,0.0,35,75123,卖盘
928,10:40:43,21.49,0.04,20,42968,买盘
929,10:40:46,21.49,0.0,66,141879,买盘
930,10:40:48,21.49,0.0,117,251533,卖盘
931,10:40:51,21.68,0.19,261,562082,买盘
932,10:40:54,21.5,-0.18,40,86001,卖盘
933,10:40:58,21.6,0.1,70,151382,卖盘
934,10:41:01,21.68,0.08,49,106344,买盘
935,10:41:04,21.78,0.1,17,36917,买盘
936,10:41:07,21.8,0.02,122,265557,买盘
937,10:41:10,21.79,-0.01,114,248477,中性盘
938,10:41:13,21.78,-0.01,46,100243,买盘
939,10:41:16,21.87,0.09,69,150696,买盘
940,10:41:19,21.88,0.01,67,146434,买盘
941,10:41:21,21.88,0.0,147,321307,买盘
942,10:41:24,21.8,-0.08,100,218480,卖盘
943,10:41:27,21.8,0.0,28,61040,买盘
944,10:41:30,21.8,0.0,16,34887,买盘
945,10:41:34,21.83,0.03,70,152713,中性盘
946,10:41:37,21.85,0.02,26,56770,买盘
947,10:41:39,21.83,-0.02,89,194063,中性盘
948,10:41:43,21.83,0.0,27,58888,买盘
949,10:41:46,21.81,-0.02,37,80661,中性盘
950,10:41:48,21.81,0.0,305,664978,买盘
951,10:41:51,21.81,0.0,33,71991,卖盘
952,10:41:55,21.83,0.02,69,150553,卖盘
953,10:41:58,21.83,0.0,79,172366,买盘
954,10:42:01,21.83,0.0,110,240044,买盘
955,10:42:04,21.79,-0.04,101,219983,卖盘
956,10:42:07,21.79,0.0,15,32676,买盘
957,10:42:10,21.77,-0.02,166,361636,卖盘
958,10:42:13,21.78,0.01,100,217805,卖盘
959,10:42:16,21.8,0.02,60,130675,买盘
960,10:42:19,21.78,-0.02,26,56606,卖盘
961,10:42:21,21.7,-0.08,41,89134,卖盘
962,10:42:27,21.71,0.01,5,10855,中性盘
963,10:42:30,21.74,0.03,52,112863,买盘
964,10:42:33,21.68,-0.06,10,21692,卖盘
965,10:42:37,21.71,0.03,4,8684,买盘
966,10:42:40,21.74,0.03,13,28262,卖盘
967,10:42:43,21.62,-0.12,57,123904,卖盘
968,10:42:48,21.71,0.09,6,13026,卖盘
969,10:42:51,21.63,-0.08,1,2163,中性盘
970,10:42:54,21.63,0.0,18,38944,卖盘
971,10:42:57,21.68,0.05,1,2168,买盘
972,10:43:01,21.64,-0.04,20,43296,卖盘
973,10:43:04,21.7,0.06,28,60760,买盘
974,10:43:10,21.67,-0.03,17,36866,卖盘
975,10:43:13,21.72,0.05,26,56443,买盘
976,10:43:16,21.71,-0.01,44,95556,卖盘
977,10:43:19,21.71,0.0,30,65186,卖盘
978,10:43:22,21.73,0.02,31,67345,买盘
979,10:43:24,21.71,-0.02,70,152079,卖盘
980,10:43:27,21.71,0.0,23,49932,买盘
981,10:43:31,21.7,-0.01,20,43412,卖盘
982,10:43:34,21.7,0.0,30,65114,买盘
983,10:43:37,21.71,0.01,82,177938,买盘
984,10:43:39,21.71,0.0,39,84690,卖盘
985,10:43:43,21.7,-0.01,53,115057,卖盘
986,10:43:46,21.73,0.03,19,41253,买盘
987,10:43:52,21.73,0.0,3,6519,卖盘
988,10:43:55,21.73,0.0,25,54325,卖盘
989,10:43:57,21.7,-0.03,37,80378,卖盘
990,10:44:01,21.7,0.0,3,6510,卖盘
991,10:44:04,21.71,0.01,23,49925,买盘
992,10:44:06,21.7,-0.01,2,4340,卖盘
993,10:44:09,21.7,0.0,28,60775,买盘
994,10:44:16,21.7,0.0,58,125866,卖盘
995,10:44:19,21.69,-0.01,12,26038,卖盘
996,10:44:22,21.7,0.01,17,36890,买盘
997,10:44:25,21.69,-0.01,22,47732,卖盘
998,10:44:27,21.7,0.01,54,117176,买盘
999,10:44:30,21.69,-0.01,33,71577,卖盘
1000,10:44:33,21.68,-0.01,43,93224,卖盘
1001,10:44:39,21.68,0.0,12,26016,买盘
1002,10:44:43,21.66,-0.02,5,10834,卖盘
1003,10:44:46,21.67,0.01,3,6501,买盘
1004,10:44:52,21.65,-0.02,15,32480,卖盘
1005,10:44:55,21.66,0.01,2,4331,买盘
1006,10:44:58,21.66,0.0,25,54130,买盘
1007,10:45:04,21.64,-0.02,5,10820,卖盘
1008,10:45:10,21.63,-0.01,20,43267,卖盘
1009,10:45:13,21.64,0.01,15,32466,中性盘
1010,10:45:15,21.64,0.0,1,2164,买盘
1011,10:45:19,21.63,-0.01,2,4326,卖盘
1012,10:45:21,21.64,0.01,23,49771,买盘
1013,10:45:24,21.63,-0.01,2,4326,中性盘
1014,10:45:31,21.63,0.0,3,6489,卖盘
1015,10:45:33,21.63,0.0,2,4326,卖盘
1016,10:45:37,21.63,0.0,38,82194,卖盘
1017,10:45:40,21.63,0.0,3,6489,买盘
1018,10:45:46,21.62,-0.01,16,34592,卖盘
1019,10:45:52,21.6,-0.02,85,183664,卖盘
1020,10:45:55,21.6,0.0,1,2160,买盘
1021,10:46:00,21.58,-0.02,5,10790,卖盘
1022,10:46:04,21.6,0.02,6,12960,买盘
1023,10:46:07,21.58,-0.02,11,23738,卖盘
1024,10:46:15,21.57,-0.01,8,17256,卖盘
1025,10:46:19,21.58,0.01,27,58266,买盘
1026,10:46:22,21.58,0.0,9,19430,卖盘
1027,10:46:25,21.6,0.02,3,6476,买盘
1028,10:46:28,21.61,0.01,3,6483,买盘
1029,10:46:31,21.6,-0.01,16,34560,卖盘
1030,10:46:34,21.58,-0.02,26,56114,卖盘
1031,10:46:37,21.59,0.01,35,75565,买盘
1032,10:46:40,21.59,0.0,11,23739,买盘
1033,10:46:43,21.58,-0.01,4,8633,卖盘
1034,10:46:48,21.6,0.02,3,6480,买盘
1035,10:46:52,21.6,0.0,11,23760,买盘
1036,10:46:58,21.6,0.0,1,2160,卖盘
1037,10:47:01,21.61,0.01,16,34576,买盘
1038,10:47:04,21.6,-0.01,10,21600,卖盘
1039,10:47:06,21.62,0.02,35,75637,买盘
1040,10:47:10,21.62,0.0,23,49726,卖盘
1041,10:47:12,21.62,0.0,13,28109,卖盘
1042,10:47:19,21.63,0.01,10,21630,买盘
1043,10:47:21,21.62,-0.01,20,43240,卖盘
1044,10:47:25,21.64,0.02,20,43270,买盘
1045,10:47:28,21.63,-0.01,8,17304,卖盘
1046,10:47:31,21.62,-0.01,60,129728,卖盘
1047,10:47:34,21.64,0.02,18,38946,买盘
1048,10:47:36,21.63,-0.01,39,84366,卖盘
1049,10:47:39,21.62,-0.01,1,2162,买盘
1050,10:47:43,21.64,0.02,46,99492,买盘
1051,10:47:52,21.65,0.01,27,58424,买盘
1052,10:47:57,21.66,0.01,11,23825,买盘
1053,10:48:04,21.68,0.02,10,21679,买盘
1054,10:48:07,21.68,0.0,1,2168,卖盘
1055,10:48:09,21.7,0.02,41,88949,买盘
1056,10:48:15,21.7,0.0,40,86800,买盘
1057,10:48:19,21.7,0.0,8,17362,卖盘
1058,10:48:25,21.7,0.0,10,21700,卖盘
1059,10:48:27,21.72,0.02,17,36907,买盘
1060,10:48:31,21.72,0.0,3,6516,卖盘
1061,10:48:33,21.72,0.0,2,4344,卖盘
1062,10:48:37,21.73,0.01,41,89092,买盘
1063,10:48:42,21.74,0.01,16,34785,买盘
1064,10:48:46,21.75,0.01,35,76099,买盘
1065,10:48:49,21.74,-0.01,74,160931,中性盘
1066,10:48:52,21.74,0.0,2,4348,卖盘
1067,10:48:55,21.74,0.0,6,13044,卖盘
1068,10:48:58,21.76,0.02,14,30464,买盘
1069,10:49:01,21.76,0.0,75,163254,买盘
1070,10:49:04,21.76,0.0,32,69632,卖盘
1071,10:49:07,21.74,-0.02,16,34799,卖盘
1072,10:49:10,21.8,0.06,66,143753,买盘
1073,10:49:13,21.8,0.0,22,47944,买盘
1074,10:49:16,21.8,0.0,40,87199,买盘
1075,10:49:19,21.79,-0.01,4,8718,卖盘
1076,10:49:22,21.8,0.01,36,78481,买盘
1077,10:49:25,21.74,-0.06,61,132692,卖盘
1078,10:49:31,21.79,0.05,2,4356,买盘
1079,10:49:34,21.77,-0.02,44,95716,中性盘
1080,10:49:37,21.77,0.0,10,21770,买盘
1081,10:49:40,21.79,0.02,20,43580,买盘
1082,10:49:43,21.74,-0.05,3,6522,卖盘
1083,10:49:51,21.73,-0.01,11,23903,卖盘
1084,10:49:54,21.74,0.01,2,4347,买盘
1085,10:49:57,21.64,-0.1,89,193276,卖盘
1086,10:50:04,21.64,0.0,3,6492,卖盘
1087,10:50:06,21.64,0.0,2,4328,买盘
1088,10:50:09,21.63,-0.01,23,49786,卖盘
1089,10:50:16,21.7,0.07,35,75721,买盘
1090,10:50:27,21.64,-0.06,4,8659,卖盘
1091,10:50:31,21.64,0.0,10,21640,买盘
1092,10:50:34,21.63,-0.01,33,71392,卖盘
1093,10:50:37,21.64,0.01,3,6492,买盘
1094,10:50:40,21.63,-0.01,9,19468,卖盘
1095,10:50:48,21.64,0.01,50,108200,卖盘
1096,10:50:52,21.63,-0.01,20,43271,卖盘
1097,10:50:58,21.63,0.0,19,41112,卖盘
1098,10:51:00,21.66,0.03,2,4332,中性盘
1099,10:51:04,21.65,-0.01,10,21646,买盘
1100,10:51:10,21.64,-0.01,14,30306,卖盘
1101,10:51:12,21.7,0.06,189,410052,买盘
1102,10:51:24,21.73,0.03,19,41275,买盘
1103,10:51:27,21.7,-0.03,14,30401,卖盘
1104,10:51:31,21.8,0.1,126,274399,买盘
1105,10:51:36,21.85,0.05,191,417008,买盘
1106,10:51:39,21.81,-0.04,292,638224,中性盘
1107,10:51:43,21.9,0.09,173,378558,买盘
1108,10:51:45,22.0,0.1,361,793554,买盘
1109,10:51:48,22.16,0.16,308,679339,买盘
1110,10:51:52,22.2,0.04,93,206401,买盘
1111,10:51:54,22.27,0.07,198,439961,买盘
1112,10:51:57,22.3,0.03,3021,6735907,买盘
1113,10:52:01,22.3,0.0,7,15610,卖盘
1114,10:52:04,22.3,0.0,66,147180,卖盘
1115,10:52:07,22.3,0.0,64,142720,卖盘
1116,10:52:10,22.3,0.0,182,405860,卖盘
1117,10:52:13,22.3,0.0,78,173940,卖盘
1118,10:52:16,22.3,0.0,131,292130,卖盘
1119,10:52:19,22.3,0.0,213,474990,卖盘
1120,10:52:22,22.3,0.0,8,17840,卖盘
1121,10:52:25,22.3,0.0,59,131570,卖盘
1122,10:52:28,22.3,0.0,48,107040,卖盘
1123,10:52:31,22.3,0.0,27,60210,卖盘
1124,10:52:34,22.3,0.0,1836,4094280,卖盘
1125,10:52:37,22.3,0.0,14,31220,卖盘
1126,10:52:39,22.3,0.0,35,78050,卖盘
1127,10:52:42,22.3,0.0,568,1266640,卖盘
1128,10:52:46,22.3,0.0,217,483910,卖盘
1129,10:52:49,22.3,0.0,359,800570,卖盘
1130,10:52:52,22.3,0.0,148,330040,卖盘
1131,10:52:55,22.3,0.0,59,131570,卖盘
1132,10:52:58,22.3,0.0,22,49060,卖盘
1133,10:53:01,22.3,0.0,12,26760,卖盘
1134,10:53:03,22.3,0.0,138,307740,卖盘
1135,10:53:06,22.3,0.0,10,22300,卖盘
1136,10:53:09,22.3,0.0,20,44600,卖盘
1137,10:53:12,22.3,0.0,24,53520,卖盘
1138,10:53:16,22.3,0.0,6,13380,卖盘
1139,10:53:19,22.3,0.0,24,53520,卖盘
1140,10:53:21,22.3,0.0,12,26760,卖盘
1141,10:53:25,22.3,0.0,2,4460,卖盘
1142,10:53:31,22.3,0.0,1,2230,卖盘
1143,10:53:34,22.3,0.0,12,26760,卖盘
1144,10:53:37,22.3,0.0,6,13380,卖盘
1145,10:53:39,22.3,0.0,26,57980,卖盘
1146,10:53:46,22.3,0.0,1,2230,卖盘
1147,10:53:49,22.3,0.0,5,11150,卖盘
1148,10:53:52,22.3,0.0,1,2230,卖盘
1149,10:53:55,22.3,0.0,15,33450,卖盘
1150,10:53:58,22.3,0.0,6,13380,卖盘
1151,10:54:01,22.3,0.0,2,4460,卖盘
1152,10:54:04,22.3,0.0,10,22300,卖盘
1153,10:54:07,22.3,0.0,7,15610,卖盘
1154,10:54:10,22.3,0.0,2,4460,卖盘
1155,10:54:13,22.3,0.0,13,28990,卖盘
1156,10:54:16,22.3,0.0,49,109270,卖盘
1157,10:54:19,22.3,0.0,2,4460,卖盘
1158,10:54:21,22.3,0.0,5,11150,卖盘
1159,10:54:24,22.3,0.0,52,115960,卖盘
1160,10:54:27,22.3,0.0,35,78050,卖盘
1161,10:54:31,22.3,0.0,4,8920,卖盘
1162,10:54:33,22.3,0.0,1,2230,卖盘
1163,10:54:40,22.3,0.0,5,11150,卖盘
1164,10:54:46,22.3,0.0,5,11150,卖盘
1165,10:54:52,22.3,0.0,18,40140,卖盘
1166,10:54:57,22.3,0.0,32,71360,卖盘
1167,10:55:01,22.3,0.0,10,22300,卖盘
1168,10:55:04,22.3,0.0,13,28990,卖盘
1169,10:55:09,22.3,0.0,10,22300,卖盘
1170,10:55:12,22.3,0.0,6,13380,卖盘
1171,10:55:15,22.3,0.0,10,22300,卖盘
1172,10:55:22,22.3,0.0,8,17840,卖盘
1173,10:55:28,22.3,0.0,1,2230,卖盘
1174,10:55:31,22.3,0.0,1,2230,卖盘
1175,10:55:34,22.3,0.0,4,8920,卖盘
1176,10:55:37,22.3,0.0,24,53520,卖盘
1177,10:55:43,22.3,0.0,1,2230,卖盘
1178,10:55:45,22.3,0.0,121,269830,卖盘
1179,10:55:49,22.3,0.0,6,13380,卖盘
1180,10:55:51,22.3,0.0,1,2230,卖盘
1181,10:55:54,22.3,0.0,108,240840,卖盘
1182,10:55:57,22.3,0.0,39,86970,卖盘
1183,10:56:01,22.3,0.0,44,98120,卖盘
1184,10:56:04,22.3,0.0,128,285440,卖盘
1185,10:56:07,22.3,0.0,12,26760,卖盘
1186,10:56:10,22.3,0.0,33,73590,卖盘
1187,10:56:19,22.3,0.0,16,35680,卖盘
1188,10:56:21,22.3,0.0,21,46830,卖盘
1189,10:56:24,22.3,0.0,7,15610,卖盘
1190,10:56:27,22.3,0.0,1,2230,卖盘
1191,10:56:31,22.3,0.0,5,11150,卖盘
1192,10:56:34,22.3,0.0,3,6690,卖盘
1193,10:56:37,22.3,0.0,10,22300,卖盘
1194,10:56:43,22.3,0.0,14,31220,卖盘
1195,10:56:45,22.3,0.0,11,24530,卖盘
1196,10:56:48,22.3,0.0,32,71360,卖盘
1197,10:56:51,22.3,0.0,1,2230,卖盘
1198,10:56:54,22.3,0.0,10,22300,卖盘
1199,10:56:57,22.3,0.0,5,11150,卖盘
1200,10:57:04,22.3,0.0,2,4460,卖盘
1201,10:57:06,22.3,0.0,19,42370,卖盘
1202,10:57:19,22.3,0.0,10,22300,卖盘
1203,10:57:22,22.3,0.0,2,4460,卖盘
1204,10:57:24,22.3,0.0,1,2230,卖盘
1205,10:57:28,22.3,0.0,12,26760,卖盘
1206,10:57:39,22.3,0.0,1,2230,卖盘
1207,10:57:43,22.3,0.0,25,55750,卖盘
1208,10:57:54,22.3,0.0,18,40140,卖盘
1209,10:58:03,22.3,0.0,5,11150,卖盘
1210,10:58:06,22.3,0.0,2,4460,卖盘
1211,10:58:09,22.3,0.0,10,22300,卖盘
1212,10:58:19,22.3,0.0,5,11150,卖盘
1213,10:58:25,22.3,0.0,1,2230,卖盘
1214,10:58:27,22.3,0.0,10,22300,卖盘
1215,10:58:31,22.3,0.0,5,11150,卖盘
1216,10:58:40,22.3,0.0,2,4460,卖盘
1217,10:58:43,22.3,0.0,2,4460,卖盘
1218,10:58:46,22.3,0.0,7,15610,卖盘
1219,10:59:01,22.3,0.0,10,22300,卖盘
1220,10:59:07,22.3,0.0,8,17840,卖盘
1221,10:59:13,22.3,0.0,6,13380,卖盘
1222,10:59:40,22.3,0.0,5,11150,卖盘
1223,10:59:46,22.3,0.0,6,13380,卖盘
1224,10:59:54,22.3,0.0,11,24530,卖盘
1225,11:00:01,22.3,0.0,1,2230,卖盘
1226,11:00:12,22.3,0.0,1,2230,卖盘
1227,11:00:16,22.3,0.0,5,11150,卖盘
1228,11:00:19,22.3,0.0,25,55750,卖盘
1229,11:00:28,22.3,0.0,10,22300,卖盘
1230,11:00:34,22.3,0.0,55,122650,卖盘
1231,11:00:43,22.3,0.0,1,2230,卖盘
1232,11:01:00,22.3,0.0,7,15610,卖盘
1233,11:01:09,22.3,0.0,16,35680,卖盘
1234,11:01:21,22.3,0.0,14,31220,卖盘
1235,11:01:24,22.3,0.0,5,11150,卖盘
1236,11:01:58,22.3,0.0,12,26760,卖盘
1237,11:02:22,22.3,0.0,5,11150,卖盘
1238,11:02:25,22.3,0.0,1,2230,卖盘
1239,11:02:37,22.3,0.0,62,138260,卖盘
1240,11:02:51,22.3,0.0,5,11150,卖盘
1241,11:02:57,22.3,0.0,5,11150,卖盘
1242,11:03:03,22.3,0.0,500,1115000,卖盘
1243,11:03:13,22.3,0.0,2001,4462230,卖盘
1244,11:03:19,22.3,0.0,18,40140,卖盘
1245,11:03:22,22.3,0.0,474,1057020,卖盘
1246,11:03:25,22.3,0.0,22,49060,卖盘
1247,11:03:28,22.3,0.0,277,617710,卖盘
1248,11:03:34,22.3,0.0,23,51290,卖盘
1249,11:03:37,22.3,0.0,61,136030,卖盘
1250,11:03:43,22.3,0.0,53,118190,卖盘
1251,11:03:46,22.3,0.0,3,6690,卖盘
1252,11:03:49,22.3,0.0,1,2230,卖盘
1253,11:03:52,22.3,0.0,12,26760,卖盘
1254,11:03:55,22.3,0.0,18,40140,卖盘
1255,11:03:58,22.3,0.0,3,6690,卖盘
1256,11:04:00,22.3,0.0,21,46830,卖盘
1257,11:04:03,22.3,0.0,10,22300,卖盘
1258,11:04:06,22.3,0.0,2,4460,卖盘
1259,11:04:13,22.3,0.0,10,22300,卖盘
1260,11:04:19,22.3,0.0,9,20070,卖盘
1261,11:04:22,22.3,0.0,4,8920,卖盘
1262,11:04:37,22.3,0.0,3,6690,卖盘
1263,11:04:40,22.3,0.0,14,31220,卖盘
1264,11:04:45,22.3,0.0,2,4460,卖盘
1265,11:05:04,22.3,0.0,63,140490,卖盘
1266,11:05:07,22.3,0.0,2,4460,卖盘
1267,11:05:16,22.3,0.0,2,4460,卖盘
1268,11:05:27,22.3,0.0,31,69130,卖盘
1269,11:05:45,22.3,0.0,70,156100,卖盘
1270,11:05:52,22.3,0.0,38,84740,卖盘
1271,11:05:55,22.3,0.0,8,17840,卖盘
1272,11:06:04,22.3,0.0,7,15610,卖盘
1273,11:06:28,22.3,0.0,8,17840,卖盘
1274,11:06:49,22.3,0.0,2,4460,卖盘
1275,11:06:55,22.3,0.0,10,22300,卖盘
1276,11:07:01,22.3,0.0,2,4460,卖盘
1277,11:07:52,22.3,0.0,5,11150,卖盘
1278,11:07:57,22.3,0.0,15,33450,卖盘
1279,11:08:12,22.3,0.0,6,13380,卖盘
1280,11:08:27,22.3,0.0,1,2230,卖盘
1281,11:08:54,22.3,0.0,1,2230,卖盘
1282,11:09:04,22.3,0.0,1,2230,卖盘
1283,11:09:07,22.3,0.0,9,20070,卖盘
1284,11:09:13,22.3,0.0,35,78050,卖盘
1285,11:09:31,22.3,0.0,1,2230,卖盘
1286,11:09:34,22.3,0.0,10,22300,卖盘
1287,11:09:37,22.3,0.0,2,4460,卖盘
1288,11:09:49,22.3,0.0,8,17840,卖盘
1289,11:10:19,22.3,0.0,17,37910,卖盘
1290,11:10:37,22.3,0.0,3,6690,卖盘
1291,11:10:46,22.3,0.0,10,22300,卖盘
1292,11:10:52,22.3,0.0,2,4460,卖盘
1293,11:11:04,22.3,0.0,5,11150,卖盘
1294,11:11:09,22.3,0.0,7,15610,卖盘
1295,11:11:43,22.3,0.0,9,20070,卖盘
1296,11:11:46,22.3,0.0,5,11150,卖盘
1297,11:11:55,22.3,0.0,6,13380,卖盘
1298,11:12:16,22.3,0.0,5,11150,卖盘
1299,11:12:30,22.3,0.0,5,11150,卖盘
1300,11:13:12,22.3,0.0,2,4460,卖盘
1301,11:13:57,22.3,0.0,11,24530,卖盘
1302,11:14:01,22.3,0.0,1,2230,卖盘
1303,11:14:09,22.3,0.0,6,13380,卖盘
1304,11:14:33,22.3,0.0,3,6690,卖盘
1305,11:14:36,22.3,0.0,5,11150,卖盘
1306,11:14:40,22.3,0.0,74,165020,卖盘
1307,11:15:12,22.3,0.0,2,4460,卖盘
1308,11:15:34,22.3,0.0,8,17840,卖盘
1309,11:16:10,22.3,0.0,2,4460,卖盘
1310,11:16:19,22.3,0.0,1,2230,卖盘
1311,11:16:40,22.3,0.0,3,6690,卖盘
1312,11:16:52,22.3,0.0,2,4460,卖盘
1313,11:17:07,22.3,0.0,10,22300,卖盘
1314,11:17:51,22.3,0.0,59,131570,卖盘
1315,11:18:22,22.3,0.0,500,1115000,卖盘
1316,11:18:30,22.3,0.0,2,4460,卖盘
1317,11:18:43,22.3,0.0,11,24530,卖盘
1318,11:18:52,22.3,0.0,5,11150,卖盘
1319,11:19:06,22.3,0.0,33,73590,卖盘
1320,11:19:22,22.3,0.0,5,11150,卖盘
1321,11:19:28,22.3,0.0,5,11150,卖盘
1322,11:20:09,22.3,0.0,8,17840,卖盘
1323,11:20:52,22.3,0.0,10,22300,卖盘
1324,11:20:54,22.3,0.0,44,98120,卖盘
1325,11:21:31,22.3,0.0,5,11150,卖盘
1326,11:21:34,22.3,0.0,4,8920,卖盘
1327,11:21:39,22.3,0.0,10,22300,卖盘
1328,11:22:06,22.3,0.0,2,4460,卖盘
1329,11:22:28,22.3,0.0,7,15610,卖盘
1330,11:22:31,22.3,0.0,10,22300,卖盘
1331,11:22:40,22.3,0.0,5,11150,卖盘
1332,11:23:16,22.3,0.0,6,13380,卖盘
1333,11:23:34,22.3,0.0,8,17840,卖盘
1334,11:23:54,22.3,0.0,5,11150,卖盘
1335,11:24:18,22.3,0.0,2,4460,卖盘
1336,11:24:40,22.3,0.0,2,4460,卖盘
1337,11:25:06,22.3,0.0,10,22300,卖盘
1338,11:25:16,22.3,0.0,1,2230,卖盘
1339,11:26:25,22.3,0.0,8,17840,卖盘
1340,11:26:55,22.3,0.0,4,8920,卖盘
1341,11:27:21,22.3,0.0,4,8920,卖盘
1342,11:27:34,22.3,0.0,19,42370,卖盘
1343,11:28:21,22.3,0.0,32,71360,卖盘
1344,11:28:52,22.3,0.0,4,8920,卖盘
1345,11:29:25,22.3,0.0,1,2230,卖盘
1346,13:00:04,22.3,0.0,142,316660,卖盘
1347,13:00:07,22.3,0.0,16,35680,卖盘
1348,13:00:09,22.3,0.0,20,44600,卖盘
1349,13:00:13,22.3,0.0,53,118190,卖盘
1350,13:00:21,22.3,0.0,79,176170,卖盘
1351,13:00:49,22.3,0.0,10,22300,卖盘
1352,13:00:55,22.3,0.0,29,64670,卖盘
1353,13:01:01,22.3,0.0,7,15610,卖盘
1354,13:01:13,22.3,0.0,1,2230,卖盘
1355,13:01:43,22.3,0.0,3,6690,卖盘
1356,13:02:00,22.3,0.0,5,11150,卖盘
1357,13:02:04,22.3,0.0,9,20070,卖盘
1358,13:02:36,22.3,0.0,5,11150,卖盘
1359,13:02:46,22.3,0.0,154,343420,卖盘
1360,13:02:51,22.3,0.0,3,6690,卖盘
1361,13:04:10,22.3,0.0,5,11150,卖盘
1362,13:04:25,22.3,0.0,4,8920,卖盘
1363,13:04:31,22.3,0.0,20,44600,卖盘
1364,13:04:43,22.3,0.0,1,2230,卖盘
1365,13:05:49,22.3,0.0,20,44600,卖盘
1366,13:06:21,22.3,0.0,4,8920,卖盘
1367,13:06:28,22.3,0.0,3,6690,卖盘
1368,13:08:13,22.3,0.0,7,15610,卖盘
1369,13:09:16,22.3,0.0,1,2230,卖盘
1370,13:09:21,22.3,0.0,4,8920,卖盘
1371,13:09:30,22.3,0.0,2,4460,卖盘
1372,13:09:54,22.3,0.0,1,2230,卖盘
1373,13:12:46,22.3,0.0,1,2230,卖盘
1374,13:13:30,22.3,0.0,1,2230,卖盘
1375,13:13:37,22.3,0.0,1,2230,卖盘
1376,13:14:12,22.3,0.0,5,11150,卖盘
1377,13:14:37,22.3,0.0,2,4460,卖盘
1378,13:15:42,22.3,0.0,24,53520,卖盘
1379,13:16:01,22.3,0.0,2,4460,卖盘
1380,13:17:37,22.3,0.0,101,225230,卖盘
1381,13:17:43,22.3,0.0,1,2230,卖盘
1382,13:17:46,22.3,0.0,20,44600,卖盘
1383,13:18:16,22.3,0.0,2,4460,卖盘
1384,13:18:37,22.3,0.0,1,2230,卖盘
1385,13:18:46,22.3,0.0,50,111500,卖盘
1386,13:18:51,22.3,0.0,10,22300,卖盘
1387,13:19:07,22.3,0.0,7,15610,卖盘
1388,13:19:10,22.3,0.0,80,178400,卖盘
1389,13:19:13,22.3,0.0,20,44600,卖盘
1390,13:19:19,22.3,0.0,50,111500,卖盘
1391,13:19:28,22.3,0.0,2,4460,卖盘
1392,13:19:40,22.3,0.0,100,223000,卖盘
1393,13:19:52,22.3,0.0,50,111500,卖盘
1394,13:20:10,22.3,0.0,35,78050,卖盘
1395,13:20:13,22.3,0.0,75,167250,卖盘
1396,13:20:15,22.3,0.0,40,89200,卖盘
1397,13:20:36,22.3,0.0,50,111500,卖盘
1398,13:20:42,22.3,0.0,52,115960,卖盘
1399,13:20:46,22.3,0.0,5,11150,卖盘
1400,13:20:58,22.3,0.0,30,66900,卖盘
1401,13:21:04,22.3,0.0,20,44600,卖盘
1402,13:21:16,22.3,0.0,150,334500,卖盘
1403,13:21:25,22.3,0.0,50,111500,卖盘
1404,13:21:28,22.3,0.0,30,66900,卖盘
1405,13:21:30,22.3,0.0,20,44600,卖盘
1406,13:21:34,22.3,0.0,25,55750,卖盘
1407,13:21:36,22.3,0.0,5,11150,卖盘
1408,13:21:39,22.3,0.0,50,111500,卖盘
1409,13:21:45,22.3,0.0,35,78050,卖盘
1410,13:21:49,22.3,0.0,25,55750,卖盘
1411,13:21:54,22.3,0.0,5,11150,卖盘
1412,13:21:57,22.3,0.0,50,111500,卖盘
1413,13:22:01,22.3,0.0,40,89200,卖盘
1414,13:22:10,22.3,0.0,10,22300,卖盘
1415,13:22:31,22.3,0.0,5,11150,卖盘
1416,13:23:03,22.3,0.0,1,2230,卖盘
1417,13:23:06,22.3,0.0,15,33450,卖盘
1418,13:23:12,22.3,0.0,2,4460,卖盘
1419,13:23:30,22.3,0.0,5,11150,卖盘
1420,13:24:04,22.3,0.0,3,6690,卖盘
1421,13:25:33,22.3,0.0,1,2230,卖盘
1422,13:26:07,22.3,0.0,2,4460,卖盘
1423,13:26:10,22.3,0.0,4,8920,卖盘
1424,13:27:19,22.3,0.0,11,24530,卖盘
1425,13:28:10,22.3,0.0,5,11150,卖盘
1426,13:28:24,22.3,0.0,2,4460,卖盘
1427,13:29:46,22.3,0.0,5,11150,卖盘
1428,13:29:58,22.3,0.0,10,22300,卖盘
1429,13:30:19,22.3,0.0,20,44600,卖盘
1430,13:30:51,22.3,0.0,2,4460,卖盘
1431,13:31:04,22.3,0.0,20,44600,卖盘
1432,13:31:30,22.3,0.0,18,40140,卖盘
1433,13:36:04,22.3,0.0,2,4460,卖盘
1434,13:36:18,22.3,0.0,4,8920,卖盘
1435,13:36:54,22.3,0.0,4,8920,卖盘
1436,13:38:12,22.3,0.0,5,11150,卖盘
1437,13:38:34,22.3,0.0,2,4460,卖盘
1438,13:38:48,22.3,0.0,1,2230,卖盘
1439,13:39:55,22.3,0.0,10,22300,卖盘
1440,13:40:10,22.3,0.0,2,4215,卖盘
1441,13:40:49,22.3,0.0,11,24530,卖盘
1442,13:41:16,22.3,0.0,20,44600,卖盘
1443,13:41:18,22.3,0.0,13,28990,卖盘
1444,13:41:43,22.3,0.0,4,8920,卖盘
1445,13:41:51,22.3,0.0,48,107040,卖盘
1446,13:44:43,22.3,0.0,10,22300,卖盘
1447,13:45:33,22.3,0.0,4,8920,卖盘
1448,13:46:52,22.3,0.0,1,2230,卖盘
1449,13:46:55,22.3,0.0,20,44600,卖盘
1450,13:47:57,22.3,0.0,1,2230,卖盘
1451,13:51:31,22.3,0.0,20,44600,卖盘
1452,13:52:07,22.3,0.0,10,22300,卖盘
1453,13:52:25,22.3,0.0,12,26760,卖盘
1454,13:52:55,22.3,0.0,10,22300,卖盘
1455,13:53:13,22.3,0.0,2,4460,卖盘
1456,13:54:48,22.3,0.0,12,26760,卖盘
1457,13:55:18,22.3,0.0,1,2230,卖盘
1458,13:55:31,22.3,0.0,20,44600,卖盘
1459,13:56:51,22.3,0.0,5,11150,卖盘
1460,13:57:18,22.3,0.0,5,11150,卖盘
1461,13:57:58,22.3,0.0,2,4460,卖盘
1462,14:00:58,22.3,0.0,20,44600,卖盘
1463,14:01:22,22.3,0.0,1,2230,卖盘
1464,14:02:57,22.3,0.0,10,22300,卖盘
1465,14:05:25,22.3,0.0,13,28990,卖盘
1466,14:06:52,22.3,0.0,10,22300,卖盘
1467,14:07:46,22.3,0.0,10,22300,卖盘
1468,14:08:10,22.3,0.0,1,2230,卖盘
1469,14:08:12,22.3,0.0,2,4460,卖盘
1470,14:08:36,22.3,0.0,10,22300,卖盘
1471,14:09:10,22.3,0.0,1,2230,卖盘
1472,14:10:06,22.3,0.0,5,11150,卖盘
1473,14:10:19,22.3,0.0,2,4460,卖盘
1474,14:10:22,22.3,0.0,100,223000,卖盘
1475,14:11:34,22.3,0.0,10,22300,卖盘
1476,14:11:43,22.3,0.0,12,26760,卖盘
1477,14:12:28,22.3,0.0,7,15610,卖盘
1478,14:12:42,22.3,0.0,10,22300,卖盘
1479,14:12:55,22.3,0.0,10,22300,卖盘
1480,14:14:21,22.3,0.0,2,4460,卖盘
1481,14:15:48,22.3,0.0,10,22300,卖盘
1482,14:18:00,22.3,0.0,5,11150,卖盘
1483,14:18:21,22.3,0.0,5,11150,卖盘
1484,14:20:04,22.3,0.0,34,75820,卖盘
1485,14:21:37,22.3,0.0,10,22300,卖盘
1486,14:22:58,22.3,0.0,3,6690,卖盘
1487,14:23:24,22.3,0.0,5,11150,卖盘
1488,14:25:07,22.3,0.0,13,28990,卖盘
1489,14:25:16,22.3,0.0,2,4460,卖盘
1490,14:25:24,22.3,0.0,2,4460,卖盘
1491,14:25:27,22.3,0.0,2,4460,卖盘
1492,14:26:19,22.3,0.0,1,2230,卖盘
1493,14:26:27,22.3,0.0,4,8920,卖盘
1494,14:27:52,22.3,0.0,13,28990,卖盘
1495,14:28:07,22.3,0.0,1,2230,卖盘
1496,14:29:30,22.3,0.0,2,4460,卖盘
1497,14:30:31,22.3,0.0,1,2230,卖盘
1498,14:31:57,22.3,0.0,20,44600,卖盘
1499,14:32:28,22.3,0.0,3,6690,卖盘
1500,14:33:01,22.3,0.0,10,22300,卖盘
1501,14:33:18,22.3,0.0,10,22300,卖盘
1502,14:33:55,22.3,0.0,15,33450,卖盘
1503,14:33:57,22.3,0.0,5,11150,卖盘
1504,14:34:31,22.3,0.0,1,2230,卖盘
1505,14:34:36,22.3,0.0,15,33450,卖盘
1506,14:34:52,22.3,0.0,30,66900,卖盘
1507,14:37:40,22.3,0.0,1,2230,卖盘
1508,14:38:30,22.3,0.0,2,4460,卖盘
1509,14:39:01,22.3,0.0,25,55750,卖盘
1510,14:39:25,22.3,0.0,21,46830,卖盘
1511,14:39:40,22.3,0.0,2,4460,卖盘
1512,14:40:43,22.3,0.0,6,13380,卖盘
1513,14:41:09,22.3,0.0,3,6690,卖盘
1514,14:41:28,22.3,0.0,33,73590,卖盘
1515,14:41:57,22.3,0.0,12,26760,卖盘
1516,14:42:04,22.3,0.0,31,69130,卖盘
1517,14:43:12,22.3,0.0,50,111500,卖盘
1518,14:43:28,22.3,0.0,10,22300,卖盘
1519,14:43:37,22.3,0.0,3,6690,卖盘
1520,14:43:40,22.3,0.0,5,11150,卖盘
1521,14:45:10,22.3,0.0,5,11150,卖盘
1522,14:45:22,22.3,0.0,1,2230,卖盘
1523,14:46:01,22.3,0.0,5,11150,卖盘
1524,14:46:16,22.3,0.0,5,11150,卖盘
1525,14:46:49,22.3,0.0,18,40140,卖盘
1526,14:47:06,22.3,0.0,12,26760,卖盘
1527,14:47:54,22.3,0.0,18,40140,卖盘
1528,14:48:01,22.3,0.0,32,71360,卖盘
1529,14:48:09,22.3,0.0,7,15610,卖盘
1530,14:49:40,22.3,0.0,6,13380,卖盘
1531,14:49:52,22.3,0.0,50,111500,卖盘
1532,14:50:40,22.3,0.0,10,22300,卖盘
1533,14:51:49,22.3,0.0,10,22300,卖盘
1534,14:52:07,22.3,0.0,15,33450,卖盘
1535,14:52:25,22.3,0.0,34,75820,卖盘
1536,14:52:39,22.3,0.0,30,66900,卖盘
1537,14:52:58,22.3,0.0,7,15610,卖盘
1538,14:53:43,22.3,0.0,3,6690,卖盘
1539,14:54:04,22.3,0.0,1,2230,卖盘
1540,14:54:07,22.3,0.0,11,24530,卖盘
1541,14:55:25,22.3,0.0,100,223000,卖盘
1542,14:55:57,22.3,0.0,3,6690,卖盘
1543,14:56:16,22.3,0.0,10,22300,卖盘
1544,14:56:40,22.3,0.0,6,13380,卖盘
1545,14:56:43,22.3,0.0,4,8920,卖盘
1546,14:57:00,22.3,0.0,11,24530,卖盘
1547,15:00:04,22.3,0.0,120,267600,卖盘
