,time,price,change,volume,amount,type
0,09:25:04,2.88,-0.01,2,576,卖盘
1,09:30:04,2.89,0.01,1,289,买盘
2,09:30:07,2.89,0.0,164,47236,中性盘
3,09:30:10,2.89,0.0,20,5799,卖盘
4,09:30:12,2.89,0.0,1,289,卖盘
5,09:30:16,2.89,0.0,1,289,卖盘
6,09:30:28,2.88,-0.01,100,28858,卖盘
7,09:30:30,2.89,0.01,151,43789,卖盘
8,09:30:37,2.89,0.0,1,289,卖盘
9,09:30:40,2.89,0.0,1,289,卖盘
10,09:30:42,2.89,0.0,1,289,卖盘
11,09:30:45,2.89,0.0,2,578,卖盘
12,09:30:48,2.89,0.0,12,3468,卖盘
13,09:30:52,2.89,0.0,1,289,卖盘
14,09:30:55,2.89,0.0,14,4046,卖盘
15,09:31:01,2.9,0.01,1,290,买盘
16,09:31:04,2.89,-0.01,2,578,卖盘
17,09:31:07,2.89,0.0,71,20519,卖盘
18,09:31:10,2.89,0.0,1,289,卖盘
19,09:31:13,2.89,0.0,3,867,卖盘
20,09:31:16,2.9,0.01,777,225484,买盘
21,09:31:19,2.89,-0.01,41,11871,卖盘
22,09:31:34,2.89,0.0,1,289,卖盘
23,09:31:37,2.89,0.0,1,289,卖盘
24,09:31:46,2.9,0.01,51,14789,买盘
25,09:31:49,2.89,-0.01,8,2312,卖盘
26,09:31:58,2.89,0.0,4,1156,卖盘
27,09:32:01,2.89,0.0,1,289,卖盘
28,09:32:07,2.89,0.0,1,289,卖盘
29,09:32:10,2.89,0.0,2,578,卖盘
30,09:32:19,2.89,0.0,5,1445,卖盘
31,09:32:22,2.89,0.0,21,6069,卖盘
32,09:32:24,2.89,0.0,2,578,卖盘
33,09:32:31,2.89,0.0,2,578,卖盘
34,09:32:34,2.89,0.0,1,289,卖盘
35,09:32:37,2.89,0.0,6,1734,卖盘
36,09:32:40,2.89,0.0,28,8092,卖盘
37,09:32:43,2.89,0.0,2,578,卖盘
38,09:32:46,2.89,0.0,55,15895,卖盘
39,09:32:48,2.89,0.0,34,9826,卖盘
40,09:32:52,2.89,0.0,33,9537,卖盘
41,09:32:55,2.89,0.0,1,289,卖盘
42,09:33:01,2.89,0.0,82,23698,卖盘
43,09:33:04,2.89,0.0,12,3468,卖盘
44,09:33:07,2.89,0.0,177,51154,卖盘
45,09:33:10,2.89,0.0,21,6069,卖盘
46,09:33:13,2.88,-0.01,7,1868,卖盘
47,09:33:16,2.88,0.0,1,288,卖盘
48,09:33:19,2.88,0.0,9,2592,卖盘
49,09:33:22,2.88,0.0,7,2016,卖盘
50,09:33:25,2.89,0.01,101,29172,买盘
51,09:33:28,2.87,-0.02,2,574,卖盘
52,09:33:34,2.88,0.01,60,17280,买盘
53,09:33:37,2.88,0.0,70,20160,卖盘
54,09:33:43,2.87,-0.01,2,574,卖盘
55,09:33:45,2.88,0.01,11,3168,买盘
56,09:33:49,2.88,0.0,15,4309,买盘
57,09:33:52,2.87,-0.01,1,287,卖盘
58,09:33:58,2.87,0.0,2,574,卖盘
59,09:34:01,2.87,0.0,3,861,卖盘
60,09:34:04,2.87,0.0,1,287,卖盘
61,09:34:07,2.87,0.0,2,574,卖盘
62,09:34:19,2.87,0.0,7,2009,卖盘
63,09:34:25,2.87,0.0,62,17794,卖盘
64,09:34:28,2.88,0.01,33,9504,买盘
65,09:34:31,2.88,0.0,6,1726,买盘
66,09:34:34,2.88,0.0,38,10944,买盘
67,09:34:37,2.88,0.0,19,5689,买盘
68,09:34:40,2.88,0.0,91,26207,买盘
69,09:34:42,2.87,-0.01,17,4680,卖盘
70,09:34:46,2.88,0.01,31,8927,买盘
71,09:34:49,2.88,0.0,18,5178,买盘
72,09:34:52,2.88,0.0,12,3456,买盘
73,09:34:55,2.88,0.0,98,28224,买盘
74,09:34:58,2.88,0.0,7,2016,买盘
75,09:35:01,2.88,0.0,12,3456,买盘
76,09:35:04,2.87,-0.01,7,2014,卖盘
77,09:35:07,2.88,0.01,5,1440,买盘
78,09:35:10,2.88,0.0,3,864,买盘
79,09:35:13,2.87,-0.01,16,4607,卖盘
80,09:35:16,2.88,0.01,5,1440,买盘
81,09:35:22,2.88,0.0,29,8352,买盘
82,09:35:25,2.87,-0.01,51,14637,卖盘
83,09:35:28,2.87,0.0,8,2296,卖盘
84,09:35:31,2.88,0.01,30,8640,买盘
85,09:35:34,2.87,-0.01,174,50032,卖盘
86,09:35:37,2.88,0.01,15,4320,买盘
87,09:35:40,2.88,0.0,33,9504,买盘
88,09:35:43,2.88,0.0,4,1152,卖盘
89,09:35:45,2.88,0.0,1,288,卖盘
90,09:36:10,2.88,0.0,2,577,卖盘
91,09:36:19,2.88,0.0,6,1728,卖盘
92,09:36:28,2.88,0.0,1,288,卖盘
93,09:36:31,2.89,0.01,10,2890,买盘
94,09:36:36,2.88,-0.01,7,2016,卖盘
95,09:36:43,2.88,0.0,2,576,卖盘
96,09:36:49,2.89,0.01,55,15895,买盘
97,09:37:13,2.89,0.0,1,289,卖盘
98,09:37:22,2.89,0.0,2,578,卖盘
99,09:37:43,2.89,0.0,69,20094,卖盘
100,09:37:58,2.89,0.0,2,578,卖盘
101,09:38:07,2.89,0.0,50,14450,卖盘
102,09:38:12,2.9,0.01,4,1160,买盘
103,09:38:34,2.89,-0.01,13,3757,卖盘
104,09:38:37,2.89,0.0,200,57800,卖盘
105,09:38:43,2.89,0.0,108,31059,卖盘
106,09:39:01,2.88,-0.01,41,11808,卖盘
107,09:39:04,2.89,0.01,98,28258,买盘
108,09:39:06,2.88,-0.01,29,8352,卖盘
109,09:39:10,2.88,0.0,27,7776,卖盘
110,09:39:13,2.88,0.0,9,2592,买盘
111,09:39:16,2.87,-0.01,16,4592,卖盘
112,09:39:18,2.87,0.0,26,7462,卖盘
113,09:39:46,2.87,0.0,20,5740,卖盘
114,09:40:07,2.87,0.0,13,3731,卖盘
115,09:40:10,2.88,0.01,15,4320,买盘
116,09:40:13,2.87,-0.01,2,574,卖盘
117,09:40:16,2.87,0.0,1,287,卖盘
118,09:40:19,2.87,0.0,18,5166,卖盘
119,09:40:22,2.87,0.0,54,15498,卖盘
120,09:40:28,2.87,0.0,1,287,卖盘
121,09:40:30,2.87,0.0,2,574,卖盘
122,09:40:34,2.87,0.0,1,287,卖盘
123,09:40:54,2.87,0.0,15,4305,卖盘
124,09:40:58,2.87,0.0,1,287,卖盘
125,09:41:04,2.87,0.0,17,4879,卖盘
126,09:41:22,2.87,0.0,10,2870,卖盘
127,09:41:27,2.87,0.0,28,8036,卖盘
128,09:41:34,2.87,0.0,1,287,卖盘
129,09:41:37,2.87,0.0,149,42763,卖盘
130,09:41:40,2.87,0.0,4,1148,卖盘
131,09:41:46,2.87,0.0,100,28700,卖盘
132,09:41:49,2.87,0.0,495,142059,卖盘
133,09:41:55,2.86,-0.01,4,1144,卖盘
134,09:42:01,2.87,0.01,50,14350,买盘
135,09:42:10,2.86,-0.01,1,286,卖盘
136,09:42:18,2.86,0.0,16,4576,卖盘
137,09:42:25,2.86,0.0,6,1716,卖盘
138,09:42:34,2.86,0.0,13,3718,卖盘
139,09:42:37,2.87,0.01,50,14350,买盘
140,09:42:58,2.87,0.0,5,1435,买盘
141,09:43:04,2.86,-0.01,1,286,卖盘
142,09:43:19,2.87,0.01,12,3444,买盘
143,09:43:22,2.86,-0.01,6,1716,卖盘
144,09:43:25,2.86,0.0,31,8866,卖盘
145,09:43:34,2.87,0.01,10,2870,买盘
146,09:43:37,2.87,0.0,11,3156,买盘
147,09:43:52,2.86,-0.01,2,572,卖盘
148,09:43:55,2.86,0.0,2,572,卖盘
149,09:43:58,2.87,0.01,15,4305,买盘
150,09:44:01,2.86,-0.01,8,2288,卖盘
151,09:44:04,2.86,0.0,90,25740,卖盘
152,09:44:13,2.86,0.0,117,33462,卖盘
153,09:44:19,2.86,0.0,19,5444,卖盘
154,09:44:34,2.86,0.0,37,10582,卖盘
155,09:44:36,2.86,0.0,1,286,卖盘
156,09:44:49,2.86,0.0,7,2002,卖盘
157,09:44:58,2.86,0.0,1,286,卖盘
158,09:45:01,2.86,0.0,10,2860,卖盘
159,09:45:04,2.86,0.0,28,8008,卖盘
160,09:45:10,2.86,0.0,14,4004,卖盘
161,09:45:13,2.86,0.0,45,12870,卖盘
162,09:45:15,2.86,0.0,20,5720,卖盘
163,09:45:19,2.86,0.0,7,2002,卖盘
164,09:45:22,2.86,0.0,1,286,卖盘
165,09:45:33,2.86,0.0,45,12870,卖盘
166,09:45:37,2.86,0.0,1,286,卖盘
167,09:45:40,2.86,0.0,190,54340,卖盘
168,09:45:43,2.86,0.0,2,572,卖盘
169,09:45:46,2.86,0.0,1,286,卖盘
170,09:45:49,2.86,0.0,9,2574,卖盘
171,09:45:52,2.86,0.0,15,4290,卖盘
172,09:45:55,2.86,0.0,103,29458,卖盘
173,09:45:58,2.86,0.0,45,12870,卖盘
174,09:46:01,2.86,0.0,51,14586,卖盘
175,09:46:04,2.86,0.0,50,14300,卖盘
176,09:46:07,2.86,0.0,75,21456,卖盘
177,09:46:10,2.86,0.0,40,11440,卖盘
178,09:46:16,2.86,0.0,27,7722,卖盘
179,09:46:19,2.86,0.0,137,39182,卖盘
180,09:46:28,2.86,0.0,361,103246,卖盘
181,09:46:30,2.86,0.0,90,25740,卖盘
182,09:46:37,2.85,-0.01,10,2850,卖盘
183,09:46:49,2.86,0.01,17,4846,买盘
184,09:47:04,2.85,-0.01,9,2565,卖盘
185,09:47:09,2.85,0.0,6,1710,卖盘
186,09:47:22,2.85,0.0,77,21945,卖盘
187,09:47:31,2.85,0.0,13,3705,卖盘
188,09:47:34,2.85,0.0,8,2280,卖盘
189,09:47:37,2.85,0.0,1,285,卖盘
190,09:47:40,2.85,0.0,1,285,卖盘
191,09:47:46,2.85,0.0,200,57000,卖盘
192,09:47:49,2.85,0.0,10,2850,卖盘
193,09:47:55,2.86,0.01,10,2860,买盘
194,09:48:01,2.86,0.0,315,89875,买盘
195,09:48:04,2.85,-0.01,2,570,卖盘
196,09:48:19,2.85,0.0,9,2565,卖盘
197,09:48:31,2.85,0.0,350,99750,卖盘
198,09:48:34,2.85,0.0,10,2850,卖盘
199,09:48:37,2.85,0.0,1,285,卖盘
200,09:48:52,2.85,0.0,88,25080,卖盘
201,09:49:04,2.85,0.0,16,4560,卖盘
202,09:49:13,2.85,0.0,1,285,卖盘
203,09:49:16,2.85,0.0,29,8265,卖盘
204,09:49:19,2.85,0.0,7,1995,卖盘
205,09:49:24,2.85,0.0,1,285,卖盘
206,09:49:27,2.86,0.01,10,2860,买盘
207,09:49:40,2.85,-0.01,30,8550,卖盘
208,09:49:49,2.85,0.0,22,6270,卖盘
209,09:49:52,2.85,0.0,250,71250,卖盘
210,09:50:07,2.85,0.0,237,67545,卖盘
211,09:50:09,2.85,0.0,12,3420,卖盘
212,09:50:13,2.85,0.0,8,2280,卖盘
213,09:50:19,2.85,0.0,150,42750,卖盘
214,09:50:22,2.85,0.0,42,11970,卖盘
215,09:50:25,2.85,0.0,96,27360,卖盘
216,09:50:31,2.85,0.0,10,2850,卖盘
217,09:50:37,2.85,0.0,28,7980,卖盘
218,09:50:40,2.85,0.0,1,285,卖盘
219,09:50:45,2.85,0.0,2,570,卖盘
220,09:50:49,2.85,0.0,300,85500,卖盘
221,09:50:52,2.86,0.01,1,286,买盘
222,09:50:55,2.85,-0.01,117,33345,卖盘
223,09:51:01,2.84,-0.01,3,852,卖盘
224,09:51:09,2.85,0.01,161,45885,买盘
225,09:51:12,2.84,-0.01,1,284,卖盘
226,09:51:19,2.84,0.0,28,7952,卖盘
227,09:51:37,2.85,0.01,100,28500,买盘
228,09:51:49,2.84,-0.01,6,1704,卖盘
229,09:51:55,2.85,0.01,40,11400,买盘
230,09:51:58,2.85,0.0,75,21375,买盘
231,09:52:07,2.84,-0.01,43,12254,卖盘
232,09:52:13,2.85,0.01,60,17100,买盘
233,09:52:19,2.85,0.0,11,3134,买盘
234,09:52:22,2.84,-0.01,67,19094,卖盘
235,09:52:37,2.84,0.0,26,7404,卖盘
236,09:52:40,2.84,0.0,15,4260,卖盘
237,09:52:52,2.85,0.01,31,8829,买盘
238,09:53:19,2.84,-0.01,6,1704,卖盘
239,09:53:22,2.84,0.0,150,42600,卖盘
240,09:53:34,2.84,0.0,45,12780,卖盘
241,09:53:37,2.84,0.0,2,568,卖盘
242,09:53:48,2.84,0.0,217,61628,卖盘
243,09:53:52,2.84,0.0,1,284,卖盘
244,09:54:01,2.84,0.0,40,11360,卖盘
245,09:54:04,2.84,0.0,1,284,卖盘
246,09:54:07,2.84,0.0,187,53108,卖盘
247,09:54:15,2.85,0.01,9,2565,买盘
248,09:54:19,2.84,-0.01,4,1136,卖盘
249,09:54:37,2.84,0.0,7,1988,卖盘
250,09:54:43,2.84,0.0,8,2272,卖盘
251,09:54:46,2.85,0.01,1,285,买盘
252,09:54:49,2.84,-0.01,7,1988,卖盘
253,09:55:01,2.84,0.0,1,284,卖盘
254,09:55:09,2.84,0.0,55,15620,卖盘
255,09:55:13,2.84,0.0,1,284,卖盘
256,09:55:15,2.84,0.0,2,568,卖盘
257,09:55:19,2.84,0.0,6,1704,卖盘
258,09:55:22,2.84,0.0,12,3408,卖盘
259,09:55:28,2.84,0.0,1,284,卖盘
260,09:55:33,2.84,0.0,22,6255,卖盘
261,09:55:40,2.85,0.01,105,29925,买盘
262,09:55:46,2.84,-0.01,1,284,卖盘
263,09:55:55,2.85,0.01,300,85500,买盘
264,09:56:01,2.85,0.0,27,7695,买盘
265,09:56:04,2.85,0.0,20,5700,买盘
266,09:56:07,2.85,0.0,306,87110,买盘
267,09:56:12,2.85,0.0,20,5700,买盘
268,09:56:16,2.85,0.0,14,3990,买盘
269,09:56:18,2.85,0.0,5,1425,买盘
270,09:56:28,2.85,0.0,60,17100,买盘
271,09:56:31,2.85,0.0,5,1425,买盘
272,09:56:33,2.85,0.0,10,2850,买盘
273,09:56:37,2.85,0.0,35,9975,买盘
274,09:56:40,2.85,0.0,1,285,买盘
275,09:56:43,2.85,0.0,46,13110,买盘
276,09:56:46,2.85,0.0,38,10830,买盘
277,09:56:49,2.85,0.0,56,15960,卖盘
278,09:57:22,2.85,0.0,1,285,卖盘
279,09:57:34,2.86,0.01,1,286,买盘
280,09:58:42,2.85,-0.01,15,4275,卖盘
281,09:58:49,2.86,0.01,20,5720,买盘
282,09:58:58,2.85,-0.01,2,570,卖盘
283,09:59:00,2.86,0.01,6,1715,买盘
284,09:59:10,2.85,-0.01,2,570,卖盘
285,09:59:16,2.85,0.0,10,2850,卖盘
286,09:59:22,2.85,0.0,15,4275,卖盘
287,09:59:37,2.85,0.0,35,9975,卖盘
288,09:59:52,2.86,0.01,7,2002,买盘
289,09:59:55,2.86,0.0,20,5720,买盘
290,10:00:10,2.85,-0.01,1,285,卖盘
291,10:00:22,2.86,0.01,210,60060,买盘
292,10:00:28,2.86,0.0,53,15158,买盘
293,10:00:42,2.86,0.0,20,5720,买盘
294,10:00:49,2.86,0.0,36,10296,买盘
295,10:00:57,2.86,0.0,30,8580,买盘
296,10:01:10,2.85,-0.01,1,285,卖盘
297,10:01:15,2.86,0.01,31,8866,买盘
298,10:01:19,2.86,0.0,8,2288,卖盘
299,10:02:19,2.87,0.01,140,40180,买盘
300,10:02:22,2.87,0.0,1,287,卖盘
301,10:02:25,2.87,0.0,60,17220,卖盘
302,10:02:37,2.87,0.0,99,28413,卖盘
303,10:02:43,2.86,-0.01,6,1716,卖盘
304,10:03:13,2.87,0.01,74,21237,买盘
305,10:03:15,2.86,-0.01,12,3432,卖盘
306,10:03:55,2.86,0.0,17,4862,卖盘
307,10:04:10,2.87,0.01,2,574,买盘
308,10:04:19,2.87,0.0,143,41041,买盘
309,10:04:54,2.88,0.01,179,51552,买盘
310,10:05:09,2.88,0.0,520,150528,卖盘
311,10:05:13,2.88,0.0,3,864,卖盘
312,10:06:04,2.89,0.01,31,8959,买盘
313,10:07:01,2.88,-0.01,12,3456,卖盘
314,10:07:15,2.88,0.0,1,288,卖盘
315,10:08:13,2.88,0.0,4,1152,卖盘
316,10:08:37,2.88,0.0,7,2016,卖盘
317,10:08:40,2.89,0.01,95,27455,买盘
318,10:08:55,2.88,-0.01,1,288,卖盘
319,10:09:01,2.88,0.0,34,9792,卖盘
320,10:09:04,2.88,0.0,12,3456,卖盘
321,10:09:16,2.88,0.0,60,17280,卖盘
322,10:09:18,2.88,0.0,26,7488,卖盘
323,10:09:25,2.88,0.0,106,30528,卖盘
324,10:09:28,2.88,0.0,61,17568,卖盘
325,10:09:31,2.88,0.0,6,1728,卖盘
326,10:09:34,2.88,0.0,63,18144,卖盘
327,10:09:55,2.87,-0.01,10,2870,卖盘
328,10:10:10,2.87,0.0,2,574,卖盘
329,10:10:42,2.87,0.0,2,574,卖盘
330,10:11:13,2.88,0.01,39,11232,买盘
331,10:11:34,2.87,-0.01,1,287,卖盘
332,10:11:52,2.87,0.0,1,287,卖盘
333,10:11:55,2.87,0.0,2,574,卖盘
334,10:12:10,2.88,0.01,20,5760,买盘
335,10:12:39,2.87,-0.01,1,287,卖盘
336,10:12:49,2.87,0.0,1,287,卖盘
337,10:13:46,2.87,0.0,28,8036,卖盘
338,10:13:49,2.87,0.0,6,1722,卖盘
339,10:13:55,2.87,0.0,1,287,卖盘
340,10:14:22,2.87,0.0,1,287,卖盘
341,10:14:28,2.88,0.01,57,16416,买盘
342,10:14:34,2.87,-0.01,1,287,卖盘
343,10:15:09,2.87,0.0,1,287,卖盘
344,10:15:49,2.87,0.0,50,14350,卖盘
345,10:15:55,2.87,0.0,6,1722,卖盘
346,10:16:07,2.88,0.01,357,102816,买盘
347,10:16:16,2.87,-0.01,1,287,卖盘
348,10:16:22,2.87,0.0,1,287,卖盘
349,10:16:28,2.87,0.0,39,11193,卖盘
350,10:16:40,2.87,0.0,1,287,卖盘
351,10:16:48,2.88,0.01,378,108864,买盘
352,10:16:52,2.88,0.0,13,3744,卖盘
353,10:17:45,2.89,0.01,133,38437,买盘
354,10:18:34,2.89,0.0,1,289,买盘
355,10:19:00,2.88,-0.01,1,288,卖盘
356,10:19:39,2.88,0.0,15,4320,卖盘
357,10:19:49,2.88,0.0,2,576,卖盘
358,10:19:51,2.88,0.0,2,576,卖盘
359,10:19:54,2.88,0.0,2,576,卖盘
360,10:19:57,2.88,0.0,2,576,卖盘
361,10:20:00,2.88,0.0,2,576,卖盘
362,10:20:04,2.88,0.0,2,576,卖盘
363,10:20:07,2.88,0.0,1,288,卖盘
364,10:20:19,2.88,0.0,1,288,卖盘
365,10:20:31,2.88,0.0,1,288,买盘
366,10:20:58,2.87,-0.01,1,287,卖盘
367,10:21:01,2.88,0.01,174,50112,买盘
368,10:21:12,2.87,-0.01,1,287,卖盘
369,10:21:19,2.88,0.01,14,4032,买盘
370,10:21:40,2.88,0.0,67,19296,买盘
371,10:21:58,2.88,0.0,40,11520,卖盘
372,10:22:28,2.88,0.0,11,3168,卖盘
373,10:23:10,2.88,0.0,26,7488,卖盘
374,10:23:16,2.88,0.0,1,288,买盘
375,10:23:34,2.88,0.0,105,30240,买盘
376,10:23:37,2.88,0.0,2,576,卖盘
377,10:23:48,2.88,0.0,70,20160,卖盘
378,10:23:51,2.88,0.0,50,14400,卖盘
379,10:25:28,2.89,0.01,201,58088,买盘
380,10:25:31,2.88,-0.01,2,576,卖盘
381,10:25:51,2.88,0.0,1,288,卖盘
382,10:25:55,2.88,0.0,1,288,卖盘
383,10:26:21,2.88,0.0,1,288,卖盘
384,10:26:34,2.88,0.0,1,288,卖盘
385,10:27:13,2.9,0.02,251,72648,买盘
386,10:27:22,2.89,-0.01,6,1734,买盘
387,10:27:37,2.9,0.01,135,39150,买盘
388,10:28:01,2.9,0.0,45,13050,卖盘
389,10:28:10,2.9,0.0,10,2900,买盘
390,10:28:40,2.9,0.0,1,290,买盘
391,10:29:01,2.89,-0.01,1,289,卖盘
392,10:29:40,2.9,0.01,20,5800,买盘
393,10:29:52,2.89,-0.01,3,867,卖盘
394,10:29:58,2.89,0.0,2,578,卖盘
395,10:30:04,2.89,0.0,2,578,卖盘
396,10:30:07,2.9,0.01,1,290,买盘
397,10:30:10,2.89,-0.01,2,578,卖盘
398,10:30:13,2.89,0.0,3,867,卖盘
399,10:30:16,2.89,0.0,2,578,卖盘
400,10:31:22,2.9,0.01,20,5800,买盘
401,10:31:24,2.89,-0.01,3,867,卖盘
402,10:31:31,2.9,0.01,11,3190,买盘
403,10:31:40,2.9,0.0,114,33060,买盘
404,10:32:04,2.89,-0.01,1,289,卖盘
405,10:32:16,2.89,0.0,2,578,卖盘
406,10:32:40,2.9,0.01,1,290,买盘
407,10:34:04,2.89,-0.01,1,289,卖盘
408,10:34:16,2.89,0.0,28,8092,卖盘
409,10:34:51,2.89,0.0,1,289,卖盘
410,10:35:00,2.89,0.0,1,289,卖盘
411,10:35:19,2.89,0.0,1,289,卖盘
412,10:35:25,2.89,0.0,1,289,卖盘
413,10:35:33,2.89,0.0,100,28900,卖盘
414,10:35:43,2.89,0.0,215,62135,卖盘
415,10:35:46,2.89,0.0,32,9248,卖盘
416,10:35:49,2.89,0.0,110,31790,卖盘
417,10:35:52,2.89,0.0,6,1734,卖盘
418,10:36:01,2.89,0.0,1,289,卖盘
419,10:36:04,2.89,0.0,1,289,卖盘
420,10:36:25,2.89,0.0,72,20808,卖盘
421,10:36:46,2.88,-0.01,1,288,卖盘
422,10:37:31,2.88,0.0,1,288,卖盘
423,10:37:58,2.88,0.0,1,288,卖盘
424,10:38:13,2.88,0.0,1,288,卖盘
425,10:38:16,2.88,0.0,6,1728,卖盘
426,10:38:28,2.88,0.0,29,8352,卖盘
427,10:39:34,2.88,0.0,1,288,卖盘
428,10:39:39,2.89,0.01,50,14450,买盘
429,10:39:55,2.88,-0.01,1,288,卖盘
430,10:39:58,2.88,0.0,3,864,卖盘
431,10:40:01,2.88,0.0,3,864,卖盘
432,10:40:04,2.88,0.0,3,864,卖盘
433,10:40:06,2.88,0.0,3,864,卖盘
434,10:40:10,2.88,0.0,3,864,卖盘
435,10:40:13,2.88,0.0,3,864,卖盘
436,10:40:15,2.88,0.0,3,864,卖盘
437,10:40:18,2.88,0.0,23,6624,卖盘
438,10:40:25,2.88,0.0,1,288,卖盘
439,10:40:31,2.88,0.0,1,288,卖盘
440,10:41:01,2.88,0.0,1,288,卖盘
441,10:41:54,2.88,0.0,1,288,卖盘
442,10:42:00,2.88,0.0,1,288,卖盘
443,10:42:07,2.88,0.0,1,288,卖盘
444,10:42:10,2.88,0.0,13,3744,卖盘
445,10:42:13,2.88,0.0,2,576,卖盘
446,10:42:16,2.88,0.0,2,576,卖盘
447,10:42:19,2.88,0.0,27,7776,卖盘
448,10:42:25,2.88,0.0,2,576,卖盘
449,10:42:28,2.88,0.0,28,8064,卖盘
450,10:42:58,2.88,0.0,16,4608,卖盘
451,10:43:04,2.88,0.0,35,10080,卖盘
452,10:43:07,2.88,0.0,2,576,卖盘
453,10:43:25,2.88,0.0,1,288,卖盘
454,10:43:40,2.89,0.01,9,2601,买盘
455,10:43:52,2.88,-0.01,2,576,卖盘
456,10:44:07,2.88,0.0,1,288,卖盘
457,10:44:12,2.88,0.0,50,14400,卖盘
458,10:44:18,2.88,0.0,17,4896,卖盘
459,10:44:27,2.88,0.0,42,12096,卖盘
460,10:44:55,2.88,0.0,20,5760,卖盘
461,10:45:10,2.88,0.0,1,288,卖盘
462,10:45:21,2.88,0.0,1,288,卖盘
463,10:45:24,2.88,0.0,1,288,卖盘
464,10:45:40,2.88,0.0,1,288,卖盘
465,10:46:16,2.88,0.0,27,7776,卖盘
466,10:46:34,2.88,0.0,3,864,卖盘
467,10:46:40,2.88,0.0,29,8352,卖盘
468,10:46:43,2.88,0.0,6,1728,卖盘
469,10:46:46,2.88,0.0,3,864,卖盘
470,10:46:49,2.88,0.0,9,2592,卖盘
471,10:46:51,2.88,0.0,6,1728,卖盘
472,10:46:54,2.88,0.0,7,2016,卖盘
473,10:46:58,2.88,0.0,11,3168,卖盘
474,10:47:01,2.88,0.0,7,2016,卖盘
475,10:47:04,2.88,0.0,7,2016,卖盘
476,10:47:07,2.88,0.0,7,2016,卖盘
477,10:47:10,2.88,0.0,7,2016,卖盘
478,10:47:13,2.88,0.0,13,3744,卖盘
479,10:47:15,2.88,0.0,8,2304,卖盘
480,10:47:18,2.88,0.0,10,2880,卖盘
481,10:47:21,2.88,0.0,24,6912,卖盘
482,10:47:25,2.88,0.0,13,3744,卖盘
483,10:47:28,2.88,0.0,11,3168,卖盘
484,10:47:30,2.88,0.0,40,11520,卖盘
485,10:47:34,2.88,0.0,14,4032,卖盘
486,10:47:37,2.88,0.0,14,4032,卖盘
487,10:47:40,2.88,0.0,15,4320,卖盘
488,10:47:43,2.88,0.0,15,4320,卖盘
489,10:47:46,2.88,0.0,20,5760,卖盘
490,10:47:49,2.87,-0.01,22,6335,卖盘
491,10:48:01,2.87,0.0,1,287,卖盘
492,10:48:16,2.87,0.0,1,287,卖盘
493,10:48:19,2.87,0.0,25,7175,卖盘
494,10:48:24,2.87,0.0,1,287,卖盘
495,10:48:48,2.87,0.0,9,2583,卖盘
496,10:49:04,2.87,0.0,1,287,卖盘
497,10:50:01,2.87,0.0,9,2583,卖盘
498,10:50:04,2.88,0.01,10,2880,买盘
499,10:50:16,2.87,-0.01,7,2009,卖盘
500,10:50:21,2.87,0.0,2,574,卖盘
501,10:50:28,2.87,0.0,1,287,卖盘
502,10:50:46,2.87,0.0,29,8323,卖盘
503,10:50:52,2.87,0.0,25,7175,卖盘
504,10:51:01,2.87,0.0,15,4305,卖盘
505,10:51:04,2.87,0.0,8,2296,卖盘
506,10:51:09,2.87,0.0,1,287,卖盘
507,10:51:28,2.87,0.0,1,287,卖盘
508,10:51:33,2.87,0.0,1,287,卖盘
509,10:51:37,2.88,0.01,1000,288000,买盘
510,10:51:43,2.88,0.0,177,50976,买盘
511,10:51:49,2.88,0.0,54,15499,买盘
512,10:52:07,2.88,0.0,39,11232,买盘
513,10:52:10,2.88,0.0,20,5760,买盘
514,10:52:13,2.88,0.0,83,23904,买盘
515,10:52:16,2.88,0.0,1,288,卖盘
516,10:53:12,2.88,0.0,15,4320,卖盘
517,10:53:45,2.88,0.0,144,41472,卖盘
518,10:53:48,2.88,0.0,5,1440,卖盘
519,10:53:52,2.88,0.0,1,288,卖盘
520,10:54:04,2.88,0.0,13,3744,买盘
521,10:54:07,2.88,0.0,25,7200,卖盘
522,10:54:10,2.88,0.0,33,9504,卖盘
523,10:54:18,2.87,-0.01,1,287,卖盘
524,10:54:25,2.87,0.0,1,287,卖盘
525,10:54:40,2.87,0.0,2,574,卖盘
526,10:55:12,2.87,0.0,10,2870,卖盘
527,10:55:16,2.87,0.0,1,287,卖盘
528,10:55:21,2.87,0.0,1,287,卖盘
529,10:55:37,2.87,0.0,10,2870,卖盘
530,10:55:39,2.87,0.0,163,46943,卖盘
531,10:55:58,2.87,0.0,1,287,卖盘
532,10:56:09,2.87,0.0,31,8897,卖盘
533,10:56:30,2.87,0.0,58,16646,卖盘
534,10:56:36,2.88,0.01,99,28512,买盘
535,10:56:43,2.88,0.0,18,5184,卖盘
536,10:56:52,2.88,0.0,71,20448,卖盘
537,10:57:16,2.87,-0.01,1,287,卖盘
538,10:57:28,2.87,0.0,11,3157,卖盘
539,10:57:31,2.87,0.0,1,287,卖盘
540,10:57:45,2.87,0.0,9,2583,卖盘
541,10:58:04,2.87,0.0,26,7462,卖盘
542,10:58:09,2.87,0.0,1,287,卖盘
543,10:58:21,2.88,0.01,91,26208,买盘
544,10:58:24,2.87,-0.01,50,14350,卖盘
545,10:59:06,2.88,0.01,1,288,买盘
546,10:59:40,2.87,-0.01,1,287,卖盘
547,10:59:58,2.87,0.0,1,287,卖盘
548,11:00:01,2.87,0.0,17,4879,卖盘
549,11:00:04,2.87,0.0,2,574,卖盘
550,11:00:13,2.87,0.0,1,287,卖盘
551,11:00:31,2.87,0.0,20,5740,卖盘
552,11:01:05,2.87,0.0,163,46868,卖盘
553,11:01:25,2.87,0.0,111,31857,卖盘
554,11:01:46,2.87,0.0,1,287,卖盘
555,11:01:52,2.87,0.0,1,287,卖盘
556,11:02:06,2.87,0.0,1,287,卖盘
557,11:02:13,2.87,0.0,1,287,卖盘
558,11:02:25,2.87,0.0,31,8897,卖盘
559,11:02:36,2.87,0.0,1,287,卖盘
560,11:02:42,2.87,0.0,1,287,卖盘
561,11:02:52,2.87,0.0,1,287,卖盘
562,11:02:58,2.87,0.0,28,8036,卖盘
563,11:03:01,2.87,0.0,1,287,卖盘
564,11:03:10,2.87,0.0,1,287,卖盘
565,11:03:28,2.87,0.0,1,287,卖盘
566,11:03:46,2.87,0.0,1,287,卖盘
567,11:03:55,2.88,0.01,2,575,买盘
568,11:03:58,2.87,-0.01,32,9184,卖盘
569,11:04:18,2.88,0.01,1,288,买盘
570,11:04:24,2.87,-0.01,2,574,卖盘
571,11:04:33,2.88,0.01,3,864,买盘
572,11:04:37,2.88,0.0,1,288,买盘
573,11:04:49,2.87,-0.01,1,287,卖盘
574,11:04:52,2.87,0.0,1,287,卖盘
575,11:05:04,2.88,0.01,20,5760,买盘
576,11:05:52,2.87,-0.01,1,287,卖盘
577,11:05:58,2.87,0.0,53,15211,卖盘
578,11:06:01,2.87,0.0,146,41902,卖盘
579,11:06:03,2.87,0.0,3,861,卖盘
580,11:06:07,2.87,0.0,20,5740,卖盘
581,11:06:12,2.87,0.0,10,2870,卖盘
582,11:06:19,2.87,0.0,25,7175,卖盘
583,11:06:31,2.87,0.0,10,2870,卖盘
584,11:06:40,2.87,0.0,2,574,卖盘
585,11:06:46,2.87,0.0,12,3444,卖盘
586,11:07:09,2.87,0.0,140,40180,卖盘
587,11:07:15,2.87,0.0,22,6314,卖盘
588,11:07:18,2.86,-0.01,916,261952,卖盘
589,11:07:25,2.85,-0.01,13,3705,卖盘
590,11:07:31,2.86,0.01,3,858,买盘
591,11:07:40,2.85,-0.01,10,2850,卖盘
592,11:07:43,2.85,0.0,329,93765,卖盘
593,11:07:49,2.85,0.0,33,9405,卖盘
594,11:07:52,2.85,0.0,55,15675,卖盘
595,11:07:57,2.85,0.0,1,285,卖盘
596,11:08:04,2.86,0.01,36,10296,买盘
597,11:08:40,2.86,0.0,2,572,买盘
598,11:08:49,2.85,-0.01,23,6555,卖盘
599,11:08:58,2.85,0.0,1,285,卖盘
600,11:09:48,2.85,0.0,222,63470,卖盘
601,11:10:04,2.84,-0.01,962,274222,卖盘
602,11:10:13,2.85,0.01,38,10815,买盘
603,11:10:21,2.84,-0.01,102,29022,卖盘
604,11:10:39,2.85,0.01,1,285,卖盘
605,11:10:55,2.85,0.0,7,1995,卖盘
606,11:11:04,2.85,0.0,2,570,卖盘
607,11:11:21,2.85,0.0,1,285,卖盘
608,11:11:24,2.86,0.01,9,2574,买盘
609,11:11:36,2.85,-0.01,1,285,卖盘
610,11:11:55,2.85,0.0,9,2565,卖盘
611,11:12:00,2.85,0.0,1,285,卖盘
612,11:12:07,2.85,0.0,1,285,卖盘
613,11:12:13,2.85,0.0,1,285,卖盘
614,11:12:21,2.85,0.0,1,285,卖盘
615,11:12:49,2.85,0.0,8,2280,卖盘
616,11:13:18,2.85,0.0,2,570,卖盘
617,11:13:25,2.85,0.0,6,1710,卖盘
618,11:13:57,2.85,0.0,3,855,卖盘
619,11:14:19,2.85,0.0,12,3420,卖盘
620,11:14:22,2.85,0.0,1,285,卖盘
621,11:14:33,2.85,0.0,1,285,卖盘
622,11:14:54,2.85,0.0,4,1140,卖盘
623,11:14:58,2.85,0.0,1,285,卖盘
624,11:15:01,2.85,0.0,10,2850,卖盘
625,11:15:15,2.85,0.0,28,7980,卖盘
626,11:15:22,2.85,0.0,1,285,卖盘
627,11:15:36,2.85,0.0,17,4845,卖盘
628,11:15:52,2.85,0.0,7,1995,卖盘
629,11:15:58,2.85,0.0,4,1140,卖盘
630,11:16:01,2.85,0.0,4,1140,卖盘
631,11:16:04,2.85,0.0,4,1140,卖盘
632,11:16:19,2.85,0.0,12,3420,卖盘
633,11:16:22,2.85,0.0,100,28500,卖盘
634,11:16:25,2.85,0.0,13,3705,卖盘
635,11:16:28,2.85,0.0,13,3705,卖盘
636,11:16:31,2.85,0.0,13,3705,卖盘
637,11:16:34,2.85,0.0,13,3705,卖盘
638,11:16:48,2.85,0.0,11,3135,卖盘
639,11:17:12,2.85,0.0,1,285,卖盘
640,11:17:15,2.86,0.01,105,30030,买盘
641,11:17:27,2.85,-0.01,1,285,卖盘
642,11:17:33,2.85,0.0,31,8835,卖盘
643,11:18:24,2.86,0.01,101,28886,买盘
644,11:18:34,2.86,0.0,10,2860,买盘
645,11:18:54,2.85,-0.01,1,285,卖盘
646,11:18:57,2.86,0.01,70,20020,买盘
647,11:19:46,2.85,-0.01,29,8265,卖盘
648,11:20:18,2.85,0.0,14,3990,卖盘
649,11:20:49,2.86,0.01,2,572,买盘
650,11:20:51,2.85,-0.01,1,285,卖盘
651,11:20:54,2.85,0.0,15,4275,卖盘
652,11:21:10,2.85,0.0,56,15960,卖盘
653,11:21:13,2.85,0.0,12,3420,卖盘
654,11:21:21,2.85,0.0,32,9120,卖盘
655,11:21:46,2.86,0.01,20,5720,买盘
656,11:21:49,2.85,-0.01,1,285,卖盘
657,11:22:13,2.85,0.0,1,285,卖盘
658,11:22:18,2.85,0.0,30,8550,卖盘
659,11:22:42,2.85,0.0,15,4275,卖盘
660,11:22:54,2.85,0.0,10,2850,卖盘
661,11:24:10,2.85,0.0,1,285,卖盘
662,11:24:13,2.85,0.0,2,570,卖盘
663,11:24:19,2.85,0.0,30,8550,卖盘
664,11:24:48,2.85,0.0,29,8265,卖盘
665,11:24:58,2.85,0.0,1,285,卖盘
666,11:25:18,2.85,0.0,6,1710,卖盘
667,11:25:37,2.85,0.0,60,17100,卖盘
668,11:25:45,2.86,0.01,16,4576,买盘
669,11:25:49,2.85,-0.01,9,2565,卖盘
670,11:26:18,2.85,0.0,7,1995,卖盘
671,11:26:24,2.85,0.0,70,19950,卖盘
672,11:26:27,2.86,0.01,76,21661,买盘
673,11:26:49,2.85,-0.01,8,2280,卖盘
674,11:27:13,2.85,0.0,1,285,卖盘
675,11:27:19,2.85,0.0,8,2280,卖盘
676,11:27:30,2.85,0.0,12,3420,卖盘
677,11:27:40,2.85,0.0,1,285,卖盘
678,11:27:49,2.85,0.0,9,2565,卖盘
679,11:27:51,2.85,0.0,211,60135,卖盘
680,11:28:06,2.85,0.0,12,3420,卖盘
681,11:28:09,2.85,0.0,10,2850,卖盘
682,11:28:12,2.85,0.0,7,1995,卖盘
683,11:28:16,2.85,0.0,3,855,卖盘
684,11:28:18,2.85,0.0,6,1710,卖盘
685,11:28:39,2.85,0.0,150,42750,卖盘
686,11:28:43,2.85,0.0,2,570,卖盘
687,11:28:46,2.85,0.0,12,3420,卖盘
688,11:28:49,2.84,-0.01,11,3124,卖盘
689,11:28:52,2.84,0.0,27,7668,卖盘
690,11:28:55,2.84,0.0,10,2840,卖盘
691,11:29:04,2.84,0.0,15,4260,卖盘
692,11:29:09,2.84,0.0,14,3976,卖盘
693,11:29:22,2.84,0.0,42,11928,卖盘
694,11:29:30,2.84,0.0,11,3129,卖盘
695,13:00:07,2.85,0.01,83,23650,买盘
696,13:00:12,2.85,0.0,10,2850,买盘
697,13:00:40,2.84,-0.01,1,284,卖盘
698,13:00:45,2.85,0.01,48,13680,买盘
699,13:00:54,2.84,-0.01,6,1704,卖盘
700,13:01:21,2.84,0.0,3,852,卖盘
701,13:01:25,2.85,0.01,7,1995,买盘
702,13:01:30,2.85,0.0,50,14250,买盘
703,13:01:33,2.85,0.0,4,1140,买盘
704,13:02:04,2.85,0.0,4,1140,卖盘
705,13:02:15,2.85,0.0,1,285,卖盘
706,13:02:21,2.85,0.0,4,1140,卖盘
707,13:02:27,2.85,0.0,4,1140,卖盘
708,13:02:33,2.85,0.0,19,5415,卖盘
709,13:02:40,2.85,0.0,5,1425,卖盘
710,13:02:42,2.85,0.0,5,1425,卖盘
711,13:02:45,2.85,0.0,6,1710,卖盘
712,13:02:48,2.85,0.0,6,1710,卖盘
713,13:02:52,2.85,0.0,6,1710,卖盘
714,13:02:54,2.85,0.0,7,1995,卖盘
715,13:02:57,2.85,0.0,6,1710,卖盘
716,13:03:00,2.85,0.0,6,1710,卖盘
717,13:03:04,2.86,0.01,10,2860,买盘
718,13:03:24,2.85,-0.01,4,1140,卖盘
719,13:03:49,2.85,0.0,2,570,卖盘
720,13:04:25,2.86,0.01,10,2860,买盘
721,13:04:31,2.85,-0.01,3,855,卖盘
722,13:05:21,2.85,0.0,8,2280,卖盘
723,13:05:27,2.85,0.0,1,285,卖盘
724,13:05:36,2.85,0.0,28,7980,卖盘
725,13:05:39,2.85,0.0,1,285,卖盘
726,13:05:45,2.85,0.0,5,1425,卖盘
727,13:05:49,2.85,0.0,10,2850,卖盘
728,13:05:54,2.85,0.0,3,855,卖盘
729,13:06:52,2.85,0.0,12,3430,卖盘
730,13:07:13,2.85,0.0,1,285,卖盘
731,13:07:27,2.85,0.0,4,1140,卖盘
732,13:07:33,2.86,0.01,3,858,买盘
733,13:07:37,2.85,-0.01,1,285,卖盘
734,13:08:12,2.85,0.0,15,4275,卖盘
735,13:08:15,2.86,0.01,345,98670,买盘
736,13:08:18,2.86,0.0,1,286,卖盘
737,13:09:21,2.87,0.01,11,3157,买盘
738,13:10:25,2.87,0.0,20,5740,买盘
739,13:10:51,2.86,-0.01,2,572,卖盘
740,13:11:22,2.86,0.0,3,858,卖盘
741,13:11:52,2.86,0.0,13,3728,卖盘
742,13:12:19,2.86,0.0,1,286,卖盘
743,13:12:22,2.87,0.01,13,3728,买盘
744,13:13:18,2.86,-0.01,2,572,卖盘
745,13:13:52,2.86,0.0,1,286,卖盘
746,13:14:21,2.87,0.01,15,4300,买盘
747,13:14:45,2.86,-0.01,1,286,卖盘
748,13:14:58,2.86,0.0,3,858,卖盘
749,13:15:58,2.86,0.0,2,572,卖盘
750,13:16:22,2.86,0.0,4,1144,卖盘
751,13:16:33,2.87,0.01,50,14350,买盘
752,13:16:40,2.87,0.0,10,2870,买盘
753,13:17:16,2.86,-0.01,1,286,卖盘
754,13:17:51,2.87,0.01,30,8610,买盘
755,13:18:01,2.87,0.0,25,7175,买盘
756,13:18:04,2.87,0.0,15,4305,买盘
757,13:18:25,2.87,0.0,10,2870,卖盘
758,13:18:49,2.88,0.01,39,11232,买盘
759,13:18:55,2.88,0.0,26,7488,买盘
760,13:19:07,2.88,0.0,10,2880,买盘
761,13:19:22,2.88,0.0,196,56448,买盘
762,13:19:28,2.88,0.0,36,10368,卖盘
763,13:19:58,2.87,-0.01,6,1722,卖盘
764,13:20:04,2.87,0.0,23,6601,卖盘
765,13:20:07,2.87,0.0,31,8897,卖盘
766,13:20:09,2.87,0.0,42,12054,买盘
767,13:20:12,2.87,0.0,1,287,卖盘
768,13:20:15,2.87,0.0,6,1722,卖盘
769,13:20:25,2.87,0.0,12,3444,卖盘
770,13:20:28,2.87,0.0,2,574,卖盘
771,13:20:31,2.87,0.0,36,10332,卖盘
772,13:20:33,2.87,0.0,5,1435,卖盘
773,13:20:42,2.87,0.0,7,2009,卖盘
774,13:20:49,2.87,0.0,2,574,卖盘
775,13:20:55,2.87,0.0,39,11193,卖盘
776,13:21:09,2.87,0.0,2,574,卖盘
777,13:21:37,2.88,0.01,10,2880,买盘
778,13:22:22,2.87,-0.01,1,287,卖盘
779,13:23:19,2.87,0.0,2,574,卖盘
780,13:24:06,2.88,0.01,11,3168,买盘
781,13:24:19,2.88,0.0,6,1728,买盘
782,13:24:21,2.87,-0.01,1,287,卖盘
783,13:24:57,2.87,0.0,4,1148,卖盘
784,13:26:21,2.87,0.0,3,861,卖盘
785,13:26:36,2.88,0.01,10,2880,买盘
786,13:27:13,2.87,-0.01,1,287,卖盘
787,13:27:19,2.87,0.0,1,287,卖盘
788,13:27:24,2.87,0.0,2,574,卖盘
789,13:27:57,2.87,0.0,2,574,卖盘
790,13:28:04,2.87,0.0,4,1148,卖盘
791,13:28:22,2.87,0.0,19,5453,卖盘
792,13:28:54,2.88,0.01,10,2880,买盘
793,13:29:21,2.87,-0.01,1,287,卖盘
794,13:29:48,2.87,0.0,60,17220,卖盘
795,13:29:51,2.87,0.0,3,861,卖盘
796,13:30:22,2.87,0.0,6,1722,卖盘
797,13:30:28,2.87,0.0,1,287,卖盘
798,13:30:31,2.87,0.0,25,7175,卖盘
799,13:30:34,2.87,0.0,39,11193,卖盘
800,13:31:16,2.87,0.0,5,1435,卖盘
801,13:31:21,2.88,0.01,10,2880,买盘
802,13:31:25,2.87,-0.01,1,287,卖盘
803,13:31:31,2.88,0.01,124,35712,买盘
804,13:31:45,2.87,-0.01,2,574,卖盘
805,13:31:55,2.88,0.01,53,15264,买盘
806,13:32:04,2.87,-0.01,8,2296,卖盘
807,13:32:07,2.87,0.0,8,2296,卖盘
808,13:32:09,2.88,0.01,245,70552,买盘
809,13:32:13,2.88,0.0,2,576,卖盘
810,13:32:16,2.88,0.0,43,12384,卖盘
811,13:32:19,2.88,0.0,1,288,卖盘
812,13:32:43,2.88,0.0,2,576,卖盘
813,13:32:46,2.88,0.0,15,4320,卖盘
814,13:33:51,2.89,0.01,10,2890,买盘
815,13:34:07,2.88,-0.01,1,288,卖盘
816,13:35:19,2.88,0.0,11,3168,卖盘
817,13:35:28,2.89,0.01,67,19363,买盘
818,13:36:04,2.88,-0.01,1,288,卖盘
819,13:36:21,2.89,0.01,10,2890,买盘
820,13:36:34,2.88,-0.01,1,288,卖盘
821,13:37:16,2.88,0.0,4,1152,卖盘
822,13:37:19,2.88,0.0,1,288,卖盘
823,13:38:37,2.88,0.0,136,39168,卖盘
824,13:38:40,2.88,0.0,34,9792,卖盘
825,13:38:43,2.88,0.0,38,10944,卖盘
826,13:38:46,2.88,0.0,1,288,卖盘
827,13:38:48,2.88,0.0,8,2304,卖盘
828,13:38:51,2.89,0.01,11,3179,买盘
829,13:38:58,2.88,-0.01,10,2880,卖盘
830,13:39:01,2.88,0.0,2,576,卖盘
831,13:39:04,2.88,0.0,1,288,卖盘
832,13:39:09,2.88,0.0,30,8640,卖盘
833,13:39:13,2.88,0.0,1,288,卖盘
834,13:39:25,2.88,0.0,81,23328,卖盘
835,13:39:27,2.88,0.0,5,1440,卖盘
836,13:39:33,2.88,0.0,4,1152,卖盘
837,13:39:37,2.88,0.0,19,5472,卖盘
838,13:40:22,2.87,-0.01,1,287,卖盘
839,13:40:25,2.87,0.0,4,1148,卖盘
840,13:40:28,2.87,0.0,4,1148,卖盘
841,13:41:00,2.87,0.0,6,1722,卖盘
842,13:41:09,2.88,0.01,10,2880,买盘
843,13:41:34,2.87,-0.01,1,287,卖盘
844,13:41:55,2.87,0.0,6,1722,卖盘
845,13:42:09,2.87,0.0,1,287,卖盘
846,13:42:12,2.87,0.0,1,287,卖盘
847,13:42:16,2.87,0.0,2,574,卖盘
848,13:42:19,2.87,0.0,1,287,卖盘
849,13:42:22,2.87,0.0,2,574,卖盘
850,13:42:24,2.87,0.0,1,287,卖盘
851,13:42:27,2.87,0.0,1,287,卖盘
852,13:42:30,2.87,0.0,1,287,卖盘
853,13:42:57,2.87,0.0,3,861,卖盘
854,13:43:28,2.87,0.0,615,176505,卖盘
855,13:43:33,2.87,0.0,2,574,卖盘
856,13:43:36,2.88,0.01,10,2880,买盘
857,13:43:39,2.87,-0.01,2,574,卖盘
858,13:43:58,2.87,0.0,11,3157,买盘
859,13:44:07,2.85,-0.02,976,278297,卖盘
860,13:44:21,2.86,0.01,8,2288,卖盘
861,13:44:37,2.86,0.0,1,286,卖盘
862,13:45:04,2.86,0.0,5,1430,卖盘
863,13:45:07,2.86,0.0,1,286,卖盘
864,13:45:22,2.86,0.0,1,286,卖盘
865,13:45:25,2.86,0.0,203,58058,卖盘
866,13:45:51,2.86,0.0,9,2574,卖盘
867,13:45:55,2.86,0.0,6,1716,卖盘
868,13:46:04,2.86,0.0,1,286,卖盘
869,13:46:07,2.87,0.01,10,2870,买盘
870,13:46:57,2.86,-0.01,6,1716,卖盘
871,13:47:18,2.86,0.0,1,286,卖盘
872,13:48:01,2.86,0.0,3,858,卖盘
873,13:48:21,2.86,0.0,3,858,卖盘
874,13:48:24,2.86,0.0,1,286,卖盘
875,13:48:28,2.86,0.0,2,572,卖盘
876,13:48:37,2.87,0.01,10,2870,买盘
877,13:48:49,2.86,-0.01,7,2002,卖盘
878,13:48:58,2.86,0.0,6,1716,卖盘
879,13:49:16,2.86,0.0,20,5720,卖盘
880,13:49:39,2.86,0.0,4,1144,卖盘
881,13:49:51,2.86,0.0,2,572,卖盘
882,13:49:57,2.86,0.0,4,1144,卖盘
883,13:50:04,2.86,0.0,61,17446,卖盘
884,13:50:22,2.86,0.0,4,1144,卖盘
885,13:50:25,2.86,0.0,3,858,卖盘
886,13:50:52,2.86,0.0,5,1430,卖盘
887,13:51:06,2.86,0.0,12,3442,卖盘
888,13:51:21,2.87,0.01,3,861,买盘
889,13:52:19,2.86,-0.01,1,286,卖盘
890,13:52:22,2.86,0.0,6,1716,卖盘
891,13:52:25,2.87,0.01,22,6313,买盘
892,13:52:28,2.86,-0.01,3,858,卖盘
893,13:52:30,2.86,0.0,3,858,卖盘
894,13:52:39,2.86,0.0,4,1144,卖盘
895,13:53:04,2.86,0.0,5,1430,卖盘
896,13:53:10,2.86,0.0,106,30316,卖盘
897,13:53:24,2.87,0.01,11,3157,买盘
898,13:53:27,2.86,-0.01,9,2574,卖盘
899,13:53:55,2.86,0.0,5,1430,卖盘
900,13:54:06,2.86,0.0,1,286,卖盘
901,13:54:16,2.86,0.0,30,8580,卖盘
902,13:54:55,2.86,0.0,3,858,卖盘
903,13:55:51,2.86,0.0,11,3156,卖盘
904,13:56:28,2.86,0.0,5,1430,卖盘
905,13:56:37,2.86,0.0,1,286,卖盘
906,13:56:49,2.87,0.01,1,287,买盘
907,13:56:57,2.86,-0.01,8,2288,卖盘
908,13:57:16,2.86,0.0,1,286,卖盘
909,13:57:48,2.86,0.0,5,1430,卖盘
910,13:57:55,2.86,0.0,5,1430,卖盘
911,13:58:21,2.87,0.01,10,2870,买盘
912,13:58:51,2.86,-0.01,4,1144,卖盘
913,13:58:54,2.86,0.0,1,286,卖盘
914,13:59:09,2.86,0.0,2,572,卖盘
915,13:59:22,2.86,0.0,1,286,卖盘
916,13:59:24,2.86,0.0,2,572,卖盘
917,13:59:55,2.86,0.0,1,286,卖盘
918,13:59:58,2.86,0.0,1,286,卖盘
919,14:00:07,2.87,0.01,1,287,买盘
920,14:00:13,2.87,0.0,87,24969,买盘
921,14:00:16,2.86,-0.01,2,572,卖盘
922,14:01:00,2.86,0.0,39,11154,卖盘
923,14:01:58,2.86,0.0,4,1144,卖盘
924,14:02:04,2.86,0.0,2,572,卖盘
925,14:02:09,2.86,0.0,2,572,卖盘
926,14:02:13,2.86,0.0,3,858,卖盘
927,14:02:16,2.87,0.01,117,33577,买盘
928,14:02:19,2.86,-0.01,8,2288,卖盘
929,14:02:21,2.86,0.0,8,2288,卖盘
930,14:02:24,2.86,0.0,8,2288,卖盘
931,14:02:28,2.86,0.0,8,2288,卖盘
932,14:02:30,2.86,0.0,47,13442,卖盘
933,14:02:42,2.87,0.01,10,2870,买盘
934,14:03:04,2.87,0.0,50,14350,买盘
935,14:03:25,2.87,0.0,40,11480,买盘
936,14:03:58,2.86,-0.01,87,24930,卖盘
937,14:04:01,2.87,0.01,61,17507,买盘
938,14:04:04,2.87,0.0,19,5453,卖盘
939,14:05:01,2.87,0.0,37,10619,买盘
940,14:05:10,2.87,0.0,1,287,卖盘
941,14:05:28,2.87,0.0,51,14637,卖盘
942,14:05:33,2.87,0.0,7,2009,卖盘
943,14:05:36,2.87,0.0,10,2870,卖盘
944,14:05:40,2.87,0.0,28,8036,卖盘
945,14:06:04,2.87,0.0,10,2870,买盘
946,14:07:00,2.86,-0.01,39,11154,卖盘
947,14:07:13,2.86,0.0,1,286,卖盘
948,14:07:49,2.86,0.0,14,4004,卖盘
949,14:08:15,2.87,0.01,27,7745,买盘
950,14:08:28,2.86,-0.01,40,11440,卖盘
951,14:08:52,2.86,0.0,400,114400,卖盘
952,14:08:58,2.86,0.0,15,4290,卖盘
953,14:09:22,2.85,-0.01,1,285,卖盘
954,14:09:55,2.85,0.0,39,11115,卖盘
955,14:10:09,2.85,0.0,2,570,卖盘
956,14:10:45,2.85,0.0,2,570,卖盘
957,14:11:13,2.85,0.0,1,285,卖盘
958,14:11:16,2.85,0.0,4,1140,卖盘
959,14:11:25,2.85,0.0,39,11115,卖盘
960,14:11:52,2.86,0.01,20,5720,买盘
961,14:12:04,2.85,-0.01,3,855,卖盘
962,14:12:10,2.85,0.0,3,855,卖盘
963,14:12:13,2.85,0.0,1,285,卖盘
964,14:12:16,2.85,0.0,3,855,卖盘
965,14:12:18,2.85,0.0,3,855,卖盘
966,14:12:21,2.85,0.0,3,855,卖盘
967,14:12:24,2.85,0.0,6,1710,卖盘
968,14:12:28,2.85,0.0,3,855,卖盘
969,14:12:31,2.85,0.0,3,855,卖盘
970,14:12:52,2.85,0.0,39,11115,卖盘
971,14:13:48,2.84,-0.01,1517,431159,卖盘
972,14:13:55,2.84,0.0,116,32944,卖盘
973,14:14:04,2.84,0.0,1,284,卖盘
974,14:14:22,2.84,0.0,53,15052,卖盘
975,14:14:54,2.84,0.0,3,852,卖盘
976,14:15:01,2.84,0.0,1,284,卖盘
977,14:15:04,2.84,0.0,1,284,卖盘
978,14:15:12,2.84,0.0,21,5964,卖盘
979,14:15:21,2.84,0.0,11,3124,卖盘
980,14:15:27,2.84,0.0,2,568,卖盘
981,14:15:52,2.84,0.0,4,1136,卖盘
982,14:15:55,2.84,0.0,6,1704,卖盘
983,14:16:01,2.85,0.01,59,16813,买盘
984,14:16:06,2.85,0.0,33,9405,卖盘
985,14:16:15,2.85,0.0,10,2850,买盘
986,14:16:43,2.85,0.0,13,3705,买盘
987,14:16:54,2.84,-0.01,54,15336,卖盘
988,14:16:57,2.85,0.01,44,12540,买盘
989,14:17:01,2.85,0.0,1,285,卖盘
990,14:17:04,2.85,0.0,5,1425,卖盘
991,14:17:13,2.85,0.0,19,5415,买盘
992,14:17:16,2.85,0.0,2,570,卖盘
993,14:17:19,2.85,0.0,23,6555,卖盘
994,14:17:21,2.85,0.0,6,1710,卖盘
995,14:17:34,2.85,0.0,28,7980,买盘
996,14:17:40,2.85,0.0,22,6270,卖盘
997,14:17:54,2.85,0.0,24,6840,买盘
998,14:18:00,2.85,0.0,16,4560,卖盘
999,14:18:04,2.85,0.0,1,285,卖盘
1000,14:18:06,2.85,0.0,7,1995,卖盘
1001,14:18:10,2.84,-0.01,32,9090,卖盘
1002,14:18:18,2.85,0.01,9,2565,买盘
1003,14:18:25,2.85,0.0,7,1995,卖盘
1004,14:18:28,2.85,0.0,7,1995,卖盘
1005,14:18:31,2.85,0.0,4,1140,卖盘
1006,14:18:34,2.85,0.0,3,855,卖盘
1007,14:18:36,2.85,0.0,2,570,卖盘
1008,14:18:39,2.85,0.0,1,285,卖盘
1009,14:18:43,2.85,0.0,1,285,卖盘
1010,14:18:46,2.85,0.0,1,285,卖盘
1011,14:18:49,2.85,0.0,2,570,卖盘
1012,14:19:21,2.85,0.0,1,285,卖盘
1013,14:20:07,2.86,0.01,13,3718,买盘
1014,14:20:34,2.85,-0.01,5,1425,卖盘
1015,14:21:01,2.85,0.0,2,570,卖盘
1016,14:21:12,2.86,0.01,11,3146,买盘
1017,14:21:45,2.85,-0.01,3,855,卖盘
1018,14:22:10,2.86,0.01,100,28600,买盘
1019,14:22:40,2.86,0.0,7,2002,买盘
1020,14:22:55,2.86,0.0,1,286,卖盘
1021,14:23:01,2.86,0.0,5,1430,卖盘
1022,14:23:04,2.86,0.0,8,2288,卖盘
1023,14:24:00,2.86,0.0,2,572,买盘
1024,14:25:22,2.83,-0.03,1518,431052,卖盘
1025,14:26:19,2.85,0.02,11,3135,买盘
1026,14:26:46,2.84,-0.01,4,1136,卖盘
1027,14:27:10,2.84,0.0,1,284,卖盘
1028,14:27:28,2.84,0.0,60,17040,卖盘
1029,14:27:31,2.85,0.01,8,2280,买盘
1030,14:27:33,2.84,-0.01,61,17324,卖盘
1031,14:28:07,2.84,0.0,1,284,卖盘
1032,14:28:10,2.84,0.0,4,1136,卖盘
1033,14:28:13,2.84,0.0,4,1136,卖盘
1034,14:28:19,2.85,0.01,61,17385,买盘
1035,14:28:54,2.85,0.0,2,570,卖盘
1036,14:28:57,2.86,0.01,6,1716,买盘
1037,14:29:04,2.85,-0.01,22,6270,卖盘
1038,14:29:27,2.85,0.0,2,570,卖盘
1039,14:29:43,2.86,0.01,1,286,买盘
1040,14:29:58,2.85,-0.01,3,855,卖盘
1041,14:30:31,2.85,0.0,3,855,卖盘
1042,14:30:33,2.86,0.01,10,2860,买盘
1043,14:31:09,2.86,0.0,13,3718,买盘
1044,14:31:16,2.85,-0.01,98,27930,卖盘
1045,14:31:31,2.86,0.01,30,8580,买盘
1046,14:33:00,2.85,-0.01,1,285,卖盘
1047,14:33:37,2.85,0.0,141,40185,卖盘
1048,14:33:43,2.85,0.0,16,4560,买盘
1049,14:33:49,2.84,-0.01,1,273,卖盘
1050,14:34:37,2.84,0.0,179,50836,卖盘
1051,14:34:43,2.84,0.0,33,9383,卖盘
1052,14:35:01,2.84,0.0,237,67297,买盘
1053,14:35:34,2.84,0.0,100,28400,卖盘
1054,14:35:49,2.85,0.01,20,5700,买盘
1055,14:36:31,2.85,0.0,43,12255,买盘
1056,14:36:40,2.85,0.0,13,3705,买盘
1057,14:36:45,2.85,0.0,145,41325,买盘
1058,14:36:52,2.85,0.0,40,11400,买盘
1059,14:37:48,2.85,0.0,27,7695,卖盘
1060,14:39:00,2.85,0.0,12,3420,卖盘
1061,14:39:16,2.85,0.0,38,10830,卖盘
1062,14:39:19,2.85,0.0,8,2280,卖盘
1063,14:39:25,2.85,0.0,5,1425,卖盘
1064,14:39:27,2.85,0.0,73,20805,卖盘
1065,14:39:31,2.85,0.0,24,6840,卖盘
1066,14:39:37,2.84,-0.01,1,284,卖盘
1067,14:39:49,2.85,0.01,50,14250,买盘
1068,14:40:13,2.85,0.0,15,4275,买盘
1069,14:40:19,2.85,0.0,8,2280,买盘
1070,14:40:25,2.85,0.0,12,3420,买盘
1071,14:41:21,2.85,0.0,3,855,买盘
1072,14:42:04,2.84,-0.01,3,852,卖盘
1073,14:42:07,2.85,0.01,30,8550,买盘
1074,14:42:21,2.84,-0.01,3,852,卖盘
1075,14:43:19,2.84,0.0,8,2272,卖盘
1076,14:43:43,2.84,0.0,28,7890,卖盘
1077,14:44:10,2.84,0.0,2,568,卖盘
1078,14:44:19,2.84,0.0,1,284,卖盘
1079,14:44:21,2.84,0.0,16,4544,卖盘
1080,14:44:28,2.84,0.0,8,2272,卖盘
1081,14:45:09,2.84,0.0,25,7100,卖盘
1082,14:45:40,2.84,0.0,18,5112,卖盘
1083,14:46:01,2.84,0.0,118,33512,卖盘
1084,14:46:13,2.84,0.0,35,9940,卖盘
1085,14:46:19,2.84,0.0,8,2272,卖盘
1086,14:46:22,2.84,0.0,14,3976,卖盘
1087,14:46:31,2.84,0.0,460,130640,卖盘
1088,14:46:33,2.84,0.0,460,130640,卖盘
1089,14:46:42,2.84,0.0,1,284,买盘
1090,14:46:45,2.83,-0.01,11,3113,卖盘
1091,14:46:57,2.83,0.0,442,125086,卖盘
1092,14:47:07,2.83,0.0,222,62826,卖盘
1093,14:47:10,2.84,0.01,54,15336,买盘
1094,14:47:16,2.84,0.0,147,41539,买盘
1095,14:47:21,2.84,0.0,6,1704,卖盘
1096,14:47:34,2.83,-0.01,144,40752,卖盘
1097,14:47:46,2.83,0.0,123,34809,卖盘
1098,14:47:52,2.83,0.0,245,69335,卖盘
1099,14:47:55,2.83,0.0,63,17829,卖盘
1100,14:48:01,2.83,0.0,18,4921,卖盘
1101,14:48:13,2.83,0.0,6,1698,买盘
1102,14:48:16,2.83,0.0,571,161032,买盘
1103,14:48:18,2.83,0.0,17,4811,卖盘
1104,14:48:22,2.83,0.0,15,4245,卖盘
1105,14:48:28,2.83,0.0,34,9622,卖盘
1106,14:48:37,2.83,0.0,8,2264,卖盘
1107,14:48:46,2.83,0.0,259,73297,卖盘
1108,14:48:52,2.83,0.0,15,4245,卖盘
1109,14:48:54,2.83,0.0,137,38771,卖盘
1110,14:48:57,2.83,0.0,2,566,卖盘
1111,14:49:01,2.83,0.0,22,6226,卖盘
1112,14:49:04,2.84,0.01,173,49342,买盘
1113,14:49:07,2.84,0.0,51,14484,卖盘
1114,14:49:16,2.84,0.0,594,168696,卖盘
1115,14:49:19,2.85,0.01,38,10830,买盘
1116,14:49:22,2.84,-0.01,8,2272,卖盘
1117,14:49:43,2.84,0.0,1,284,卖盘
1118,14:49:49,2.85,0.01,100,28500,买盘
1119,14:49:52,2.84,-0.01,183,51972,卖盘
1120,14:49:54,2.85,0.01,61,17384,买盘
1121,14:50:16,2.84,-0.01,1,264,卖盘
1122,14:50:34,2.85,0.01,3,855,买盘
1123,14:50:49,2.85,0.0,36,10260,买盘
1124,14:50:52,2.84,-0.01,30,8520,卖盘
1125,14:50:58,2.84,0.0,25,7110,卖盘
1126,14:51:07,2.84,0.0,20,5680,卖盘
1127,14:51:31,2.84,0.0,169,47996,卖盘
1128,14:51:37,2.84,0.0,1,284,卖盘
1129,14:52:13,2.84,0.0,10,2840,卖盘
1130,14:52:18,2.85,0.01,39,11115,买盘
1131,14:52:52,2.84,-0.01,5,1420,卖盘
1132,14:52:58,2.85,0.01,112,31905,买盘
1133,14:53:16,2.85,0.0,11,3135,买盘
1134,14:53:22,2.85,0.0,35,9975,卖盘
1135,14:53:25,2.85,0.0,13,3705,卖盘
1136,14:53:34,2.85,0.0,40,11400,卖盘
1137,14:53:58,2.86,0.01,14,4004,买盘
1138,14:54:04,2.85,-0.01,40,11400,卖盘
1139,14:54:10,2.85,0.0,25,7125,卖盘
1140,14:54:12,2.85,0.0,7,1995,卖盘
1141,14:54:22,2.85,0.0,50,14250,卖盘
1142,14:54:25,2.85,0.0,5,1425,卖盘
1143,14:54:28,2.85,0.0,14,3990,卖盘
1144,14:54:37,2.85,0.0,4,1140,卖盘
1145,14:54:40,2.86,0.01,50,14300,买盘
1146,14:54:43,2.85,-0.01,15,4275,卖盘
1147,14:55:01,2.85,0.0,40,11400,卖盘
1148,14:55:37,2.85,0.0,216,61560,卖盘
1149,14:55:43,2.85,0.0,88,25080,卖盘
1150,14:55:52,2.85,0.0,50,14250,买盘
1151,14:56:13,2.85,0.0,1,285,买盘
1152,14:56:37,2.84,-0.01,1,284,卖盘
1153,14:57:04,2.85,0.01,30,8550,买盘
1154,15:00:04,2.86,0.01,633,181038,卖盘
