,time,price,change,volume,amount,type
0,09:25:04,2.71,-0.04,7671,2078841,卖盘
1,09:30:04,2.7,-0.01,3715,1007265,卖盘
2,09:30:07,2.71,0.01,1463,395731,买盘
3,09:30:10,2.7,-0.01,165,44706,中性盘
4,09:30:13,2.7,0.0,41,11070,买盘
5,09:30:15,2.71,0.01,366,99160,买盘
6,09:30:18,2.71,0.0,11,2981,买盘
7,09:30:21,2.7,-0.01,300,81000,卖盘
8,09:30:24,2.71,0.01,834,225984,买盘
9,09:30:28,2.7,-0.01,3335,900725,卖盘
10,09:30:31,2.7,0.0,27,7290,买盘
11,09:30:33,2.7,0.0,60,16200,卖盘
12,09:30:37,2.7,0.0,219,59180,卖盘
13,09:30:40,2.7,0.0,250,67507,卖盘
14,09:30:43,2.71,0.01,1719,464162,买盘
15,09:30:45,2.71,0.0,560,151760,买盘
16,09:30:48,2.7,-0.01,97,26190,卖盘
17,09:30:52,2.7,0.0,339,91534,卖盘
18,09:30:55,2.7,0.0,201,54270,卖盘
19,09:30:58,2.7,0.0,62,16740,卖盘
20,09:31:01,2.7,0.0,325,87750,卖盘
21,09:31:04,2.71,0.01,103,27813,买盘
22,09:31:06,2.7,-0.01,432,116640,卖盘
23,09:31:10,2.7,0.0,38,10258,买盘
24,09:31:12,2.7,0.0,211,56970,买盘
25,09:31:15,2.7,0.0,122,32940,买盘
26,09:31:18,2.69,-0.01,229,61630,卖盘
27,09:31:22,2.7,0.01,782,211034,买盘
28,09:31:24,2.7,0.0,254,68467,买盘
29,09:31:27,2.7,0.0,685,184950,卖盘
30,09:31:30,2.7,0.0,378,102060,卖盘
31,09:31:33,2.71,0.01,3,813,买盘
32,09:31:36,2.71,0.0,189,51219,买盘
33,09:31:39,2.7,-0.01,1,270,卖盘
34,09:31:42,2.71,0.01,319,86449,买盘
35,09:31:46,2.71,0.0,420,113820,买盘
36,09:31:48,2.71,0.0,378,102338,买盘
37,09:31:51,2.7,-0.01,470,127087,卖盘
38,09:31:54,2.71,0.01,18,4878,买盘
39,09:31:57,2.7,-0.01,612,165386,卖盘
40,09:32:00,2.71,0.01,8,2168,卖盘
41,09:32:04,2.71,0.0,95,25745,卖盘
42,09:32:06,2.72,0.01,21,5701,买盘
43,09:32:10,2.72,0.0,208,56575,买盘
44,09:32:13,2.71,-0.01,137,37164,卖盘
45,09:32:15,2.72,0.01,40,10880,买盘
46,09:32:18,2.72,0.0,314,85123,买盘
47,09:32:21,2.72,0.0,52,14144,买盘
48,09:32:24,2.72,0.0,52,14144,买盘
49,09:32:27,2.72,0.0,312,84894,买盘
50,09:32:37,2.73,0.01,24,6548,买盘
51,09:32:39,2.73,0.0,569,155324,买盘
52,09:32:42,2.73,0.0,35,9535,买盘
53,09:32:45,2.73,0.0,230,62790,买盘
54,09:32:48,2.73,0.0,375,102375,买盘
55,09:32:51,2.72,-0.01,402,109721,卖盘
56,09:32:54,2.73,0.01,266,72618,买盘
57,09:32:57,2.73,0.0,170,46410,买盘
58,09:33:00,2.73,0.0,277,75579,买盘
59,09:33:03,2.73,0.0,196,53508,买盘
60,09:33:06,2.73,0.0,280,76440,买盘
61,09:33:09,2.73,0.0,137,37401,买盘
62,09:33:12,2.73,0.0,666,181818,买盘
63,09:33:16,2.74,0.01,435,118756,买盘
64,09:33:18,2.74,0.0,60,16440,买盘
65,09:33:25,2.74,0.0,51,13974,买盘
66,09:33:28,2.74,0.0,374,102402,买盘
67,09:33:30,2.74,0.0,25,6850,买盘
68,09:33:33,2.74,0.0,136,37264,买盘
69,09:33:36,2.74,0.0,15,4110,买盘
70,09:33:39,2.74,0.0,109,29829,买盘
71,09:33:42,2.74,0.0,72,19690,买盘
72,09:33:45,2.74,0.0,676,185224,买盘
73,09:33:48,2.74,0.0,40,10960,卖盘
74,09:33:54,2.75,0.01,255,70125,买盘
75,09:33:57,2.75,0.0,53,14575,买盘
76,09:34:04,2.75,0.0,472,129800,买盘
77,09:34:06,2.75,0.0,28,7695,买盘
78,09:34:09,2.75,0.0,155,42625,买盘
79,09:34:12,2.75,0.0,208,57200,买盘
80,09:34:16,2.75,0.0,315,86625,买盘
81,09:34:19,2.75,0.0,1651,452925,买盘
82,09:34:22,2.74,-0.01,1369,375176,卖盘
83,09:34:24,2.73,-0.01,297,81286,卖盘
84,09:34:27,2.74,0.01,2038,557913,买盘
85,09:34:30,2.73,-0.01,495,135135,卖盘
86,09:34:34,2.73,0.0,451,123123,买盘
87,09:34:36,2.72,-0.01,1174,319338,卖盘
88,09:34:40,2.73,0.01,569,155001,买盘
89,09:34:42,2.72,-0.01,354,96624,中性盘
90,09:34:48,2.73,0.01,10,2730,买盘
91,09:34:51,2.73,0.0,36,9828,买盘
92,09:34:54,2.72,-0.01,1,272,卖盘
93,09:34:57,2.73,0.01,6,1638,买盘
94,09:35:01,2.72,-0.01,16,4362,卖盘
95,09:35:04,2.73,0.01,381,104006,买盘
96,09:35:06,2.73,0.0,5,1365,买盘
97,09:35:09,2.73,0.0,256,69888,买盘
98,09:35:13,2.73,0.0,205,55965,买盘
99,09:35:16,2.73,0.0,157,42861,买盘
100,09:35:18,2.73,0.0,200,54600,卖盘
101,09:35:21,2.73,0.0,575,157384,卖盘
102,09:35:28,2.73,0.0,35,9584,卖盘
103,09:35:30,2.73,0.0,29,7917,卖盘
104,09:35:34,2.74,0.01,1101,301674,买盘
105,09:35:36,2.74,0.0,243,66367,买盘
106,09:35:40,2.74,0.0,70,19180,买盘
107,09:35:42,2.74,0.0,196,53614,买盘
108,09:35:45,2.74,0.0,50,13700,买盘
109,09:35:49,2.73,-0.01,100,27300,卖盘
110,09:35:51,2.74,0.01,731,200274,买盘
111,09:35:54,2.74,0.0,457,125218,卖盘
112,09:35:57,2.74,0.0,101,27674,买盘
113,09:36:00,2.74,0.0,6,1644,买盘
114,09:36:04,2.74,0.0,994,271382,买盘
115,09:36:06,2.73,-0.01,298,81421,卖盘
116,09:36:09,2.73,0.0,169,46137,买盘
117,09:36:13,2.72,-0.01,408,111029,卖盘
118,09:36:15,2.73,0.01,1049,285508,买盘
119,09:36:18,2.73,0.0,285,77767,买盘
120,09:36:27,2.73,0.0,48,13080,买盘
121,09:36:33,2.73,0.0,85,23205,买盘
122,09:36:36,2.72,-0.01,72,19584,卖盘
123,09:36:39,2.72,0.0,638,173542,卖盘
124,09:36:42,2.72,0.0,24,6528,买盘
125,09:36:45,2.72,0.0,69,18768,买盘
126,09:36:48,2.71,-0.01,106,28741,卖盘
127,09:36:51,2.72,0.01,137,37264,买盘
128,09:36:58,2.71,-0.01,32,8674,卖盘
129,09:37:01,2.72,0.01,409,111248,买盘
130,09:37:04,2.71,-0.01,27,7317,卖盘
131,09:37:06,2.71,0.0,53,14413,卖盘
132,09:37:09,2.71,0.0,3663,994728,卖盘
133,09:37:12,2.71,0.0,264,71553,卖盘
134,09:37:15,2.72,0.01,328,88930,中性盘
135,09:37:19,2.71,-0.01,129,35006,卖盘
136,09:37:21,2.71,0.0,196,53116,卖盘
137,09:37:27,2.71,0.0,21,5691,买盘
138,09:37:31,2.71,0.0,82,22222,卖盘
139,09:37:33,2.71,0.0,5,1355,卖盘
140,09:37:36,2.7,-0.01,499,135195,卖盘
141,09:37:45,2.72,0.02,2,544,买盘
142,09:37:54,2.71,-0.01,64,17346,卖盘
143,09:38:00,2.71,0.0,19,5149,卖盘
144,09:38:04,2.72,0.01,80,21760,买盘
145,09:38:06,2.72,0.0,1,272,买盘
146,09:38:09,2.71,-0.01,90,24466,卖盘
147,09:38:12,2.72,0.01,63,17136,买盘
148,09:38:16,2.71,-0.01,334,90756,卖盘
149,09:38:18,2.72,0.01,2,544,买盘
150,09:38:21,2.72,0.0,6,1632,买盘
151,09:38:27,2.72,0.0,232,62904,买盘
152,09:38:33,2.71,-0.01,1,271,卖盘
153,09:38:36,2.72,0.01,34,9224,买盘
154,09:38:43,2.72,0.0,10,2720,买盘
155,09:38:51,2.72,0.0,45,12237,买盘
156,09:38:55,2.72,0.0,42,11414,买盘
157,09:38:57,2.72,0.0,243,66096,买盘
158,09:39:00,2.72,0.0,508,138176,买盘
159,09:39:03,2.72,0.0,61,16592,买盘
160,09:39:06,2.72,0.0,144,39031,买盘
161,09:39:09,2.72,0.0,121,32912,买盘
162,09:39:18,2.72,0.0,70,19030,买盘
163,09:39:21,2.72,0.0,10,2720,买盘
164,09:39:25,2.72,0.0,262,71264,买盘
165,09:39:27,2.72,0.0,54,14688,买盘
166,09:39:33,2.71,-0.01,1,271,卖盘
167,09:39:37,2.72,0.01,277,75344,买盘
168,09:39:39,2.72,0.0,78,21173,买盘
169,09:39:42,2.72,0.0,9,2448,卖盘
170,09:39:55,2.72,0.0,30,8160,卖盘
171,09:39:57,2.72,0.0,183,49776,卖盘
172,09:40:00,2.72,0.0,20,5440,买盘
173,09:40:03,2.72,0.0,100,27200,买盘
174,09:40:06,2.72,0.0,18,4896,买盘
175,09:40:09,2.72,0.0,11,2992,买盘
176,09:40:12,2.72,0.0,198,53856,买盘
177,09:40:16,2.72,0.0,106,28832,卖盘
178,09:40:27,2.72,0.0,174,47378,卖盘
179,09:40:37,2.73,0.01,270,73640,买盘
180,09:40:39,2.73,0.0,35,9555,买盘
181,09:40:42,2.73,0.0,292,79716,买盘
182,09:40:45,2.73,0.0,26,7098,买盘
183,09:40:48,2.73,0.0,439,119847,买盘
184,09:40:54,2.73,0.0,645,176085,买盘
185,09:41:00,2.73,0.0,64,17472,卖盘
186,09:41:07,2.74,0.01,355,97270,买盘
187,09:41:09,2.74,0.0,143,39182,买盘
188,09:41:13,2.74,0.0,143,39159,买盘
189,09:41:15,2.74,0.0,183,50142,买盘
190,09:41:18,2.74,0.0,120,32880,买盘
191,09:41:21,2.73,-0.01,284,77682,卖盘
192,09:41:33,2.75,0.02,234,64350,买盘
193,09:41:36,2.75,0.0,7,1925,买盘
194,09:41:40,2.75,0.0,1,275,买盘
195,09:41:42,2.75,0.0,2003,550805,买盘
196,09:41:45,2.75,0.0,128,35100,买盘
197,09:41:49,2.75,0.0,109,29975,买盘
198,09:41:51,2.75,0.0,80,22000,买盘
199,09:41:54,2.75,0.0,27,7425,买盘
200,09:41:57,2.75,0.0,422,116050,买盘
201,09:42:00,2.75,0.0,271,74525,买盘
202,09:42:03,2.75,0.0,247,67925,买盘
203,09:42:06,2.75,0.0,397,109375,卖盘
204,09:42:09,2.75,0.0,5,1375,买盘
205,09:42:12,2.75,0.0,21,5775,买盘
206,09:42:15,2.75,0.0,7,1925,买盘
207,09:42:18,2.75,0.0,23,6325,买盘
208,09:42:24,2.75,0.0,66,18150,买盘
209,09:42:27,2.74,-0.01,30,8220,卖盘
210,09:42:31,2.75,0.01,27,7424,买盘
211,09:42:33,2.75,0.0,140,38400,买盘
212,09:42:36,2.74,-0.01,102,28046,卖盘
213,09:42:40,2.74,0.0,30,8238,卖盘
214,09:42:42,2.74,0.0,1638,448826,卖盘
215,09:42:45,2.74,0.0,122,33428,卖盘
216,09:42:48,2.74,0.0,48,13152,买盘
217,09:42:52,2.74,0.0,30,8220,买盘
218,09:42:54,2.74,0.0,211,57814,买盘
219,09:42:58,2.74,0.0,418,114502,买盘
220,09:43:00,2.73,-0.01,377,102921,卖盘
221,09:43:06,2.73,0.0,140,38220,买盘
222,09:43:12,2.73,0.0,148,40404,买盘
223,09:43:15,2.73,0.0,10,2730,卖盘
224,09:43:24,2.73,0.0,2,546,卖盘
225,09:43:36,2.73,0.0,154,42096,卖盘
226,09:43:40,2.73,0.0,1,273,卖盘
227,09:43:42,2.73,0.0,92,25116,卖盘
228,09:43:45,2.73,0.0,20,5460,买盘
229,09:43:48,2.74,0.01,279,76367,买盘
230,09:43:51,2.73,-0.01,5,1365,卖盘
231,09:44:00,2.73,0.0,313,85449,卖盘
232,09:44:04,2.73,0.0,52,14196,买盘
233,09:44:06,2.73,0.0,15,4095,买盘
234,09:44:09,2.74,0.01,37,10110,买盘
235,09:44:12,2.73,-0.01,1,273,卖盘
236,09:44:18,2.73,0.0,441,120393,卖盘
237,09:44:24,2.74,0.01,35,9590,买盘
238,09:44:36,2.74,0.0,382,104668,买盘
239,09:44:39,2.74,0.0,121,33154,买盘
240,09:44:42,2.74,0.0,4,1096,买盘
241,09:44:45,2.74,0.0,15,4110,买盘
242,09:44:49,2.74,0.0,818,224132,买盘
243,09:44:57,2.74,0.0,30,8220,卖盘
244,09:45:00,2.75,0.01,345,94875,买盘
245,09:45:06,2.75,0.0,250,68750,买盘
246,09:45:16,2.75,0.0,160,43847,买盘
247,09:45:18,2.75,0.0,428,117700,买盘
248,09:45:21,2.75,0.0,27,7425,买盘
249,09:45:24,2.75,0.0,9,2475,买盘
250,09:45:27,2.75,0.0,365,100375,买盘
251,09:45:31,2.75,0.0,1050,288750,买盘
252,09:45:33,2.75,0.0,20,5510,卖盘
253,09:45:36,2.76,0.01,34,9374,买盘
254,09:45:39,2.76,0.0,35,9660,买盘
255,09:45:42,2.76,0.0,57,15732,买盘
256,09:45:45,2.76,0.0,600,165500,买盘
257,09:45:48,2.76,0.0,143,39468,买盘
258,09:45:51,2.76,0.0,1333,367908,买盘
259,09:45:54,2.76,0.0,58,16008,卖盘
260,09:45:57,2.77,0.01,78,21606,买盘
261,09:46:00,2.76,-0.01,669,184644,卖盘
262,09:46:04,2.77,0.01,114,31578,买盘
263,09:46:06,2.77,0.0,100,27700,买盘
264,09:46:09,2.77,0.0,340,94126,买盘
265,09:46:12,2.77,0.0,351,97227,买盘
266,09:46:15,2.77,0.0,366,101382,买盘
267,09:46:18,2.77,0.0,239,66203,买盘
268,09:46:21,2.77,0.0,524,145118,买盘
269,09:46:24,2.77,0.0,538,149026,买盘
270,09:46:27,2.77,0.0,950,263150,买盘
271,09:46:30,2.77,0.0,305,84485,卖盘
272,09:46:33,2.77,0.0,624,172848,买盘
273,09:46:36,2.77,0.0,412,114124,买盘
274,09:46:39,2.77,0.0,216,59832,买盘
275,09:46:42,2.77,0.0,319,88363,买盘
276,09:46:45,2.77,0.0,271,75067,买盘
277,09:46:49,2.77,0.0,1962,541683,买盘
278,09:46:52,2.76,-0.01,526,145186,卖盘
279,09:46:54,2.76,0.0,95,26220,买盘
280,09:46:57,2.76,0.0,800,220800,买盘
281,09:47:00,2.76,0.0,13,3588,买盘
282,09:47:04,2.75,-0.01,294,81124,卖盘
283,09:47:06,2.76,0.01,87,23949,买盘
284,09:47:09,2.77,0.01,293,80883,买盘
285,09:47:12,2.77,0.0,115,31815,买盘
286,09:47:15,2.77,0.0,156,43212,买盘
287,09:47:18,2.76,-0.01,486,134421,卖盘
288,09:47:21,2.77,0.01,214,59067,买盘
289,09:47:25,2.77,0.0,30,8290,买盘
290,09:47:28,2.77,0.0,125,34625,买盘
291,09:47:30,2.76,-0.01,135,37283,卖盘
292,09:47:33,2.77,0.01,3,831,买盘
293,09:47:36,2.77,0.0,63,17411,买盘
294,09:47:39,2.76,-0.01,427,117852,卖盘
295,09:47:42,2.76,0.0,527,145452,买盘
296,09:47:45,2.76,0.0,54,14904,买盘
297,09:47:49,2.76,0.0,54,14904,买盘
298,09:47:51,2.76,0.0,369,101844,买盘
299,09:47:54,2.76,0.0,2,552,买盘
300,09:47:57,2.76,0.0,361,99636,买盘
301,09:48:00,2.76,0.0,52,14349,买盘
302,09:48:04,2.76,0.0,7,1932,买盘
303,09:48:06,2.76,0.0,251,69263,买盘
304,09:48:09,2.76,0.0,152,41952,买盘
305,09:48:15,2.76,0.0,2,552,买盘
306,09:48:18,2.76,0.0,165,45540,买盘
307,09:48:21,2.76,0.0,255,70320,买盘
308,09:48:24,2.76,0.0,1070,294320,买盘
309,09:48:27,2.76,0.0,92,25392,买盘
310,09:48:33,2.76,0.0,118,32568,买盘
311,09:48:36,2.76,0.0,2,552,买盘
312,09:48:39,2.76,0.0,59,16284,买盘
313,09:48:46,2.76,0.0,108,29808,买盘
314,09:48:49,2.76,0.0,9,2484,买盘
315,09:48:51,2.76,0.0,209,57684,买盘
316,09:48:55,2.76,0.0,20,5520,买盘
317,09:48:58,2.76,0.0,6,1656,买盘
318,09:49:00,2.76,0.0,251,69276,买盘
319,09:49:04,2.76,0.0,118,32568,买盘
320,09:49:06,2.76,0.0,628,173328,买盘
321,09:49:09,2.75,-0.01,19,5225,卖盘
322,09:49:13,2.76,0.01,393,108468,买盘
323,09:49:15,2.76,0.0,280,77260,买盘
324,09:49:18,2.76,0.0,338,93288,买盘
325,09:49:21,2.76,0.0,441,121716,买盘
326,09:49:24,2.76,0.0,459,126684,买盘
327,09:49:27,2.76,0.0,39,10764,买盘
328,09:49:30,2.75,-0.01,2115,581685,卖盘
329,09:49:36,2.76,0.01,231,63756,买盘
330,09:49:39,2.76,0.0,390,107640,买盘
331,09:49:42,2.76,0.0,212,58512,买盘
332,09:49:45,2.76,0.0,100,27600,买盘
333,09:49:48,2.75,-0.01,10,2750,卖盘
334,09:49:51,2.76,0.01,114,31464,买盘
335,09:50:01,2.76,0.0,1,276,卖盘
336,09:50:04,2.76,0.0,50,13800,卖盘
337,09:50:07,2.77,0.01,50,13850,买盘
338,09:50:12,2.76,-0.01,237,65626,卖盘
339,09:50:21,2.76,0.0,159,43884,卖盘
340,09:50:27,2.77,0.01,190,52630,买盘
341,09:50:30,2.77,0.0,137,37949,买盘
342,09:50:36,2.77,0.0,38,10496,买盘
343,09:50:39,2.76,-0.01,500,138000,卖盘
344,09:50:42,2.77,0.01,31,8587,买盘
345,09:50:45,2.77,0.0,285,78945,买盘
346,09:50:52,2.77,0.0,35,9695,卖盘
347,09:50:54,2.77,0.0,800,221600,卖盘
348,09:51:00,2.77,0.0,328,90856,卖盘
349,09:51:04,2.78,0.01,10,2780,买盘
350,09:51:06,2.78,0.0,816,226848,买盘
351,09:51:09,2.78,0.0,162,45021,买盘
352,09:51:12,2.78,0.0,46,12788,买盘
353,09:51:16,2.78,0.0,61,16958,买盘
354,09:51:18,2.78,0.0,255,70890,买盘
355,09:51:21,2.78,0.0,101,28078,买盘
356,09:51:24,2.78,0.0,574,159572,买盘
357,09:51:27,2.78,0.0,91,25298,买盘
358,09:51:31,2.79,0.01,460,127881,买盘
359,09:51:36,2.79,0.0,197,54963,买盘
360,09:51:39,2.79,0.0,37,10323,买盘
361,09:51:42,2.79,0.0,121,33759,买盘
362,09:51:45,2.79,0.0,1016,283434,买盘
363,09:51:48,2.79,0.0,227,63333,买盘
364,09:51:51,2.79,0.0,110,30690,买盘
365,09:51:54,2.79,0.0,386,107692,买盘
366,09:51:58,2.79,0.0,26,7254,买盘
367,09:52:00,2.79,0.0,136,37944,买盘
368,09:52:04,2.79,0.0,284,79047,买盘
369,09:52:06,2.79,0.0,569,158741,买盘
370,09:52:09,2.79,0.0,53,14757,买盘
371,09:52:12,2.79,0.0,40,11160,买盘
372,09:52:15,2.79,0.0,73,20367,买盘
373,09:52:19,2.79,0.0,337,94023,买盘
374,09:52:22,2.79,0.0,975,271875,买盘
375,09:52:25,2.79,0.0,520,145080,买盘
376,09:52:28,2.78,-0.01,1076,299143,卖盘
377,09:52:31,2.78,0.0,21,5838,买盘
378,09:52:33,2.77,-0.01,1089,301742,卖盘
379,09:52:36,2.77,0.0,1025,284125,卖盘
380,09:52:39,2.77,0.0,22,6094,买盘
381,09:52:42,2.77,0.0,24,6648,买盘
382,09:52:46,2.76,-0.01,500,138052,卖盘
383,09:52:48,2.77,0.01,69,19113,买盘
384,09:52:52,2.76,-0.01,2299,634662,卖盘
385,09:52:55,2.76,0.0,154,42544,买盘
386,09:53:00,2.77,0.01,10,2770,买盘
387,09:53:04,2.76,-0.01,100,27600,卖盘
388,09:53:06,2.77,0.01,466,128980,买盘
389,09:53:09,2.76,-0.01,10,2760,卖盘
390,09:53:15,2.77,0.01,503,139294,买盘
391,09:53:18,2.77,0.0,2,554,买盘
392,09:53:24,2.77,0.0,37,10249,买盘
393,09:53:27,2.77,0.0,219,60663,买盘
394,09:53:30,2.77,0.0,747,206919,买盘
395,09:53:33,2.77,0.0,37,10249,买盘
396,09:53:36,2.77,0.0,40,11080,买盘
397,09:53:39,2.77,0.0,96,26592,买盘
398,09:53:42,2.77,0.0,99,27423,买盘
399,09:53:49,2.77,0.0,364,100828,买盘
400,09:53:51,2.77,0.0,1,277,买盘
401,09:53:55,2.77,0.0,303,83631,买盘
402,09:54:00,2.77,0.0,537,148749,买盘
403,09:54:03,2.77,0.0,150,41550,买盘
404,09:54:06,2.77,0.0,70,19390,买盘
405,09:54:09,2.77,0.0,75,20775,买盘
406,09:54:13,2.77,0.0,50,13850,买盘
407,09:54:15,2.77,0.0,121,33517,买盘
408,09:54:18,2.76,-0.01,1996,550910,卖盘
409,09:54:24,2.76,0.0,2,552,买盘
410,09:54:27,2.76,0.0,46,12696,买盘
411,09:54:30,2.76,0.0,51,14076,买盘
412,09:54:33,2.75,-0.01,38,10450,卖盘
413,09:54:39,2.76,0.01,76,20976,买盘
414,09:54:42,2.75,-0.01,1100,302600,卖盘
415,09:54:45,2.75,0.0,22,6050,卖盘
416,09:54:48,2.76,0.01,9,2479,买盘
417,09:54:51,2.75,-0.01,64,17600,卖盘
418,09:54:54,2.76,0.01,39,10764,买盘
419,09:54:57,2.75,-0.01,510,140250,卖盘
420,09:55:00,2.75,0.0,173,47575,卖盘
421,09:55:03,2.76,0.01,130,35880,买盘
422,09:55:06,2.75,-0.01,140,38500,卖盘
423,09:55:09,2.75,0.0,110,30250,卖盘
424,09:55:15,2.75,0.0,711,195535,卖盘
425,09:55:19,2.76,0.01,1131,311045,买盘
426,09:55:21,2.75,-0.01,55,15125,卖盘
427,09:55:24,2.75,0.0,137,37675,买盘
428,09:55:27,2.75,0.0,15,4125,买盘
429,09:55:31,2.75,0.0,14,3850,买盘
430,09:55:33,2.75,0.0,15,4125,买盘
431,09:55:39,2.75,0.0,10,2750,买盘
432,09:55:46,2.74,-0.01,200,54800,卖盘
433,09:55:54,2.75,0.01,158,43450,买盘
434,09:55:58,2.74,-0.01,2,548,卖盘
435,09:56:00,2.75,0.01,89,24475,买盘
436,09:56:03,2.74,-0.01,242,66308,卖盘
437,09:56:06,2.74,0.0,5,1370,卖盘
438,09:56:13,2.74,0.0,1254,343596,卖盘
439,09:56:15,2.74,0.0,91,24934,买盘
440,09:56:18,2.74,0.0,117,32058,买盘
441,09:56:21,2.73,-0.01,29,7917,卖盘
442,09:56:27,2.74,0.01,200,54800,买盘
443,09:56:30,2.73,-0.01,167,45745,卖盘
444,09:56:33,2.73,0.0,30,8190,卖盘
445,09:56:39,2.74,0.01,288,78912,买盘
446,09:56:42,2.74,0.0,417,113858,买盘
447,09:56:45,2.74,0.0,135,36990,买盘
448,09:56:48,2.74,0.0,59,16166,买盘
449,09:56:51,2.75,0.01,381,104464,买盘
450,09:56:57,2.73,-0.02,837,228539,卖盘
451,09:57:04,2.74,0.01,37,10138,卖盘
452,09:57:06,2.75,0.01,2,550,买盘
453,09:57:15,2.74,-0.01,82,22468,卖盘
454,09:57:21,2.74,0.0,354,96996,卖盘
455,09:57:24,2.74,0.0,5,1370,买盘
456,09:57:27,2.74,0.0,41,11234,买盘
457,09:57:33,2.74,0.0,110,30140,买盘
458,09:57:36,2.75,0.01,899,246452,买盘
459,09:57:46,2.75,0.0,11,3025,买盘
460,09:57:48,2.75,0.0,2,550,买盘
461,09:57:51,2.75,0.0,394,108350,买盘
462,09:57:57,2.75,0.0,103,28325,买盘
463,09:58:03,2.75,0.0,165,45373,买盘
464,09:58:06,2.75,0.0,378,103950,买盘
465,09:58:12,2.76,0.01,294,81144,买盘
466,09:58:19,2.76,0.0,4,1104,买盘
467,09:58:24,2.76,0.0,20,5520,买盘
468,09:58:27,2.76,0.0,36,9936,买盘
469,09:58:30,2.76,0.0,265,73140,买盘
470,09:58:39,2.77,0.01,8,2216,买盘
471,09:58:48,2.77,0.0,294,81438,买盘
472,09:58:51,2.77,0.0,1,277,买盘
473,09:58:55,2.77,0.0,35,9695,买盘
474,09:58:57,2.76,-0.01,598,165048,卖盘
475,09:59:00,2.76,0.0,10,2760,买盘
476,09:59:04,2.76,0.0,194,53544,买盘
477,09:59:18,2.76,0.0,351,96536,买盘
478,09:59:24,2.75,-0.01,237,65175,卖盘
479,09:59:27,2.75,0.0,35,9625,买盘
480,09:59:34,2.75,0.0,72,19800,买盘
481,09:59:36,2.74,-0.01,9,2466,卖盘
482,09:59:46,2.75,0.01,41,11275,买盘
483,09:59:48,2.75,0.0,8,2200,买盘
484,09:59:54,2.75,0.0,76,20900,买盘
485,09:59:57,2.75,0.0,68,18700,买盘
486,10:00:00,2.75,0.0,53,14575,买盘
487,10:00:04,2.74,-0.01,50,13730,卖盘
488,10:00:15,2.75,0.01,7,1925,买盘
489,10:00:27,2.75,0.0,50,13750,买盘
490,10:00:30,2.75,0.0,31,8525,买盘
491,10:00:37,2.74,-0.01,66,18120,卖盘
492,10:00:40,2.75,0.01,3,825,买盘
493,10:00:45,2.75,0.0,28,7700,买盘
494,10:00:54,2.75,0.0,29,7975,买盘
495,10:00:57,2.75,0.0,70,19250,买盘
496,10:01:00,2.75,0.0,212,58300,买盘
497,10:01:18,2.76,0.01,280,77280,买盘
498,10:01:22,2.75,-0.01,190,52250,卖盘
499,10:01:24,2.75,0.0,145,39875,卖盘
500,10:01:27,2.75,0.0,3,825,买盘
501,10:01:30,2.75,0.0,4,1100,买盘
502,10:01:33,2.75,0.0,50,13750,买盘
503,10:01:36,2.75,0.0,167,45925,买盘
504,10:01:45,2.75,0.0,10,2750,卖盘
505,10:01:48,2.75,0.0,58,15958,卖盘
506,10:02:12,2.75,0.0,40,11000,卖盘
507,10:02:15,2.75,0.0,20,5500,卖盘
508,10:02:24,2.75,0.0,390,107250,卖盘
509,10:02:33,2.76,0.01,1,276,买盘
510,10:02:39,2.76,0.0,16,4416,买盘
511,10:02:48,2.76,0.0,22,6072,买盘
512,10:02:51,2.75,-0.01,1,275,卖盘
513,10:02:54,2.76,0.01,1,276,买盘
514,10:03:09,2.75,-0.01,88,24200,卖盘
515,10:03:30,2.76,0.01,22,6072,买盘
516,10:03:33,2.76,0.0,182,50232,买盘
517,10:03:36,2.75,-0.01,30,8250,卖盘
518,10:03:43,2.75,0.0,80,22000,卖盘
519,10:03:48,2.76,0.01,19,5235,买盘
520,10:03:54,2.76,0.0,307,84732,买盘
521,10:04:00,2.75,-0.01,7,1925,卖盘
522,10:04:18,2.76,0.01,10,2760,买盘
523,10:04:21,2.75,-0.01,23,6325,卖盘
524,10:04:27,2.75,0.0,1,275,卖盘
525,10:04:36,2.76,0.01,50,13800,买盘
526,10:04:39,2.76,0.0,1,276,买盘
527,10:04:42,2.75,-0.01,24,6600,卖盘
528,10:04:55,2.76,0.01,5,1380,买盘
529,10:05:04,2.76,0.0,21,5796,买盘
530,10:05:12,2.75,-0.01,21,5776,卖盘
531,10:05:15,2.75,0.0,148,40846,卖盘
532,10:05:30,2.76,0.01,6,1656,买盘
533,10:05:39,2.76,0.0,38,10488,买盘
534,10:05:45,2.76,0.0,103,28428,买盘
535,10:05:51,2.75,-0.01,100,27550,卖盘
536,10:05:55,2.76,0.01,153,42118,买盘
537,10:05:57,2.76,0.0,61,16836,买盘
538,10:06:00,2.76,0.0,1,276,买盘
539,10:06:06,2.76,0.0,5,1380,买盘
540,10:06:09,2.76,0.0,33,9108,买盘
541,10:06:12,2.75,-0.01,1,275,卖盘
542,10:06:18,2.76,0.01,6,1656,买盘
543,10:06:24,2.76,0.0,47,12972,买盘
544,10:06:31,2.76,0.0,6,1656,买盘
545,10:06:54,2.75,-0.01,1650,453750,卖盘
546,10:07:00,2.75,0.0,14,3850,买盘
547,10:07:12,2.75,0.0,31,8525,买盘
548,10:07:15,2.75,0.0,123,33825,买盘
549,10:07:21,2.75,0.0,1,275,买盘
550,10:07:24,2.75,0.0,58,15950,买盘
551,10:07:27,2.75,0.0,100,27500,买盘
552,10:07:33,2.75,0.0,36,9900,买盘
553,10:07:36,2.75,0.0,100,27500,买盘
554,10:07:40,2.75,0.0,15,4125,买盘
555,10:07:46,2.75,0.0,45,12375,买盘
556,10:07:48,2.75,0.0,247,67925,买盘
557,10:07:51,2.75,0.0,93,25572,买盘
558,10:07:57,2.75,0.0,79,21725,买盘
559,10:08:06,2.74,-0.01,50,13700,卖盘
560,10:08:09,2.75,0.01,5,1375,买盘
561,10:08:27,2.75,0.0,14,3850,买盘
562,10:08:36,2.74,-0.01,17,4658,卖盘
563,10:08:45,2.74,0.0,3,822,卖盘
564,10:08:51,2.74,0.0,50,13700,卖盘
565,10:08:57,2.74,0.0,2245,615130,卖盘
566,10:09:00,2.74,0.0,1,274,卖盘
567,10:09:06,2.74,0.0,324,88776,卖盘
568,10:09:09,2.74,0.0,270,73980,卖盘
569,10:09:12,2.74,0.0,22,6028,买盘
570,10:09:15,2.74,0.0,200,54800,买盘
571,10:09:18,2.74,0.0,4,1096,买盘
572,10:09:28,2.74,0.0,18,4932,买盘
573,10:09:31,2.73,-0.01,365,99645,卖盘
574,10:09:57,2.74,0.01,61,16664,买盘
575,10:10:00,2.74,0.0,4,1096,买盘
576,10:10:09,2.74,0.0,5,1370,买盘
577,10:10:12,2.73,-0.01,910,248430,卖盘
578,10:10:27,2.74,0.01,111,30414,买盘
579,10:10:36,2.74,0.0,48,13152,买盘
580,10:10:39,2.74,0.0,198,54252,买盘
581,10:10:42,2.73,-0.01,250,68250,卖盘
582,10:10:45,2.74,0.01,8,2192,买盘
583,10:10:52,2.73,-0.01,30,8190,卖盘
584,10:11:00,2.74,0.01,175,47950,买盘
585,10:11:04,2.74,0.0,1,274,买盘
586,10:11:16,2.74,0.0,50,13700,买盘
587,10:11:21,2.74,0.0,5,1370,买盘
588,10:11:42,2.73,-0.01,30,8190,卖盘
589,10:11:48,2.74,0.01,2,548,买盘
590,10:12:01,2.74,0.0,50,13700,买盘
591,10:12:12,2.74,0.0,21,5754,买盘
592,10:12:27,2.74,0.0,50,13700,买盘
593,10:12:33,2.74,0.0,3,822,买盘
594,10:12:36,2.74,0.0,1,274,买盘
595,10:12:51,2.74,0.0,252,69048,买盘
596,10:12:54,2.74,0.0,10,2740,买盘
597,10:13:09,2.74,0.0,222,60828,买盘
598,10:13:15,2.74,0.0,60,16440,买盘
599,10:13:18,2.74,0.0,19,5206,买盘
600,10:13:21,2.74,0.0,6,1644,买盘
601,10:13:25,2.74,0.0,355,97270,买盘
602,10:13:27,2.74,0.0,20,5480,买盘
603,10:13:33,2.74,0.0,76,20824,买盘
604,10:13:39,2.74,0.0,30,8200,买盘
605,10:13:42,2.74,0.0,166,45484,买盘
606,10:13:45,2.74,0.0,10,2740,买盘
607,10:13:48,2.74,0.0,39,10686,买盘
608,10:13:54,2.74,0.0,151,41374,买盘
609,10:13:58,2.74,0.0,44,12056,买盘
610,10:14:01,2.74,0.0,24,6576,买盘
611,10:14:04,2.74,0.0,536,146864,买盘
612,10:14:06,2.74,0.0,4,1096,买盘
613,10:14:09,2.74,0.0,20,5480,卖盘
614,10:14:18,2.75,0.01,28,7700,买盘
615,10:14:42,2.75,0.0,31,8525,买盘
616,10:14:54,2.75,0.0,20,5500,买盘
617,10:15:04,2.75,0.0,1000,275000,买盘
618,10:15:13,2.75,0.0,18,4950,买盘
619,10:15:22,2.74,-0.01,150,41100,卖盘
620,10:15:27,2.74,0.0,5,1370,卖盘
621,10:15:30,2.75,0.01,1,275,买盘
622,10:15:36,2.75,0.0,425,116865,买盘
623,10:15:43,2.75,0.0,87,23925,买盘
624,10:15:49,2.75,0.0,204,56100,买盘
625,10:16:00,2.75,0.0,16,4400,买盘
626,10:16:03,2.75,0.0,3,825,买盘
627,10:16:07,2.75,0.0,2,550,买盘
628,10:16:46,2.75,0.0,2,550,买盘
629,10:16:51,2.75,0.0,18,4950,买盘
630,10:16:55,2.75,0.0,13,3575,买盘
631,10:17:09,2.74,-0.01,441,120834,卖盘
632,10:17:18,2.74,0.0,109,29889,卖盘
633,10:17:24,2.74,0.0,39,10686,卖盘
634,10:17:48,2.74,0.0,6,1644,卖盘
635,10:18:01,2.74,0.0,183,50142,卖盘
636,10:18:18,2.73,-0.01,10,2730,卖盘
637,10:18:21,2.74,0.01,183,50142,买盘
638,10:18:27,2.74,0.0,6,1644,买盘
639,10:18:30,2.74,0.0,80,21885,买盘
640,10:18:33,2.74,0.0,76,20823,买盘
641,10:18:40,2.74,0.0,30,8220,买盘
642,10:18:48,2.73,-0.01,1,273,卖盘
643,10:18:55,2.74,0.01,248,67952,买盘
644,10:19:04,2.74,0.0,204,55896,卖盘
645,10:19:09,2.73,-0.01,50,13650,卖盘
646,10:19:48,2.74,0.01,19,5206,买盘
647,10:19:54,2.74,0.0,42,11488,买盘
648,10:19:57,2.74,0.0,30,8220,买盘
649,10:20:00,2.74,0.0,100,27400,买盘
650,10:20:03,2.74,0.0,8,2192,买盘
651,10:20:12,2.74,0.0,202,55348,买盘
652,10:20:18,2.74,0.0,11,3014,买盘
653,10:20:27,2.74,0.0,67,18358,卖盘
654,10:20:33,2.74,0.0,780,213920,卖盘
655,10:20:36,2.74,0.0,203,55622,卖盘
656,10:20:51,2.73,-0.01,36,9849,卖盘
657,10:21:03,2.74,0.01,100,27400,买盘
658,10:21:06,2.74,0.0,10,2740,买盘
659,10:21:09,2.73,-0.01,3,819,卖盘
660,10:21:30,2.74,0.01,182,49868,买盘
661,10:21:43,2.74,0.0,3,822,买盘
662,10:21:57,2.74,0.0,55,15046,买盘
663,10:22:06,2.74,0.0,15,4110,买盘
664,10:22:15,2.74,0.0,28,7672,买盘
665,10:22:33,2.73,-0.01,60,16380,卖盘
666,10:22:40,2.74,0.01,20,5480,买盘
667,10:22:51,2.74,0.0,50,13700,买盘
668,10:22:54,2.74,0.0,46,12604,买盘
669,10:23:00,2.74,0.0,113,30962,买盘
670,10:23:16,2.74,0.0,5,1370,买盘
671,10:23:21,2.74,0.0,202,55348,买盘
672,10:23:27,2.74,0.0,4,1096,买盘
673,10:23:30,2.74,0.0,50,13700,买盘
674,10:23:39,2.74,0.0,100,27400,买盘
675,10:23:42,2.74,0.0,3,822,买盘
676,10:23:49,2.74,0.0,136,37264,买盘
677,10:23:51,2.74,0.0,15,4110,买盘
678,10:23:55,2.74,0.0,53,14522,买盘
679,10:24:01,2.74,0.0,15,4110,买盘
680,10:24:06,2.74,0.0,287,78638,买盘
681,10:24:24,2.75,0.01,27,7425,买盘
682,10:24:30,2.75,0.0,142,39050,买盘
683,10:24:40,2.74,-0.01,380,104120,卖盘
684,10:24:45,2.75,0.01,52,14300,买盘
685,10:24:51,2.74,-0.01,101,27774,卖盘
686,10:24:57,2.75,0.01,10,2750,买盘
687,10:25:12,2.75,0.0,200,55000,买盘
688,10:25:21,2.75,0.0,14,3850,买盘
689,10:25:33,2.75,0.0,923,253825,买盘
690,10:25:58,2.75,0.0,50,13750,买盘
691,10:26:01,2.75,0.0,1009,277475,买盘
692,10:26:18,2.75,0.0,131,36065,卖盘
693,10:26:27,2.75,0.0,10,2750,买盘
694,10:26:30,2.75,0.0,20,5500,买盘
695,10:26:33,2.75,0.0,73,20075,买盘
696,10:26:36,2.75,0.0,58,15950,买盘
697,10:26:39,2.75,0.0,15,4125,卖盘
698,10:26:45,2.75,0.0,485,133375,买盘
699,10:26:48,2.75,0.0,135,37125,卖盘
700,10:26:57,2.75,0.0,106,29150,买盘
701,10:27:00,2.75,0.0,20,5500,买盘
702,10:27:06,2.75,0.0,85,23375,买盘
703,10:27:12,2.75,0.0,50,13750,买盘
704,10:27:18,2.75,0.0,20,5500,买盘
705,10:27:28,2.74,-0.01,80,21970,卖盘
706,10:27:30,2.75,0.01,1,275,买盘
707,10:27:45,2.74,-0.01,2,548,卖盘
708,10:27:54,2.75,0.01,2,550,买盘
709,10:28:06,2.75,0.0,10,2748,买盘
710,10:28:09,2.75,0.0,4,1100,买盘
711,10:28:22,2.75,0.0,8,2200,买盘
712,10:28:33,2.75,0.0,8,2200,买盘
713,10:29:24,2.75,0.0,11,3025,买盘
714,10:29:30,2.75,0.0,332,91300,买盘
715,10:29:36,2.75,0.0,20,5500,买盘
716,10:29:42,2.74,-0.01,211,57844,卖盘
717,10:29:51,2.75,0.01,8,2200,买盘
718,10:29:55,2.75,0.0,2,550,买盘
719,10:30:19,2.75,0.0,11,3025,买盘
720,10:30:21,2.75,0.0,5,1375,买盘
721,10:30:24,2.75,0.0,7,1925,买盘
722,10:30:54,2.74,-0.01,200,54800,卖盘
723,10:31:12,2.75,0.01,69,18975,买盘
724,10:31:21,2.75,0.0,1,275,买盘
725,10:31:39,2.75,0.0,8,2200,买盘
726,10:31:42,2.75,0.0,2,550,买盘
727,10:31:54,2.75,0.0,13,3575,买盘
728,10:32:00,2.75,0.0,20,5500,买盘
729,10:32:04,2.75,0.0,15,4125,买盘
730,10:32:24,2.75,0.0,7,1925,买盘
731,10:32:36,2.75,0.0,21,5775,买盘
732,10:32:39,2.75,0.0,50,13750,买盘
733,10:32:49,2.75,0.0,26,7150,买盘
734,10:32:51,2.75,0.0,13,3575,买盘
735,10:32:55,2.75,0.0,60,16500,买盘
736,10:33:15,2.75,0.0,1,275,买盘
737,10:33:24,2.75,0.0,6,1650,买盘
738,10:33:33,2.75,0.0,124,34100,买盘
739,10:33:37,2.75,0.0,175,48125,买盘
740,10:33:54,2.75,0.0,4,1100,买盘
741,10:34:09,2.74,-0.01,200,54800,卖盘
742,10:34:12,2.75,0.01,50,13750,买盘
743,10:34:25,2.75,0.0,50,13750,买盘
744,10:34:27,2.75,0.0,27,7425,买盘
745,10:34:30,2.75,0.0,345,94875,买盘
746,10:34:36,2.75,0.0,6,1650,买盘
747,10:34:45,2.75,0.0,50,13750,买盘
748,10:34:48,2.74,-0.01,1,274,卖盘
749,10:34:51,2.75,0.01,31,8525,买盘
750,10:35:00,2.75,0.0,10,2750,卖盘
751,10:35:09,2.75,0.0,114,31350,卖盘
752,10:35:16,2.75,0.0,10,2750,买盘
753,10:35:30,2.75,0.0,52,14300,买盘
754,10:35:36,2.75,0.0,24,6600,买盘
755,10:35:43,2.75,0.0,76,20900,卖盘
756,10:35:52,2.75,0.0,53,14527,买盘
757,10:36:18,2.75,0.0,10,2750,买盘
758,10:36:36,2.75,0.0,10,2750,买盘
759,10:36:45,2.75,0.0,109,29975,买盘
760,10:37:00,2.75,0.0,100,27500,卖盘
761,10:37:06,2.75,0.0,800,220000,卖盘
762,10:37:18,2.75,0.0,334,91850,卖盘
763,10:37:37,2.74,-0.01,1,274,卖盘
764,10:37:45,2.74,0.0,1,274,卖盘
765,10:37:57,2.74,0.0,4,1096,卖盘
766,10:38:06,2.74,0.0,14,3836,卖盘
767,10:38:12,2.74,0.0,170,46580,卖盘
768,10:38:18,2.75,0.01,5,1375,买盘
769,10:38:21,2.74,-0.01,10,2740,卖盘
770,10:38:30,2.74,0.0,1,274,卖盘
771,10:38:51,2.75,0.01,6,1650,买盘
772,10:39:04,2.74,-0.01,10,2740,卖盘
773,10:39:18,2.74,0.0,100,27400,卖盘
774,10:39:25,2.74,0.0,1,274,卖盘
775,10:40:09,2.74,0.0,3,822,卖盘
776,10:40:18,2.75,0.01,4,1100,买盘
777,10:40:24,2.75,0.0,15,4125,买盘
778,10:40:57,2.74,-0.01,1225,335650,卖盘
779,10:41:00,2.74,0.0,5,1370,买盘
780,10:41:18,2.74,0.0,1503,411822,买盘
781,10:41:33,2.73,-0.01,39,10647,卖盘
782,10:41:36,2.74,0.01,66,18084,买盘
783,10:41:39,2.74,0.0,100,27400,买盘
784,10:41:42,2.73,-0.01,1000,273000,卖盘
785,10:41:45,2.74,0.01,13,3562,买盘
786,10:41:49,2.74,0.0,8,2190,买盘
787,10:41:51,2.74,0.0,9,2466,买盘
788,10:42:00,2.74,0.0,1,274,买盘
789,10:42:15,2.73,-0.01,19,5187,卖盘
790,10:42:27,2.74,0.01,14,3836,买盘
791,10:42:30,2.73,-0.01,27,7371,卖盘
792,10:42:33,2.74,0.01,30,8220,买盘
793,10:42:42,2.74,0.0,30,8220,买盘
794,10:43:09,2.74,0.0,1,274,买盘
795,10:43:12,2.74,0.0,11,3014,买盘
796,10:43:15,2.74,0.0,5,1370,买盘
797,10:43:18,2.74,0.0,1,274,买盘
798,10:43:39,2.73,-0.01,100,27300,卖盘
799,10:43:57,2.74,0.01,323,88278,买盘
800,10:44:42,2.74,0.0,35,9590,买盘
801,10:44:54,2.73,-0.01,10,2730,卖盘
802,10:44:57,2.73,0.0,1000,273000,卖盘
803,10:45:00,2.73,0.0,759,207207,卖盘
804,10:45:04,2.73,0.0,619,168987,卖盘
805,10:45:37,2.73,0.0,12,3276,买盘
806,10:45:42,2.73,0.0,52,14196,卖盘
807,10:45:48,2.73,0.0,4,1092,买盘
808,10:45:54,2.73,0.0,10,2730,买盘
809,10:46:00,2.73,0.0,84,22897,买盘
810,10:46:06,2.73,0.0,29,7917,买盘
811,10:46:09,2.73,0.0,2,546,买盘
812,10:46:19,2.73,0.0,30,8190,买盘
813,10:46:28,2.73,0.0,35,9555,买盘
814,10:46:39,2.73,0.0,1,273,买盘
815,10:46:45,2.72,-0.01,75,20424,卖盘
816,10:46:49,2.72,0.0,20,5440,卖盘
817,10:47:06,2.73,0.01,12,3276,买盘
818,10:47:13,2.73,0.0,10,2730,买盘
819,10:47:34,2.73,0.0,20,5460,买盘
820,10:47:39,2.73,0.0,42,11426,买盘
821,10:47:42,2.73,0.0,26,7098,买盘
822,10:47:57,2.72,-0.01,3398,924256,卖盘
823,10:48:01,2.73,0.01,379,103467,买盘
824,10:48:09,2.73,0.0,50,13650,卖盘
825,10:48:12,2.73,0.0,20,5460,卖盘
826,10:48:15,2.73,0.0,42,11466,卖盘
827,10:48:19,2.73,0.0,99,27027,卖盘
828,10:48:27,2.73,0.0,6,1638,买盘
829,10:48:36,2.73,0.0,30,8190,买盘
830,10:48:51,2.73,0.0,60,16380,买盘
831,10:48:57,2.73,0.0,3,819,买盘
832,10:49:15,2.73,0.0,82,22386,买盘
833,10:49:33,2.73,0.0,200,54600,买盘
834,10:49:36,2.73,0.0,73,19866,买盘
835,10:49:45,2.73,0.0,14,3822,买盘
836,10:49:57,2.73,0.0,2,546,买盘
837,10:50:06,2.73,0.0,108,29484,买盘
838,10:50:09,2.73,0.0,73,19929,买盘
839,10:50:18,2.73,0.0,1,273,买盘
840,10:50:30,2.73,0.0,1,273,中性盘
841,10:50:36,2.73,0.0,7,1911,买盘
842,10:50:39,2.73,0.0,10,2730,买盘
843,10:50:48,2.73,0.0,141,38493,买盘
844,10:51:00,2.73,0.0,2,546,卖盘
845,10:51:09,2.73,0.0,41,11193,卖盘
846,10:51:13,2.73,0.0,39,10647,买盘
847,10:51:33,2.73,0.0,10,2730,卖盘
848,10:51:43,2.73,0.0,10,2730,卖盘
849,10:51:48,2.72,-0.01,2,544,卖盘
850,10:51:57,2.72,0.0,460,125131,卖盘
851,10:52:00,2.72,0.0,50,13610,卖盘
852,10:52:12,2.72,0.0,70,19040,卖盘
853,10:52:18,2.73,0.01,10,2730,买盘
854,10:52:33,2.72,-0.01,188,51136,卖盘
855,10:52:36,2.72,0.0,15,4080,卖盘
856,10:52:42,2.73,0.01,24,6552,买盘
857,10:52:51,2.72,-0.01,623,169456,卖盘
858,10:52:57,2.72,0.0,96,26112,买盘
859,10:53:01,2.72,0.0,14,3808,卖盘
860,10:53:06,2.71,-0.01,100,27100,卖盘
861,10:53:12,2.72,0.01,20,5440,买盘
862,10:53:18,2.72,0.0,935,253390,买盘
863,10:53:24,2.71,-0.01,577,156367,卖盘
864,10:53:27,2.71,0.0,20,5420,卖盘
865,10:53:30,2.71,0.0,2755,746605,卖盘
866,10:53:33,2.71,0.0,639,173169,卖盘
867,10:53:37,2.71,0.0,20,5420,买盘
868,10:53:40,2.7,-0.01,20,5413,卖盘
869,10:53:45,2.71,0.01,16,4336,买盘
870,10:53:48,2.7,-0.01,9,2430,卖盘
871,10:53:51,2.71,0.01,190,51310,买盘
872,10:53:54,2.71,0.0,84,22764,买盘
873,10:53:57,2.7,-0.01,139,37530,卖盘
874,10:54:00,2.71,0.01,182,49322,买盘
875,10:54:06,2.71,0.0,25,6775,卖盘
876,10:54:16,2.71,0.0,100,27100,卖盘
877,10:54:19,2.72,0.01,281,76251,买盘
878,10:54:30,2.71,-0.01,10,2710,卖盘
879,10:54:39,2.72,0.01,50,13600,买盘
880,10:54:42,2.72,0.0,2,544,买盘
881,10:54:48,2.72,0.0,20,5440,买盘
882,10:54:51,2.72,0.0,200,54400,买盘
883,10:54:54,2.72,0.0,416,113152,买盘
884,10:55:00,2.72,0.0,30,8160,买盘
885,10:55:06,2.72,0.0,32,8704,买盘
886,10:55:09,2.72,0.0,29,7888,买盘
887,10:55:12,2.72,0.0,17,4624,买盘
888,10:55:15,2.71,-0.01,32,8674,卖盘
889,10:55:21,2.72,0.01,183,49776,买盘
890,10:55:25,2.72,0.0,65,17680,买盘
891,10:55:30,2.72,0.0,39,10608,买盘
892,10:55:33,2.72,0.0,96,26112,买盘
893,10:55:36,2.72,0.0,255,69310,买盘
894,10:55:39,2.72,0.0,10,2720,买盘
895,10:55:42,2.72,0.0,108,29376,买盘
896,10:55:45,2.72,0.0,29,7888,买盘
897,10:56:04,2.72,0.0,70,19040,买盘
898,10:56:09,2.71,-0.01,331,90001,卖盘
899,10:56:16,2.72,0.01,655,178160,买盘
900,10:56:24,2.72,0.0,398,108256,卖盘
901,10:56:27,2.72,0.0,20,5440,买盘
902,10:56:33,2.72,0.0,203,55216,买盘
903,10:56:36,2.72,0.0,12,3264,买盘
904,10:56:42,2.72,0.0,38,10336,卖盘
905,10:56:48,2.72,0.0,63,17136,卖盘
906,10:56:55,2.72,0.0,50,13600,卖盘
907,10:57:37,2.73,0.01,1800,491400,买盘
908,10:58:12,2.73,0.0,100,27300,买盘
909,10:58:15,2.73,0.0,1,273,买盘
910,10:58:33,2.73,0.0,18,4914,买盘
911,10:58:43,2.73,0.0,5,1365,买盘
912,10:59:00,2.73,0.0,36,9828,买盘
913,10:59:15,2.74,0.01,772,211528,买盘
914,10:59:18,2.74,0.0,10,2740,卖盘
915,10:59:24,2.75,0.01,30,8250,买盘
916,10:59:48,2.75,0.0,6,1650,买盘
917,10:59:52,2.74,-0.01,1000,274000,卖盘
918,10:59:57,2.75,0.01,10,2750,买盘
919,11:00:04,2.75,0.0,1265,347875,买盘
920,11:00:16,2.75,0.0,916,251925,卖盘
921,11:00:24,2.75,0.0,500,137500,卖盘
922,11:00:27,2.75,0.0,44,12100,卖盘
923,11:00:30,2.75,0.0,4,1100,买盘
924,11:00:45,2.75,0.0,3,825,买盘
925,11:00:48,2.75,0.0,35,9625,买盘
926,11:00:57,2.75,0.0,136,37400,买盘
927,11:01:24,2.74,-0.01,50,13700,卖盘
928,11:01:42,2.75,0.01,4,1100,买盘
929,11:01:45,2.74,-0.01,30,8220,卖盘
930,11:01:48,2.75,0.01,39,10725,买盘
931,11:01:54,2.74,-0.01,552,151248,卖盘
932,11:02:00,2.74,0.0,13,3562,买盘
933,11:02:09,2.74,0.0,100,27400,买盘
934,11:02:15,2.74,0.0,19,5206,买盘
935,11:02:57,2.74,0.0,126,34524,买盘
936,11:03:00,2.74,0.0,500,137000,买盘
937,11:03:09,2.74,0.0,594,162756,买盘
938,11:03:13,2.74,0.0,82,22468,买盘
939,11:03:27,2.74,0.0,6,1644,买盘
940,11:03:36,2.74,0.0,47,12878,买盘
941,11:03:42,2.74,0.0,7,1918,买盘
942,11:03:51,2.74,0.0,20,5480,买盘
943,11:03:57,2.74,0.0,20,5480,买盘
944,11:04:00,2.74,0.0,5,1370,买盘
945,11:04:06,2.75,0.01,269,73975,买盘
946,11:04:15,2.75,0.0,5,1375,买盘
947,11:04:36,2.75,0.0,1,275,买盘
948,11:04:45,2.75,0.0,60,16500,买盘
949,11:04:52,2.74,-0.01,17,4658,卖盘
950,11:04:55,2.75,0.01,200,55000,买盘
951,11:04:58,2.75,0.0,7,1925,买盘
952,11:05:01,2.75,0.0,57,15675,买盘
953,11:05:06,2.75,0.0,20,5500,买盘
954,11:05:10,2.75,0.0,11,3025,买盘
955,11:05:15,2.75,0.0,100,27500,买盘
956,11:05:24,2.75,0.0,18,4950,买盘
957,11:05:33,2.74,-0.01,1,274,卖盘
958,11:05:48,2.74,0.0,8,2192,卖盘
959,11:05:51,2.75,0.01,21,5775,买盘
960,11:05:58,2.75,0.0,154,42350,买盘
961,11:06:09,2.74,-0.01,2487,681438,卖盘
962,11:06:15,2.74,0.0,50,13700,买盘
963,11:06:57,2.74,0.0,100,27400,买盘
964,11:07:00,2.74,0.0,5,1370,买盘
965,11:07:07,2.74,0.0,627,171798,买盘
966,11:07:12,2.74,0.0,10,2740,卖盘
967,11:07:21,2.74,0.0,10,2740,卖盘
968,11:07:33,2.74,0.0,19,5206,卖盘
969,11:07:45,2.74,0.0,1,274,卖盘
970,11:08:36,2.74,0.0,82,22468,卖盘
971,11:08:49,2.74,0.0,2,548,买盘
972,11:09:09,2.74,0.0,10,2740,买盘
973,11:09:25,2.74,0.0,15,4110,买盘
974,11:09:31,2.73,-0.01,146,39858,卖盘
975,11:09:39,2.74,0.01,5,1370,买盘
976,11:09:54,2.73,-0.01,10,2730,卖盘
977,11:10:01,2.73,0.0,132,36036,卖盘
978,11:10:12,2.73,0.0,100,27300,卖盘
979,11:10:18,2.74,0.01,85,23290,买盘
980,11:10:51,2.74,0.0,50,13700,买盘
981,11:11:00,2.74,0.0,20,5480,买盘
982,11:11:06,2.73,-0.01,5,1365,卖盘
983,11:11:15,2.74,0.01,2200,602800,买盘
984,11:11:27,2.74,0.0,12,3288,买盘
985,11:11:30,2.75,0.01,170,46613,买盘
986,11:11:52,2.75,0.0,2,550,买盘
987,11:11:57,2.74,-0.01,12,3288,卖盘
988,11:12:06,2.75,0.01,20,5500,买盘
989,11:12:12,2.75,0.0,6,1650,买盘
990,11:12:24,2.74,-0.01,103,28222,卖盘
991,11:12:33,2.74,0.0,54,14796,买盘
992,11:12:36,2.74,0.0,4,1096,卖盘
993,11:12:51,2.74,0.0,76,20824,卖盘
994,11:13:04,2.74,0.0,3,822,买盘
995,11:13:24,2.74,0.0,5,1370,买盘
996,11:13:36,2.74,0.0,10,2740,卖盘
997,11:14:01,2.75,0.01,40,11000,买盘
998,11:14:18,2.75,0.0,21,5775,买盘
999,11:14:25,2.75,0.0,5,1375,买盘
1000,11:14:43,2.74,-0.01,1,274,卖盘
1001,11:14:55,2.74,0.0,9,2466,卖盘
1002,11:15:27,2.75,0.01,41,11275,买盘
1003,11:15:39,2.74,-0.01,10,2740,卖盘
1004,11:16:21,2.75,0.01,1245,342375,买盘
1005,11:16:48,2.74,-0.01,50,13700,卖盘
1006,11:16:57,2.75,0.01,1,275,买盘
1007,11:17:12,2.75,0.0,7,1925,买盘
1008,11:17:30,2.75,0.0,26,7150,买盘
1009,11:18:04,2.75,0.0,30,8250,买盘
1010,11:18:54,2.74,-0.01,228,62503,卖盘
1011,11:19:18,2.75,0.01,200,55000,买盘
1012,11:19:45,2.75,0.0,288,79200,买盘
1013,11:19:48,2.75,0.0,33,9075,买盘
1014,11:19:51,2.75,0.0,431,118525,买盘
1015,11:20:04,2.75,0.0,5,1375,买盘
1016,11:20:30,2.75,0.0,200,55000,买盘
1017,11:20:49,2.75,0.0,28,7700,买盘
1018,11:21:04,2.75,0.0,74,20350,买盘
1019,11:21:09,2.74,-0.01,204,55896,卖盘
1020,11:21:13,2.74,0.0,6,1644,卖盘
1021,11:21:15,2.75,0.01,32,8800,买盘
1022,11:21:24,2.75,0.0,48,13200,买盘
1023,11:21:36,2.74,-0.01,11,3014,卖盘
1024,11:21:48,2.74,0.0,10,2740,卖盘
1025,11:21:57,2.75,0.01,50,13750,买盘
1026,11:22:00,2.75,0.0,30,8250,买盘
1027,11:22:19,2.74,-0.01,20,5480,卖盘
1028,11:22:21,2.75,0.01,101,27775,买盘
1029,11:22:48,2.75,0.0,169,46475,买盘
1030,11:22:54,2.75,0.0,490,134750,买盘
1031,11:22:57,2.75,0.0,37,10175,买盘
1032,11:23:00,2.75,0.0,100,27500,买盘
1033,11:23:13,2.75,0.0,6,1650,买盘
1034,11:23:15,2.75,0.0,7,1925,买盘
1035,11:23:40,2.75,0.0,95,26125,卖盘
1036,11:23:48,2.75,0.0,56,15400,买盘
1037,11:23:51,2.75,0.0,2,550,买盘
1038,11:24:06,2.75,0.0,2,550,买盘
1039,11:24:09,2.74,-0.01,1,274,卖盘
1040,11:24:12,2.75,0.01,29,7975,买盘
1041,11:24:24,2.75,0.0,80,22000,买盘
1042,11:25:06,2.74,-0.01,100,27400,卖盘
1043,11:25:21,2.74,0.0,2,548,卖盘
1044,11:25:31,2.75,0.01,20,5500,买盘
1045,11:26:13,2.75,0.0,7,1925,买盘
1046,11:26:33,2.75,0.0,200,55000,买盘
1047,11:26:48,2.75,0.0,37,10175,买盘
1048,11:27:07,2.75,0.0,70,19250,买盘
1049,11:27:21,2.74,-0.01,19,5207,卖盘
1050,11:28:36,2.75,0.01,500,137500,买盘
1051,11:29:13,2.75,0.0,100,27500,买盘
1052,13:00:04,2.75,0.0,846,232634,买盘
1053,13:00:07,2.75,0.0,58,15950,卖盘
1054,13:00:45,2.75,0.0,465,127875,卖盘
1055,13:01:37,2.75,0.0,10,2750,买盘
1056,13:02:00,2.75,0.0,10,2750,买盘
1057,13:02:03,2.75,0.0,64,17600,买盘
1058,13:02:15,2.74,-0.01,10,2740,卖盘
1059,13:03:06,2.74,0.0,2,548,卖盘
1060,13:03:21,2.75,0.01,129,35475,买盘
1061,13:03:30,2.75,0.0,2,550,买盘
1062,13:04:18,2.74,-0.01,106,29128,卖盘
1063,13:04:21,2.75,0.01,2,550,买盘
1064,13:04:30,2.75,0.0,10,2742,买盘
1065,13:05:03,2.75,0.0,7,1925,买盘
1066,13:05:21,2.75,0.0,100,27500,买盘
1067,13:05:42,2.75,0.0,33,9075,买盘
1068,13:05:54,2.74,-0.01,29,7965,卖盘
1069,13:06:39,2.74,0.0,100,27400,卖盘
1070,13:06:45,2.74,0.0,100,27400,卖盘
1071,13:07:07,2.74,0.0,177,48498,卖盘
1072,13:07:24,2.74,0.0,30,8220,卖盘
1073,13:07:54,2.74,0.0,200,54800,卖盘
1074,13:08:36,2.74,0.0,6,1644,卖盘
1075,13:08:48,2.74,0.0,534,146316,卖盘
1076,13:08:54,2.74,0.0,20,5480,卖盘
1077,13:09:18,2.74,0.0,1,274,卖盘
1078,13:09:21,2.74,0.0,65,17810,卖盘
1079,13:10:03,2.73,-0.01,16,4368,卖盘
1080,13:11:24,2.73,0.0,103,28119,卖盘
1081,13:11:30,2.74,0.01,79,21646,买盘
1082,13:11:49,2.74,0.0,100,27400,买盘
1083,13:13:12,2.73,-0.01,1580,431340,卖盘
1084,13:13:19,2.73,0.0,17,4641,卖盘
1085,13:13:24,2.73,0.0,18,4914,卖盘
1086,13:13:30,2.73,0.0,15,4095,卖盘
1087,13:13:36,2.73,0.0,49,13377,卖盘
1088,13:13:48,2.73,0.0,36,9828,卖盘
1089,13:14:45,2.72,-0.01,101,27572,卖盘
1090,13:15:15,2.72,0.0,20,5440,卖盘
1091,13:15:48,2.72,0.0,20,5440,卖盘
1092,13:16:57,2.73,0.01,3,819,买盘
1093,13:17:27,2.73,0.0,6,1638,卖盘
1094,13:17:31,2.74,0.01,98,26852,买盘
1095,13:17:33,2.73,-0.01,20,5460,卖盘
1096,13:17:57,2.73,0.0,9,2457,卖盘
1097,13:18:06,2.73,0.0,180,49140,卖盘
1098,13:18:43,2.73,0.0,54,14742,卖盘
1099,13:18:55,2.73,0.0,398,108654,卖盘
1100,13:19:18,2.72,-0.01,5,1360,卖盘
1101,13:19:54,2.72,0.0,10,2720,卖盘
1102,13:20:00,2.72,0.0,10,2720,卖盘
1103,13:20:06,2.73,0.01,7,1911,买盘
1104,13:20:09,2.73,0.0,73,19929,买盘
1105,13:20:18,2.72,-0.01,11,2993,卖盘
1106,13:20:30,2.72,0.0,10,2720,卖盘
1107,13:20:45,2.72,0.0,2,544,卖盘
1108,13:21:18,2.72,0.0,3,816,卖盘
1109,13:21:40,2.72,0.0,10,2720,卖盘
1110,13:21:57,2.72,0.0,50,13600,卖盘
1111,13:22:15,2.73,0.01,21,5713,买盘
1112,13:22:52,2.73,0.0,5,1365,买盘
1113,13:23:15,2.72,-0.01,42,11424,卖盘
1114,13:23:18,2.73,0.01,1,273,买盘
1115,13:23:24,2.73,0.0,3,819,买盘
1116,13:23:30,2.73,0.0,100,27300,买盘
1117,13:23:52,2.73,0.0,100,27300,买盘
1118,13:24:37,2.73,0.0,100,27300,买盘
1119,13:24:42,2.73,0.0,1,273,买盘
1120,13:24:57,2.73,0.0,100,27300,买盘
1121,13:25:06,2.73,0.0,150,40950,买盘
1122,13:25:09,2.72,-0.01,33,8976,卖盘
1123,13:26:27,2.73,0.01,20,5460,买盘
1124,13:26:48,2.73,0.0,8,2184,买盘
1125,13:26:51,2.73,0.0,60,16380,买盘
1126,13:27:18,2.73,0.0,30,8190,买盘
1127,13:27:43,2.73,0.0,30,8190,买盘
1128,13:27:54,2.73,0.0,30,8190,买盘
1129,13:28:07,2.73,0.0,428,116844,买盘
1130,13:28:21,2.74,0.01,10,2740,买盘
1131,13:28:24,2.73,-0.01,1,273,卖盘
1132,13:28:45,2.74,0.01,2078,566298,买盘
1133,13:29:04,2.73,-0.01,1,273,卖盘
1134,13:29:18,2.73,0.0,1,273,卖盘
1135,13:29:42,2.73,0.0,7,1911,卖盘
1136,13:30:25,2.73,0.0,3,819,卖盘
1137,13:30:31,2.74,0.01,28,7672,买盘
1138,13:30:39,2.73,-0.01,6,1638,卖盘
1139,13:30:51,2.73,0.0,7,1911,卖盘
1140,13:31:00,2.74,0.01,5,1370,买盘
1141,13:31:33,2.73,-0.01,1,273,卖盘
1142,13:32:12,2.74,0.01,64,17536,买盘
1143,13:32:24,2.73,-0.01,1,273,卖盘
1144,13:32:30,2.74,0.01,18,4932,买盘
1145,13:32:43,2.74,0.0,7,1918,买盘
1146,13:32:57,2.74,0.0,195,53430,买盘
1147,13:33:06,2.74,0.0,3,822,买盘
1148,13:33:15,2.74,0.0,86,23564,买盘
1149,13:34:12,2.72,-0.02,676,184498,卖盘
1150,13:34:48,2.73,0.01,8,2184,买盘
1151,13:34:51,2.73,0.0,100,27300,买盘
1152,13:35:00,2.73,0.0,5,1365,买盘
1153,13:35:13,2.73,0.0,20,5460,买盘
1154,13:35:21,2.73,0.0,343,93639,买盘
1155,13:35:27,2.73,0.0,500,136500,买盘
1156,13:35:30,2.73,0.0,15,4095,买盘
1157,13:35:33,2.73,0.0,4,1092,卖盘
1158,13:35:42,2.73,0.0,29,7917,买盘
1159,13:35:48,2.73,0.0,500,136500,买盘
1160,13:36:00,2.73,0.0,10,2730,买盘
1161,13:36:21,2.73,0.0,5,1365,买盘
1162,13:36:30,2.73,0.0,19,5187,买盘
1163,13:37:00,2.73,0.0,11,3003,买盘
1164,13:37:18,2.73,0.0,5,1365,买盘
1165,13:37:27,2.73,0.0,1,273,买盘
1166,13:37:51,2.73,0.0,13,3549,买盘
1167,13:38:18,2.72,-0.01,2105,572560,卖盘
1168,13:38:33,2.72,0.0,10,2720,卖盘
1169,13:38:48,2.72,0.0,16,4352,卖盘
1170,13:38:54,2.72,0.0,586,159392,卖盘
1171,13:39:09,2.73,0.01,37,10101,买盘
1172,13:39:12,2.72,-0.01,10,2720,卖盘
1173,13:39:18,2.72,0.0,110,29920,卖盘
1174,13:39:24,2.72,0.0,90,24480,卖盘
1175,13:39:30,2.72,0.0,279,75888,卖盘
1176,13:39:48,2.72,0.0,40,10880,买盘
1177,13:40:00,2.72,0.0,83,22576,买盘
1178,13:40:04,2.72,0.0,97,26384,买盘
1179,13:40:24,2.71,-0.01,33,8943,卖盘
1180,13:40:30,2.72,0.01,2,544,买盘
1181,13:40:33,2.71,-0.01,486,131706,卖盘
1182,13:40:37,2.71,0.0,10,2710,卖盘
1183,13:40:46,2.71,0.0,3,813,卖盘
1184,13:40:48,2.71,0.0,30,8130,卖盘
1185,13:40:54,2.71,0.0,3236,876956,卖盘
1186,13:41:00,2.71,0.0,252,68292,卖盘
1187,13:41:03,2.7,-0.01,15,4060,卖盘
1188,13:41:16,2.71,0.01,13,3523,买盘
1189,13:41:18,2.7,-0.01,5608,1514182,卖盘
1190,13:41:21,2.69,-0.01,912,245661,卖盘
1191,13:41:27,2.7,0.01,51,13770,买盘
1192,13:41:30,2.69,-0.01,54,14526,卖盘
1193,13:41:33,2.7,0.01,5,1350,买盘
1194,13:41:36,2.7,0.0,134,36180,买盘
1195,13:41:42,2.7,0.0,62,16740,卖盘
1196,13:41:51,2.71,0.01,19,5149,买盘
1197,13:41:57,2.7,-0.01,25,6750,卖盘
1198,13:42:00,2.7,0.0,13,3510,卖盘
1199,13:42:04,2.7,0.0,5,1350,卖盘
1200,13:42:09,2.7,0.0,3,810,卖盘
1201,13:42:12,2.71,0.01,200,54200,买盘
1202,13:42:15,2.71,0.0,39,10569,买盘
1203,13:42:21,2.71,0.0,10,2710,买盘
1204,13:42:28,2.71,0.0,9,2431,买盘
1205,13:42:30,2.71,0.0,39,10569,买盘
1206,13:42:39,2.7,-0.01,22,5940,卖盘
1207,13:42:42,2.71,0.01,26,7046,买盘
1208,13:42:45,2.71,0.0,42,11382,买盘
1209,13:42:48,2.7,-0.01,26,7042,卖盘
1210,13:43:06,2.71,0.01,8,2168,买盘
1211,13:43:15,2.71,0.0,50,13550,买盘
1212,13:43:21,2.71,0.0,20,5420,买盘
1213,13:43:24,2.71,0.0,120,32520,买盘
1214,13:43:30,2.71,0.0,310,84010,买盘
1215,13:43:33,2.71,0.0,137,37127,买盘
1216,13:43:39,2.71,0.0,71,19241,买盘
1217,13:43:42,2.71,0.0,142,38482,买盘
1218,13:43:45,2.71,0.0,50,13550,买盘
1219,13:43:48,2.7,-0.01,71,19191,卖盘
1220,13:43:51,2.71,0.01,271,73441,买盘
1221,13:43:54,2.71,0.0,68,18428,买盘
1222,13:43:57,2.71,0.0,30,8130,买盘
1223,13:44:00,2.71,0.0,11,2981,买盘
1224,13:44:04,2.71,0.0,500,135500,买盘
1225,13:44:06,2.71,0.0,815,220865,买盘
1226,13:44:09,2.71,0.0,16,4336,买盘
1227,13:44:12,2.71,0.0,218,59078,买盘
1228,13:44:25,2.71,0.0,35,9485,卖盘
1229,13:44:30,2.71,0.0,20,5420,卖盘
1230,13:44:33,2.72,0.01,40,10880,买盘
1231,13:44:54,2.71,-0.01,100,27100,卖盘
1232,13:44:57,2.72,0.01,1,272,买盘
1233,13:45:01,2.72,0.0,1,272,买盘
1234,13:46:00,2.72,0.0,7,1904,买盘
1235,13:46:15,2.72,0.0,3,816,买盘
1236,13:46:30,2.71,-0.01,42,11382,卖盘
1237,13:46:54,2.71,0.0,5,1355,卖盘
1238,13:47:00,2.71,0.0,42,11382,卖盘
1239,13:47:42,2.72,0.01,14,3808,买盘
1240,13:47:54,2.72,0.0,65,17680,买盘
1241,13:48:00,2.71,-0.01,250,67750,卖盘
1242,13:48:09,2.72,0.01,25,6800,买盘
1243,13:48:33,2.72,0.0,11,2992,买盘
1244,13:48:39,2.72,0.0,53,14416,买盘
1245,13:48:43,2.71,-0.01,2,542,卖盘
1246,13:50:03,2.72,0.01,5,1360,买盘
1247,13:50:09,2.71,-0.01,1,271,卖盘
1248,13:50:16,2.72,0.01,1,272,买盘
1249,13:50:19,2.72,0.0,125,34000,买盘
1250,13:50:24,2.72,0.0,20,5440,买盘
1251,13:50:36,2.72,0.0,79,21488,买盘
1252,13:50:51,2.72,0.0,30,8160,买盘
1253,13:50:55,2.72,0.0,50,13600,买盘
1254,13:50:57,2.72,0.0,30,8160,买盘
1255,13:51:01,2.72,0.0,80,21760,买盘
1256,13:51:24,2.72,0.0,25,6800,买盘
1257,13:51:36,2.71,-0.01,90,24390,卖盘
1258,13:51:48,2.7,-0.01,4241,1147685,卖盘
1259,13:52:03,2.71,0.01,150,40690,卖盘
1260,13:52:06,2.72,0.01,138,37483,买盘
1261,13:52:09,2.72,0.0,23,6256,买盘
1262,13:52:24,2.72,0.0,47,12784,卖盘
1263,13:53:06,2.71,-0.01,24,6504,卖盘
1264,13:53:48,2.72,0.01,18,4896,买盘
1265,13:54:24,2.71,-0.01,8,2168,卖盘
1266,13:54:36,2.72,0.01,7,1904,买盘
1267,13:54:54,2.71,-0.01,20,5420,卖盘
1268,13:55:45,2.71,0.0,38,10298,卖盘
1269,13:55:54,2.72,0.01,2,544,买盘
1270,13:56:57,2.72,0.0,100,27200,买盘
1271,13:57:15,2.71,-0.01,9,2439,卖盘
1272,13:57:48,2.72,0.01,153,41616,买盘
1273,13:57:51,2.72,0.0,1,272,买盘
1274,13:58:06,2.72,0.0,7,1904,买盘
1275,13:58:12,2.72,0.0,14,3808,买盘
1276,13:59:30,2.72,0.0,92,24933,买盘
1277,13:59:33,2.72,0.0,3,816,买盘
1278,14:00:27,2.71,-0.01,4,1084,卖盘
1279,14:00:30,2.71,0.0,1507,408397,卖盘
1280,14:00:33,2.71,0.0,15,4065,买盘
1281,14:00:42,2.7,-0.01,80,21630,卖盘
1282,14:01:00,2.7,0.0,5,1350,卖盘
1283,14:01:07,2.71,0.01,480,130080,买盘
1284,14:01:12,2.71,0.0,8,2168,买盘
1285,14:01:15,2.71,0.0,20,5420,买盘
1286,14:01:24,2.71,0.0,52,14092,买盘
1287,14:01:28,2.71,0.0,120,32420,买盘
1288,14:01:54,2.71,0.0,10,2710,买盘
1289,14:02:04,2.71,0.0,36,9756,买盘
1290,14:02:09,2.71,0.0,20,5420,买盘
1291,14:02:33,2.71,0.0,5,1355,买盘
1292,14:02:45,2.7,-0.01,2076,560520,卖盘
1293,14:02:51,2.71,0.01,2,542,买盘
1294,14:02:54,2.7,-0.01,180,48600,卖盘
1295,14:03:12,2.7,0.0,9,2430,卖盘
1296,14:03:21,2.7,0.0,12,3240,卖盘
1297,14:03:27,2.7,0.0,13,3510,卖盘
1298,14:03:30,2.7,0.0,1,270,卖盘
1299,14:03:33,2.71,0.01,29,7856,买盘
1300,14:03:42,2.7,-0.01,1322,356940,卖盘
1301,14:03:57,2.69,-0.01,822,221140,卖盘
1302,14:04:12,2.69,0.0,18,4842,卖盘
1303,14:04:15,2.69,0.0,3,807,卖盘
1304,14:04:22,2.69,0.0,692,186149,卖盘
1305,14:04:28,2.7,0.01,15,4050,买盘
1306,14:04:33,2.69,-0.01,3,807,卖盘
1307,14:04:39,2.7,0.01,110,29700,买盘
1308,14:04:48,2.7,0.0,45,12150,买盘
1309,14:04:51,2.7,0.0,7,1890,买盘
1310,14:05:04,2.69,-0.01,1,269,卖盘
1311,14:05:18,2.69,0.0,188,50572,卖盘
1312,14:05:30,2.69,0.0,100,26900,卖盘
1313,14:05:33,2.69,0.0,303,81507,卖盘
1314,14:05:51,2.69,0.0,42,11298,卖盘
1315,14:05:54,2.69,0.0,100,26900,卖盘
1316,14:06:00,2.7,0.01,80,21600,买盘
1317,14:06:04,2.69,-0.01,500,134500,卖盘
1318,14:06:09,2.69,0.0,13,3497,卖盘
1319,14:06:21,2.69,0.0,39,10491,卖盘
1320,14:06:42,2.69,0.0,360,96840,卖盘
1321,14:06:45,2.7,0.01,2,540,买盘
1322,14:06:48,2.69,-0.01,1670,449630,卖盘
1323,14:06:54,2.69,0.0,641,172529,卖盘
1324,14:06:57,2.7,0.01,10,2700,买盘
1325,14:07:00,2.69,-0.01,74,19906,卖盘
1326,14:07:06,2.7,0.01,50,13500,买盘
1327,14:07:27,2.7,0.0,34,9180,买盘
1328,14:07:33,2.7,0.0,9,2430,买盘
1329,14:07:36,2.7,0.0,101,27270,买盘
1330,14:07:39,2.7,0.0,5,1350,买盘
1331,14:07:42,2.7,0.0,72,19440,买盘
1332,14:07:45,2.7,0.0,11,2970,买盘
1333,14:07:48,2.7,0.0,4,1080,买盘
1334,14:07:51,2.7,0.0,48,12960,买盘
1335,14:07:54,2.7,0.0,50,13500,买盘
1336,14:07:58,2.7,0.0,90,24300,买盘
1337,14:08:00,2.7,0.0,50,13500,买盘
1338,14:08:10,2.7,0.0,1069,288630,买盘
1339,14:08:30,2.7,0.0,1,270,卖盘
1340,14:08:37,2.7,0.0,145,39229,卖盘
1341,14:08:42,2.71,0.01,276,74796,买盘
1342,14:08:51,2.72,0.01,50,13600,买盘
1343,14:08:57,2.71,-0.01,40,10840,卖盘
1344,14:09:15,2.71,0.0,70,18970,卖盘
1345,14:09:19,2.71,0.0,192,52032,买盘
1346,14:09:24,2.71,0.0,6,1626,买盘
1347,14:09:39,2.7,-0.01,163,44010,卖盘
1348,14:09:55,2.7,0.0,1198,323460,卖盘
1349,14:09:57,2.7,0.0,9,2430,买盘
1350,14:10:03,2.69,-0.01,168,45196,卖盘
1351,14:10:15,2.7,0.01,30,8100,中性盘
1352,14:10:21,2.69,-0.01,3,807,卖盘
1353,14:10:27,2.7,0.01,100,27000,买盘
1354,14:10:39,2.7,0.0,1,270,买盘
1355,14:10:45,2.7,0.0,65,17542,买盘
1356,14:10:51,2.7,0.0,215,58050,买盘
1357,14:10:54,2.7,0.0,100,27000,买盘
1358,14:10:57,2.7,0.0,48,12960,买盘
1359,14:11:00,2.7,0.0,16,4320,买盘
1360,14:11:33,2.7,0.0,40,10800,买盘
1361,14:11:36,2.7,0.0,40,10800,买盘
1362,14:11:42,2.7,0.0,14,3780,买盘
1363,14:11:48,2.71,0.01,323,87418,买盘
1364,14:12:00,2.71,0.0,204,55284,买盘
1365,14:12:04,2.7,-0.01,4,1080,卖盘
1366,14:12:09,2.7,0.0,30,8100,卖盘
1367,14:12:24,2.7,0.0,20,5400,卖盘
1368,14:12:39,2.71,0.01,50,13550,买盘
1369,14:12:46,2.71,0.0,80,21680,买盘
1370,14:13:42,2.7,-0.01,20,5400,卖盘
1371,14:14:00,2.71,0.01,22,5962,买盘
1372,14:14:06,2.71,0.0,58,15718,买盘
1373,14:14:10,2.7,-0.01,99,26730,卖盘
1374,14:14:12,2.71,0.01,21,5691,买盘
1375,14:14:24,2.7,-0.01,381,102870,卖盘
1376,14:14:39,2.71,0.01,23,6233,买盘
1377,14:14:51,2.7,-0.01,30,8100,卖盘
1378,14:15:01,2.71,0.01,50,13550,买盘
1379,14:15:12,2.7,-0.01,30,8100,卖盘
1380,14:15:36,2.71,0.01,221,59891,买盘
1381,14:15:42,2.7,-0.01,109,29440,卖盘
1382,14:15:52,2.71,0.01,84,22764,买盘
1383,14:16:06,2.71,0.0,18,4878,买盘
1384,14:16:16,2.71,0.0,101,27371,买盘
1385,14:16:21,2.71,0.0,8,2168,卖盘
1386,14:16:54,2.71,0.0,30,8130,卖盘
1387,14:16:57,2.72,0.01,20,5440,买盘
1388,14:17:00,2.71,-0.01,10,2710,卖盘
1389,14:17:15,2.71,0.0,10,2710,卖盘
1390,14:17:18,2.72,0.01,100,27200,买盘
1391,14:17:24,2.71,-0.01,34,9214,卖盘
1392,14:17:45,2.71,0.0,100,27100,卖盘
1393,14:18:03,2.72,0.01,5,1360,买盘
1394,14:18:06,2.72,0.0,21,5712,买盘
1395,14:18:10,2.71,-0.01,2,542,卖盘
1396,14:18:15,2.72,0.01,35,9520,买盘
1397,14:18:24,2.72,0.0,163,44336,买盘
1398,14:18:33,2.72,0.0,1,272,买盘
1399,14:19:09,2.72,0.0,17,4624,买盘
1400,14:19:18,2.72,0.0,83,22576,买盘
1401,14:19:33,2.72,0.0,48,13056,买盘
1402,14:19:51,2.72,0.0,26,7072,买盘
1403,14:19:54,2.72,0.0,2,544,买盘
1404,14:20:01,2.72,0.0,78,21216,买盘
1405,14:20:04,2.72,0.0,40,10880,买盘
1406,14:20:15,2.72,0.0,15,4080,买盘
1407,14:20:36,2.72,0.0,100,27200,买盘
1408,14:20:54,2.71,-0.01,1,271,卖盘
1409,14:21:19,2.72,0.01,65,17680,买盘
1410,14:21:21,2.72,0.0,10,2720,买盘
1411,14:21:57,2.71,-0.01,12,3252,卖盘
1412,14:22:21,2.72,0.01,53,14416,买盘
1413,14:22:54,2.72,0.0,410,111520,买盘
1414,14:23:06,2.72,0.0,38,10336,卖盘
1415,14:23:10,2.72,0.0,65,17693,卖盘
1416,14:23:22,2.72,0.0,3,816,买盘
1417,14:23:48,2.72,0.0,3,816,买盘
1418,14:24:00,2.72,0.0,100,27200,买盘
1419,14:24:06,2.71,-0.01,16,4336,卖盘
1420,14:24:12,2.72,0.01,50,13600,买盘
1421,14:24:27,2.71,-0.01,12,3252,卖盘
1422,14:24:34,2.71,0.0,1830,495930,卖盘
1423,14:24:42,2.71,0.0,10,2710,卖盘
1424,14:24:57,2.71,0.0,20,5420,卖盘
1425,14:25:04,2.71,0.0,86,23306,卖盘
1426,14:25:06,2.71,0.0,77,20867,卖盘
1427,14:25:15,2.71,0.0,50,13550,买盘
1428,14:25:24,2.7,-0.01,2,540,卖盘
1429,14:25:27,2.71,0.01,50,13550,买盘
1430,14:25:33,2.71,0.0,10,2710,买盘
1431,14:25:39,2.71,0.0,35,9485,买盘
1432,14:25:52,2.71,0.0,39,10569,买盘
1433,14:25:55,2.7,-0.01,759,204930,卖盘
1434,14:26:04,2.7,0.0,3,810,卖盘
1435,14:26:06,2.7,0.0,5,1350,卖盘
1436,14:26:36,2.7,0.0,7,1890,卖盘
1437,14:26:45,2.71,0.01,1,271,买盘
1438,14:26:51,2.7,-0.01,81,21875,卖盘
1439,14:26:55,2.71,0.01,50,13530,买盘
1440,14:27:06,2.7,-0.01,20,5400,卖盘
1441,14:27:09,2.7,0.0,102,27540,卖盘
1442,14:27:18,2.69,-0.01,1999,538984,卖盘
1443,14:27:30,2.7,0.01,28,7560,买盘
1444,14:27:36,2.7,0.0,613,165007,买盘
1445,14:27:39,2.7,0.0,15,4050,买盘
1446,14:27:42,2.69,-0.01,9,2421,卖盘
1447,14:27:45,2.69,0.0,28,7532,卖盘
1448,14:28:00,2.7,0.01,111,29970,买盘
1449,14:28:04,2.7,0.0,36,9720,买盘
1450,14:28:06,2.7,0.0,20,5400,买盘
1451,14:28:09,2.69,-0.01,7,1883,卖盘
1452,14:28:12,2.7,0.01,10,2700,买盘
1453,14:28:15,2.7,0.0,25,6750,买盘
1454,14:28:18,2.7,0.0,100,27000,买盘
1455,14:28:24,2.7,0.0,244,65880,买盘
1456,14:28:34,2.7,0.0,282,76165,卖盘
1457,14:28:39,2.7,0.0,40,10800,卖盘
1458,14:28:42,2.7,0.0,83,22420,卖盘
1459,14:28:48,2.7,0.0,163,44010,卖盘
1460,14:28:54,2.7,0.0,10,2700,买盘
1461,14:29:00,2.7,0.0,70,18900,买盘
1462,14:29:06,2.7,0.0,138,37260,买盘
1463,14:29:15,2.7,0.0,580,156600,买盘
1464,14:29:45,2.71,0.01,8,2168,买盘
1465,14:29:51,2.7,-0.01,28,7560,卖盘
1466,14:30:01,2.7,0.0,149,40230,卖盘
1467,14:30:24,2.7,0.0,1,270,卖盘
1468,14:30:36,2.7,0.0,26,7020,卖盘
1469,14:30:48,2.71,0.01,159,43089,买盘
1470,14:31:00,2.7,-0.01,81,21870,卖盘
1471,14:31:33,2.7,0.0,10,2700,卖盘
1472,14:31:45,2.71,0.01,82,22222,买盘
1473,14:32:03,2.7,-0.01,196,52920,卖盘
1474,14:32:15,2.71,0.01,10,2710,买盘
1475,14:32:33,2.71,0.0,6,1626,买盘
1476,14:33:04,2.71,0.0,66,17886,买盘
1477,14:33:07,2.7,-0.01,1,270,卖盘
1478,14:33:33,2.7,0.0,69,18630,卖盘
1479,14:33:36,2.71,0.01,2,542,买盘
1480,14:33:39,2.7,-0.01,300,81000,卖盘
1481,14:33:57,2.7,0.0,11,2970,卖盘
1482,14:34:39,2.71,0.01,2795,757443,买盘
1483,14:35:30,2.72,0.01,6,1632,买盘
1484,14:35:39,2.71,-0.01,2,542,卖盘
1485,14:35:48,2.72,0.01,37,10064,买盘
1486,14:35:58,2.72,0.0,380,103360,买盘
1487,14:36:06,2.72,0.0,41,11152,买盘
1488,14:36:12,2.72,0.0,510,138720,买盘
1489,14:36:36,2.73,0.01,1,273,买盘
1490,14:36:39,2.73,0.0,267,72891,买盘
1491,14:36:48,2.73,0.0,5,1365,买盘
1492,14:36:57,2.73,0.0,9,2457,买盘
1493,14:37:00,2.73,0.0,55,15015,买盘
1494,14:37:04,2.73,0.0,107,29211,买盘
1495,14:37:12,2.72,-0.01,200,54400,卖盘
1496,14:37:39,2.73,0.01,756,206388,买盘
1497,14:37:43,2.72,-0.01,274,74528,卖盘
1498,14:37:46,2.73,0.01,314,85722,买盘
1499,14:38:09,2.74,0.01,36,9864,买盘
1500,14:38:12,2.74,0.0,460,126039,买盘
1501,14:38:15,2.73,-0.01,1,273,卖盘
1502,14:38:18,2.74,0.01,320,87680,买盘
1503,14:38:24,2.74,0.0,440,120560,买盘
1504,14:38:36,2.74,0.0,100,27400,卖盘
1505,14:38:39,2.74,0.0,101,27764,卖盘
1506,14:38:42,2.75,0.01,400,110000,买盘
1507,14:38:46,2.75,0.0,73,20075,买盘
1508,14:38:49,2.75,0.0,24,6600,买盘
1509,14:38:52,2.75,0.0,28,7700,买盘
1510,14:38:54,2.75,0.0,209,57470,买盘
1511,14:38:58,2.75,0.0,4,1100,买盘
1512,14:39:04,2.75,0.0,1275,350625,买盘
1513,14:39:06,2.75,0.0,103,28295,买盘
1514,14:39:09,2.75,0.0,50,13750,买盘
1515,14:39:12,2.75,0.0,82,22550,买盘
1516,14:39:15,2.75,0.0,215,59125,买盘
1517,14:39:18,2.75,0.0,37,10175,买盘
1518,14:39:21,2.76,0.01,31,8556,买盘
1519,14:39:27,2.75,-0.01,46,12650,卖盘
1520,14:39:30,2.76,0.01,330,90890,买盘
1521,14:39:33,2.75,-0.01,65,17875,中性盘
1522,14:39:36,2.75,0.0,1,275,买盘
1523,14:39:39,2.75,0.0,18,4950,买盘
1524,14:39:42,2.75,0.0,19,5225,卖盘
1525,14:39:45,2.75,0.0,50,13750,卖盘
1526,14:39:48,2.75,0.0,208,57228,卖盘
1527,14:39:51,2.75,0.0,81,22276,买盘
1528,14:39:54,2.75,0.0,168,46301,卖盘
1529,14:40:01,2.75,0.0,163,44825,买盘
1530,14:40:04,2.75,0.0,97,26675,卖盘
1531,14:40:09,2.75,0.0,13,3575,买盘
1532,14:40:12,2.75,0.0,17,4675,买盘
1533,14:40:15,2.75,0.0,125,34375,买盘
1534,14:40:21,2.74,-0.01,2,548,卖盘
1535,14:40:24,2.75,0.01,436,119900,买盘
1536,14:40:33,2.75,0.0,35,9617,买盘
1537,14:40:54,2.74,-0.01,435,119190,卖盘
1538,14:40:57,2.74,0.0,10,2740,买盘
1539,14:41:00,2.74,0.0,2,548,买盘
1540,14:41:04,2.74,0.0,17,4658,买盘
1541,14:41:06,2.74,0.0,22,6028,买盘
1542,14:41:12,2.73,-0.01,87,23751,卖盘
1543,14:41:18,2.73,0.0,100,27300,买盘
1544,14:41:21,2.73,0.0,10,2730,买盘
1545,14:41:24,2.73,0.0,9,2457,买盘
1546,14:41:27,2.73,0.0,100,27300,买盘
1547,14:41:31,2.73,0.0,34,9282,买盘
1548,14:41:33,2.73,0.0,20,5460,买盘
1549,14:41:36,2.73,0.0,45,12285,买盘
1550,14:41:39,2.73,0.0,15,4095,买盘
1551,14:41:48,2.74,0.01,28,7672,买盘
1552,14:41:54,2.73,-0.01,2,546,卖盘
1553,14:42:09,2.74,0.01,22,6028,买盘
1554,14:42:21,2.74,0.0,36,9864,买盘
1555,14:42:30,2.74,0.0,100,27400,买盘
1556,14:42:33,2.74,0.0,29,7946,买盘
1557,14:42:36,2.74,0.0,19,5206,买盘
1558,14:42:46,2.74,0.0,47,12878,买盘
1559,14:43:03,2.74,0.0,81,22194,买盘
1560,14:43:09,2.74,0.0,600,164400,买盘
1561,14:43:12,2.74,0.0,361,98914,买盘
1562,14:43:21,2.74,0.0,163,44662,卖盘
1563,14:43:27,2.74,0.0,67,18358,买盘
1564,14:43:30,2.74,0.0,20,5480,买盘
1565,14:43:33,2.74,0.0,11,3014,买盘
1566,14:43:36,2.74,0.0,41,11234,买盘
1567,14:44:04,2.73,-0.01,2,546,卖盘
1568,14:44:21,2.73,0.0,30,8190,卖盘
1569,14:44:24,2.74,0.01,100,27400,买盘
1570,14:44:42,2.74,0.0,566,155084,买盘
1571,14:44:57,2.74,0.0,18,4932,买盘
1572,14:45:07,2.74,0.0,17,4658,买盘
1573,14:45:09,2.74,0.0,13,3560,买盘
1574,14:45:12,2.74,0.0,40,10960,买盘
1575,14:45:18,2.73,-0.01,100,27300,卖盘
1576,14:45:33,2.74,0.01,7,1918,买盘
1577,14:45:42,2.74,0.0,300,82200,买盘
1578,14:45:57,2.74,0.0,133,36310,买盘
1579,14:46:06,2.74,0.0,103,28222,买盘
1580,14:46:10,2.74,0.0,632,173168,买盘
1581,14:46:21,2.74,0.0,40,10960,卖盘
1582,14:46:27,2.74,0.0,2,548,卖盘
1583,14:46:30,2.74,0.0,40,10960,卖盘
1584,14:46:54,2.75,0.01,63,17325,买盘
1585,14:46:57,2.75,0.0,66,18150,买盘
1586,14:47:00,2.74,-0.01,9,2466,卖盘
1587,14:47:18,2.74,0.0,56,15344,卖盘
1588,14:47:27,2.74,0.0,1330,364420,卖盘
1589,14:47:34,2.74,0.0,250,68500,买盘
1590,14:47:39,2.74,0.0,17,4658,买盘
1591,14:47:42,2.74,0.0,173,47402,买盘
1592,14:47:48,2.73,-0.01,987,270435,卖盘
1593,14:47:51,2.74,0.01,53,14522,买盘
1594,14:48:00,2.73,-0.01,1,273,卖盘
1595,14:48:18,2.74,0.01,1,274,买盘
1596,14:48:22,2.74,0.0,21,5754,买盘
1597,14:48:30,2.74,0.0,10,2740,买盘
1598,14:49:09,2.73,-0.01,2000,546000,卖盘
1599,14:49:24,2.73,0.0,20,5460,卖盘
1600,14:49:31,2.73,0.0,1,273,卖盘
1601,14:49:34,2.73,0.0,50,13650,卖盘
1602,14:49:39,2.73,0.0,700,191100,卖盘
1603,14:49:54,2.73,0.0,151,41223,卖盘
1604,14:50:00,2.73,0.0,2,546,买盘
1605,14:50:15,2.73,0.0,10,2730,买盘
1606,14:50:18,2.73,0.0,393,107289,买盘
1607,14:50:22,2.73,0.0,526,143598,卖盘
1608,14:50:27,2.73,0.0,20,5460,卖盘
1609,14:50:31,2.73,0.0,200,54600,卖盘
1610,14:50:39,2.73,0.0,20,5460,卖盘
1611,14:51:01,2.73,0.0,22,6006,卖盘
1612,14:51:06,2.73,0.0,1330,363090,卖盘
1613,14:51:13,2.73,0.0,78,21294,卖盘
1614,14:51:18,2.73,0.0,5,1365,卖盘
1615,14:51:36,2.73,0.0,91,24843,卖盘
1616,14:51:46,2.73,0.0,13,3549,卖盘
1617,14:51:51,2.73,0.0,510,139230,卖盘
1618,14:51:54,2.73,0.0,254,69352,卖盘
1619,14:51:57,2.72,-0.01,124,33728,卖盘
1620,14:52:00,2.73,0.01,33,9009,买盘
1621,14:52:36,2.73,0.0,479,130574,买盘
1622,14:52:39,2.73,0.0,1000,273000,买盘
1623,14:52:45,2.73,0.0,92,25116,买盘
1624,14:52:48,2.73,0.0,341,93093,买盘
1625,14:52:51,2.73,0.0,802,218959,卖盘
1626,14:52:57,2.73,0.0,23,6279,买盘
1627,14:53:18,2.73,0.0,10,2730,买盘
1628,14:53:25,2.72,-0.01,969,263568,卖盘
1629,14:53:27,2.73,0.01,116,31668,买盘
1630,14:53:33,2.73,0.0,50,13650,买盘
1631,14:53:36,2.73,0.0,18,4914,买盘
1632,14:53:39,2.74,0.01,73,19937,买盘
1633,14:53:42,2.73,-0.01,17,4641,卖盘
1634,14:53:45,2.73,0.0,48,13104,买盘
1635,14:53:54,2.73,0.0,25,6825,卖盘
1636,14:54:06,2.73,0.0,90,24570,卖盘
1637,14:54:09,2.73,0.0,56,15288,卖盘
1638,14:54:15,2.73,0.0,17,4641,卖盘
1639,14:54:18,2.73,0.0,13,3549,卖盘
1640,14:54:27,2.73,0.0,10,2730,买盘
1641,14:54:33,2.73,0.0,8,2184,买盘
1642,14:54:48,2.72,-0.01,298,81056,卖盘
1643,14:54:51,2.73,0.01,597,162981,买盘
1644,14:55:09,2.72,-0.01,14,3816,卖盘
1645,14:55:13,2.73,0.01,14,3822,买盘
1646,14:55:18,2.72,-0.01,5,1360,卖盘
1647,14:55:21,2.73,0.01,51,13922,买盘
1648,14:55:27,2.72,-0.01,499,135728,卖盘
1649,14:55:51,2.73,0.01,107,29211,买盘
1650,14:55:54,2.72,-0.01,10,2720,卖盘
1651,14:56:00,2.72,0.0,24,6528,卖盘
1652,14:56:09,2.73,0.01,1,273,买盘
1653,14:56:15,2.73,0.0,4,1092,买盘
1654,14:56:18,2.72,-0.01,230,62560,卖盘
1655,14:56:21,2.73,0.01,124,33852,买盘
1656,14:56:24,2.72,-0.01,692,188804,卖盘
1657,14:56:39,2.72,0.0,10,2720,卖盘
1658,14:56:42,2.72,0.0,42,11424,卖盘
1659,14:56:46,2.72,0.0,1,272,卖盘
1660,14:56:48,2.73,0.01,23,6266,买盘
1661,14:56:54,2.73,0.0,59,16107,买盘
1662,15:00:04,2.72,-0.01,2213,601936,卖盘
